condition,query_item_key,n_misses_in_condition,gold,top1,gold_rank,top1_same_parent,query_raw,query_text,gold_text,top1_text,gold_minus_query,query_minus_gold,top1_minus_gold,gold_minus_top1,thousands_dot_artefact,token_doubling,classification,note
single_unit_conversion,OEA010aaba_syn_63ef63e0788a,80,OEA010aaba,OEB190ababa,,False,"Canaleta PVC de 0.03x0.015 m con tapa.
Trabajo: Diurno.
Banda de mantenimiento: 3 <= i < 5 horas.
Condiciones de ejecución: Volumen relevante.",canaleta pvc de 0.03x0015 m con tapa trabajo diurno banda de mantenimiento 3 i 5 horas condiciones de ejecución volumen relevante param_dimensiones_0_03x0015_m param_trabajo_diurno param_banda_de_mantenimiento_3_le_i_lt_5_horas param_condiciones_de_ejecución_volumen_relevante,canaleta pvc de 30x15 mm con tapa. trabajo: diurno. banda de mantenimiento: 3 <= i < 5 horas. condiciones de ejecución: volumen relevante.,"zanja para tendido de cables de hasta 0.80 m de profundidad y 0.60 m de anchura máxima, ejecutada por excavación manual en terreno rocoso, incluso excavación con explosivos, y relleno compactado con material seleccionado procedente de la excavación, cama de arena de 20 cm de espesor, rejilla de plastico identificadora, carga, descarga y transporte al lugar asignado en el interior de la obra. trabajo: diurno banda de mantenimiento: 3 <= i < 5 horas condiciones de ejecución: volumen relevante",30x15 < <= diurno. ejecución: horas. mantenimiento: mm relevante. tapa. trabajo:,0.03x0015 diurno ejecución horas m mantenimiento param_banda_de_mantenimiento_3_le_i_lt_5_horas param_condiciones_de_ejecución_volumen_relevante param_dimensiones_0_03x0015_m param_trabajo_diurno relevante tapa trabajo,"0.60 0.80 20 al anchura arena asignado cables cama carga, cm compactado descarga diurno ejecutada el en espesor, excavación excavación, explosivos, hasta horas identificadora, incluso interior la lugar m manual material máxima, obra. para plastico por procedente profundidad rejilla relevante relleno rocoso, seleccionado tendido terreno transporte y zanja",30x15 canaleta diurno. horas. mm pvc relevante. tapa.,True,False,genuine rendering effect,"converted dimension tokenises to high-idf '0'/'m', matching decimal-metre concepts (OEB190/OEB200); gold out of top-100; thousands-dot artefact present, not causal: mangled and unmangled forms are both out of vocabulary for the gold"
single_unit_conversion,OEA010accb_syn_a4394b416171,80,OEA010accb,OEB190abecb,,False,"Canaleta PVC de 0.003x0.0015 m con tapa.
Trabajo: Cualquier franja horaria.
Banda de mantenimiento: i < 3 horas.
Condiciones de ejecución: Volumen escaso.",canaleta pvc de 0.003x0.0015 m con tapa trabajo cualquier franja horaria banda de mantenimiento i 3 horas condiciones de ejecución volumen escaso param_dimensiones_0_003x0_0015_m param_trabajo_cualquier_franja_horaria param_banda_de_mantenimiento_i_lt_3_horas param_condiciones_de_ejecución_volumen_escaso,canaleta pvc de 30x15 mm con tapa. trabajo: cualquier franja horaria. banda de mantenimiento: i < 3 horas. condiciones de ejecución: volumen escaso.,"zanja para tendido de cables de hasta 0.80 m de profundidad y 0.60 m de anchura máxima, ejecutada por excavación manual en terreno rocoso, incluso excavación con explosivos, y relleno compactado con material seleccionado procedente de la excavación, cama de arena de 20 cm de espesor, rejilla de plastico identificadora, carga, descarga y transporte al lugar asignado en el interior de la obra. trabajo: cualquier franja horaria banda de mantenimiento: i< 3 horas condiciones de ejecución: volumen escaso",30x15 < ejecución: escaso. horaria. horas. mantenimiento: mm tapa. trabajo:,0.003x0.0015 ejecución escaso horaria horas m mantenimiento param_banda_de_mantenimiento_i_lt_3_horas param_condiciones_de_ejecución_volumen_escaso param_dimensiones_0_003x0_0015_m param_trabajo_cualquier_franja_horaria tapa trabajo,"0.60 0.80 20 al anchura arena asignado cables cama carga, cm compactado descarga ejecutada el en escaso espesor, excavación excavación, explosivos, hasta horaria horas i< identificadora, incluso interior la lugar m manual material máxima, obra. para plastico por procedente profundidad rejilla relleno rocoso, seleccionado tendido terreno transporte y zanja",30x15 < canaleta escaso. horaria. horas. i mm pvc tapa.,False,False,genuine rendering effect,"converted dimension tokenises to high-idf '0'/'m', matching decimal-metre concepts (OEB190/OEB200); gold out of top-100"
single_unit_conversion,OEA010acdc_syn_7b061bff186b,80,OEA010acdc,OEB200abedc,,False,"Canaleta PVC de 0.03x0.015 m con tapa.
Trabajo: Cualquier franja horaria.
Banda de mantenimiento: No necesita intervalo.
Condiciones de ejecución: Cualquier condición de ejecución.",canaleta pvc de 0.03x0015 m con tapa trabajo cualquier franja horaria banda de mantenimiento no necesita intervalo condiciones de ejecución cualquier condición de ejecución param_dimensiones_0_03x0015_m param_trabajo_cualquier_franja_horaria param_banda_de_mantenimiento_no_necesita_intervalo param_condiciones_de_ejecución_cualquier_condición_de_ejecución,canaleta pvc de 30x15 mm con tapa. trabajo: cualquier franja horaria. banda de mantenimiento: no necesita intervalo. condiciones de ejecución: cualquier condición de ejecución.,"zanja para tendido de cables de hasta 0.80 m de profundidad y 0.60 m de anchura máxima, ejecutada por medios mecánicos en terreno rocoso, incluso excavación con explosivos, y relleno compactado con material seleccionado procedente de la excavación, cama de arena de 20 cm de espesor, rejilla de plastico identificadora, carga, descarga y transporte al lugar asignado en el interior de la obra. trabajo: cualquier franja horaria banda de mantenimiento: no necesita intervalo condiciones de ejecución: cualquier condición de ejecución",30x15 ejecución. ejecución: horaria. intervalo. mantenimiento: mm tapa. trabajo:,0.03x0015 ejecución horaria intervalo m mantenimiento param_banda_de_mantenimiento_no_necesita_intervalo param_condiciones_de_ejecución_cualquier_condición_de_ejecución param_dimensiones_0_03x0015_m param_trabajo_cualquier_franja_horaria tapa trabajo,"0.60 0.80 20 al anchura arena asignado cables cama carga, cm compactado descarga ejecución ejecutada el en espesor, excavación excavación, explosivos, hasta horaria identificadora, incluso interior intervalo la lugar m material mecánicos medios máxima, obra. para plastico por procedente profundidad rejilla relleno rocoso, seleccionado tendido terreno transporte y zanja",30x15 canaleta ejecución. horaria. intervalo. mm pvc tapa.,True,False,genuine rendering effect,"converted dimension tokenises to high-idf '0'/'m', matching decimal-metre concepts (OEB190/OEB200); gold out of top-100; thousands-dot artefact present, not causal: mangled and unmangled forms are both out of vocabulary for the gold"
single_unit_conversion,OEA060aaac_syn_433d05ed7660,80,OEA060aaac,OEA060abab,10.0,True,"Construcción de canaleta rectangular para cables en el interior del edificio técnico de 30 cm de anchura y una profundidad de 400 mm , incluida la apertura de la zanja con los medios adecuados, construcción de la canaleta de fábrica de ladrillos sobre solera de hormigón en masa, enlucido por dentro, angular galvanizado, y tapa de núcleo aglomerado de madera con marco galvanizado. Incluye el propio montaje, los desplazamientos, pequeño material, herramientas, maquinaria, medios auxiliares. Estará de acuerdo con las E.T. de ADIF, planos normalizados y especificaciones de proyecto.
Condiciones de ejecución: Cualquier condición de ejecución.",construcción de canaleta rectangular para cables en el interior del edificio técnico de 30 cm de anchura y una profundidad de 400 mm incluida la apertura de la zanja con los medios adecuados construcción de la canaleta de fábrica de ladrillos sobre solera de hormigón en masa enlucido por dentro angular galvanizado y tapa de núcleo aglomerado de madera con marco galvanizado incluye el propio montaje los desplazamientos pequeño material herramientas maquinaria medios auxiliares estará de acuerdo con las e t de adif planos normalizados y especificaciones de proyecto condiciones de ejecución cualquier condición de ejecución param_situación_interior_del_edificio_técnico param_anchura_30_cm param_profundidiad_400_mm param_condiciones_de_ejecución_cualquier_condición_de_ejecución,"construcción de canaleta rectangular para cables en el interior del edificio técnico de 300 mm de anchura y una profundidad de 400 mm , incluida la apertura de la zanja con los medios adecuados, construcción de la canaleta de fábrica de ladrillos sobre solera de hormigón en masa, enlucido por dentro, angular galvanizado, y tapa de núcleo aglomerado de madera con marco galvanizado. incluye el propio montaje, los desplazamientos, pequeño material, herramientas, maquinaria, medios auxiliares. estará de acuerdo con las e.t. de adif, planos normalizados y especificaciones de proyecto. condiciones de ejecución: cualquier condición de ejecución.","construcción de canaleta rectangular para cables en el interior del edificio técnico de 400 mm de anchura y una profundidad de 400 mm , incluida la apertura de la zanja con los medios adecuados, construcción de la canaleta de fábrica de ladrillos sobre solera de hormigón en masa, enlucido por dentro, angular galvanizado, y tapa de núcleo aglomerado de madera con marco galvanizado. incluye el propio montaje, los desplazamientos, pequeño material, herramientas, maquinaria, medios auxiliares. estará de acuerdo con las e.t. de adif, planos normalizados y especificaciones de proyecto. condiciones de ejecución: volumen escaso.",", 300 adecuados, adif, auxiliares. dentro, desplazamientos, e.t. ejecución. ejecución: galvanizado, galvanizado. herramientas, maquinaria, masa, material, montaje, proyecto.",30 adecuados adif auxiliares cm dentro desplazamientos e ejecución galvanizado herramientas maquinaria masa material montaje param_anchura_30_cm param_condiciones_de_ejecución_cualquier_condición_de_ejecución param_profundidiad_400_mm param_situación_interior_del_edificio_técnico proyecto t,escaso. volumen,300 condición cualquier ejecución.,False,False,genuine rendering effect,converted value no longer matches the sibling-separating literal; rank-1 is a sibling
single_unit_conversion,OEA060baab_syn_1e41d51e7362,80,OEA060baab,OEA060bbab,5.0,True,"Construcción de canaleta rectangular para cables en el exterior del edificio técnico de 0.3 m de anchura y una profundidad de 400 mm , incluida la apertura de la zanja con los medios adecuados, construcción de la canaleta de fábrica de ladrillos sobre solera de hormigón en masa, enlucido por dentro, angular galvanizado, y tapa de hormigón armado. Incluye el propio montaje, los desplazamientos, pequeño material, herramientas, maquinaria, medios auxiliares. Estará de acuerdo con las E.T. de ADIF, planos normalizados y especificaciones de proyecto.
Condiciones de ejecución: Volumen escaso.",construcción de canaleta rectangular para cables en el exterior del edificio técnico de 0.3 m de anchura y una profundidad de 400 mm incluida la apertura de la zanja con los medios adecuados construcción de la canaleta de fábrica de ladrillos sobre solera de hormigón en masa enlucido por dentro angular galvanizado y tapa de hormigón armado incluye el propio montaje los desplazamientos pequeño material herramientas maquinaria medios auxiliares estará de acuerdo con las e t de adif planos normalizados y especificaciones de proyecto condiciones de ejecución volumen escaso param_situación_exterior_del_edificio_técnico param_anchura_0_3_m param_profundidiad_400_mm param_condiciones_de_ejecución_volumen_escaso,"construcción de canaleta rectangular para cables en el exterior del edificio técnico de 300 mm de anchura y una profundidad de 400 mm , incluida la apertura de la zanja con los medios adecuados, construcción de la canaleta de fábrica de ladrillos sobre solera de hormigón en masa, enlucido por dentro, angular galvanizado, y tapa de hormigón armado. incluye el propio montaje, los desplazamientos, pequeño material, herramientas, maquinaria, medios auxiliares. estará de acuerdo con las e.t. de adif, planos normalizados y especificaciones de proyecto. condiciones de ejecución: volumen escaso.","construcción de canaleta rectangular para cables en el exterior del edificio técnico de 400 mm de anchura y una profundidad de 400 mm , incluida la apertura de la zanja con los medios adecuados, construcción de la canaleta de fábrica de ladrillos sobre solera de hormigón en masa, enlucido por dentro, angular galvanizado, y tapa de hormigón armado. incluye el propio montaje, los desplazamientos, pequeño material, herramientas, maquinaria, medios auxiliares. estará de acuerdo con las e.t. de adif, planos normalizados y especificaciones de proyecto. condiciones de ejecución: volumen escaso.",", 300 adecuados, adif, armado. auxiliares. dentro, desplazamientos, e.t. ejecución: escaso. galvanizado, herramientas, maquinaria, masa, material, montaje, proyecto.",0.3 adecuados adif armado auxiliares dentro desplazamientos e ejecución escaso galvanizado herramientas m maquinaria masa material montaje param_anchura_0_3_m param_condiciones_de_ejecución_volumen_escaso param_profundidiad_400_mm param_situación_exterior_del_edificio_técnico proyecto t,,300,False,False,genuine rendering effect,converted value no longer matches the sibling-separating literal; rank-1 is a sibling
single_unit_conversion,OEB020ceaaa_syn_0f3084a8be07,80,OEB020ceaaa,OED180acaaa,13.0,False,"Canalización hormigonada de 6 tubos de PVC de 110 mm de diámetro en andén, incluso la demolición y la reposición del pavimento y la solera, el relleno y el compactado de la zanja, el suministro y el montaje de los tubos y hormigón tipo HE-20 sin vibrar, la prueba de los conductos, el transporte y la retirada de los productos al lugar de empleo.
Trabajo: Diurno
Banda de mantenimiento: 5 horas o más
Condiciones de ejecución: Volumen relevante",canalización hormigonada de 6 tubos de pvc de 110 mm de diámetro en andén incluso la demolición y la reposición del pavimento y la solera el relleno y el compactado de la zanja el suministro y el montaje de los tubos y hormigón tipo he 20 sin vibrar la prueba de los conductos el transporte y la retirada de los productos al lugar de empleo trabajo diurno banda de mantenimiento 5 horas o más condiciones de ejecución volumen relevante param_n_tubos_6 param_tipo_de_terreno_andén param_trabajo_diurno param_banda_de_mantenimiento_5_horas_o_más param_condiciones_de_ejecución_volumen_relevante,"canalización hormigonada de 6 tubos de pvc de 110 mm de diámetro en andén, incluso la demolición y la reposición del pavimento y la solera, el relleno y el compactado de la zanja, el suministro y el montaje de los tubos y hormigón tipo he-20 sin vibrar, la prueba de los conductos, el transporte y la retirada de los productos al lugar de empleo. trabajo: diurno banda de mantenimiento: i >= 5 horas condiciones de ejecución: volumen relevante","cata previa de excavación de macizo de electrificación en terreno rocoso de profundidad más de 1.5 m, desde plataforma o vía, incluye el tapado de la misma si así lo determina la dirección de obra. totalmente terminada. tipo de terreno: más de 1.5 m. profundidad: diurno. banda de mantenimiento: i >= 5 horas. condiciones de ejecución: volumen relevante.",">= andén, conductos, ejecución: empleo. he-20 i mantenimiento: solera, trabajo: vibrar, zanja,",20 andén conductos ejecución empleo he mantenimiento más o param_banda_de_mantenimiento_5_horas_o_más param_condiciones_de_ejecución_volumen_relevante param_n_tubos_6 param_tipo_de_terreno_andén param_trabajo_diurno solera trabajo vibrar zanja,"1.5 así cata desde determina dirección diurno. electrificación excavación horas. incluye lo m, m. macizo misma más o obra. plataforma previa profundidad profundidad: relevante. rocoso si tapado terminada. terreno terreno: totalmente vía,","110 6 al andén, canalización compactado conductos, del demolición diurno diámetro empleo. he-20 horas hormigonada hormigón incluso los lugar mm montaje pavimento productos prueba pvc relevante relleno reposición retirada sin solera, suministro trabajo: transporte tubos vibrar, y zanja,",False,False,genuine rendering effect,conversion lands on the maintenance-band axis ('i >= 5 horas' -> '5 horas o más'); the band's param token and literal no longer match the family
single_unit_conversion,OEB020dceca_syn_74c3b4414803,80,OEB020dceca,OEC050ca,10.0,False,"Canalización hormigonada de 8 tubos de PVC de 110 mm de diámetro en terreno rocoso, incluso la demolición de roca dura, el relleno y el compactado de la zanja, el suministro y el montaje de los tubos y hormigón tipo HE-20 sin vibrar, la prueba de los conductos, el transporte y la retirada de los productos al lugar de empleo.
Trabajo: Cualquier franja horaria
Banda de mantenimiento: menos de 3 horas
Condiciones de ejecución: Volumen relevante",canalización hormigonada de 8 tubos de pvc de 110 mm de diámetro en terreno rocoso incluso la demolición de roca dura el relleno y el compactado de la zanja el suministro y el montaje de los tubos y hormigón tipo he 20 sin vibrar la prueba de los conductos el transporte y la retirada de los productos al lugar de empleo trabajo cualquier franja horaria banda de mantenimiento menos de 3 horas condiciones de ejecución volumen relevante param_n_tubos_8 param_tipo_de_terreno_rocoso param_trabajo_cualquier_franja_horaria param_banda_de_mantenimiento_menos_de_3_horas param_condiciones_de_ejecución_volumen_relevante,"canalización hormigonada de 8 tubos de pvc de 110 mm de diámetro en terreno rocoso, incluso la demolición de roca dura, el relleno y el compactado de la zanja, el suministro y el montaje de los tubos y hormigón tipo he-20 sin vibrar, la prueba de los conductos, el transporte y la retirada de los productos al lugar de empleo. trabajo: cualquier franja horaria banda de mantenimiento: i < 3 horas condiciones de ejecución: volumen relevante","suministro y montaje de cámara de empalme para línea eléctrica subterránea de doble circuito de 220 o 400 kv, de dimensiones exteriores 2.9 m de ancho x 2.65 m de alto y 12.06 m de longitud, y sección libre interior de 2.5 m ancho x 2.25 m alto. constituida por 6 módulos estándar prefabricados de hormigón armado de dimensiones 2.9 m de ancho x 2.65 m de alto y 2 m de largo, a instalar a 1.0 m de profundidad sobre solera de hormigón he-25, armada con mallazo electrosoldado 15x15x8 en acero b-500, de al menos 150 mm de espesor. dotada de boca de hombre de cota de paso 1180 x 760 mm cerrada mediante cerco y tapa de fundición y dotada de pates para el descenso hasta la cámara, hueco sumidero de 400 x 400 mm, dos bocas para tendido realizadas mediante tubo de pe de 250 mm de diámetro cerradas mediante marco y tapa de arqueta de fundición de diámetro de paso 600 mm, y puesta a tierra consistente en dos anillos, uno superior y otro inferior, de cable de cobre de 2 x 120 mm2 de sección. incluso excavación, preparación, compactación y nivelación de la superficie de asiento, rellenos posteriores y reposición del pavimento existente en su caso y conexión de los distintos tubos de la canalización con la cámara y posterior sellado de los mismos. incluido el propio suministro, el transporte, la carga y la descarga del material a pie de obra, la ejecución, los desplazamientos, pequeño material, herramientas, maquinaria y medios auxiliares. trabajo: cualquier franja horaria. condiciones de ejecución: volumen relevante.","< conductos, dura, ejecución: empleo. he-20 i mantenimiento: rocoso, trabajo: vibrar, zanja,",20 conductos dura ejecución empleo he mantenimiento menos param_banda_de_mantenimiento_menos_de_3_horas param_condiciones_de_ejecución_volumen_relevante param_n_tubos_8 param_tipo_de_terreno_rocoso param_trabajo_cualquier_franja_horaria rocoso trabajo vibrar zanja,"1.0 1180 12.06 120 150 15x15x8 2 2.25 2.5 2.65 2.9 220 250 400 6 600 760 a acero alto alto. ancho anillos, armada armado arqueta asiento, auxiliares. b-500, boca bocas cable carga caso cerco cerrada cerradas circuito cobre compactación con conexión consistente constituida cota cámara cámara, del descarga descenso desplazamientos, dimensiones distintos doble dos dotada ejecución, electrosoldado eléctrica empalme espesor. estándar excavación, existente exteriores fundición hasta he-25, herramientas, hombre horaria. hueco incluido inferior, instalar interior kv, largo, libre longitud, línea m mallazo maquinaria marco material material, mediante medios menos mismos. mm, mm2 módulos nivelación o obra, otro para paso pates pavimento pe pequeño pie por posterior posteriores prefabricados preparación, profundidad propio puesta realizadas relevante. rellenos reposición sección sección. sellado sobre solera su subterránea sumidero suministro, superficie superior tapa tendido tierra transporte, tubo uno x","110 3 8 < banda compactado conductos, demolición dura, empleo. he-20 horaria horas hormigonada i lugar mantenimiento: productos prueba pvc relevante relleno retirada roca rocoso, sin terreno tipo transporte vibrar, zanja,",False,False,genuine rendering effect,conversion lands on the maintenance-band axis ('i >= 5 horas' -> '5 horas o más'); the band's param token and literal no longer match the family
single_unit_conversion,OEB020fcaaa_syn_acb713ce7441,80,OEB020fcaaa,OED180acaaa,93.0,False,"Canalización hormigonada de 16 tubos de PVC de 110 mm de diámetro en terreno rocoso, incluso la demolición de roca dura, el relleno y el compactado de la zanja, el suministro y el montaje de los tubos y hormigón tipo HE-20 sin vibrar, la prueba de los conductos, el transporte y la retirada de los productos al lugar de empleo.
Trabajo: Diurno
Banda de mantenimiento: 5 horas o más
Condiciones de ejecución: Volumen relevante",canalización hormigonada de 16 tubos de pvc de 110 mm de diámetro en terreno rocoso incluso la demolición de roca dura el relleno y el compactado de la zanja el suministro y el montaje de los tubos y hormigón tipo he 20 sin vibrar la prueba de los conductos el transporte y la retirada de los productos al lugar de empleo trabajo diurno banda de mantenimiento 5 horas o más condiciones de ejecución volumen relevante param_n_tubos_16 param_tipo_de_terreno_rocoso param_trabajo_diurno param_banda_de_mantenimiento_5_horas_o_más param_condiciones_de_ejecución_volumen_relevante,"canalización hormigonada de 16 tubos de pvc de 110 mm de diámetro en terreno rocoso, incluso la demolición de roca dura, el relleno y el compactado de la zanja, el suministro y el montaje de los tubos y hormigón tipo he-20 sin vibrar, la prueba de los conductos, el transporte y la retirada de los productos al lugar de empleo. trabajo: diurno banda de mantenimiento: i >= 5 horas condiciones de ejecución: volumen relevante","cata previa de excavación de macizo de electrificación en terreno rocoso de profundidad más de 1.5 m, desde plataforma o vía, incluye el tapado de la misma si así lo determina la dirección de obra. totalmente terminada. tipo de terreno: más de 1.5 m. profundidad: diurno. banda de mantenimiento: i >= 5 horas. condiciones de ejecución: volumen relevante.",">= conductos, dura, ejecución: empleo. he-20 i mantenimiento: rocoso, trabajo: vibrar, zanja,",20 conductos dura ejecución empleo he mantenimiento más o param_banda_de_mantenimiento_5_horas_o_más param_condiciones_de_ejecución_volumen_relevante param_n_tubos_16 param_tipo_de_terreno_rocoso param_trabajo_diurno rocoso trabajo vibrar zanja,"1.5 así cata desde determina dirección diurno. electrificación excavación horas. incluye lo m, m. macizo misma más o obra. plataforma previa profundidad profundidad: relevante. rocoso si tapado terminada. terreno: totalmente vía,","110 16 al canalización compactado conductos, demolición diurno diámetro dura, empleo. he-20 horas hormigonada hormigón incluso los lugar mm montaje productos prueba pvc relevante relleno retirada roca rocoso, sin suministro trabajo: transporte tubos vibrar, y zanja,",False,False,genuine rendering effect,conversion lands on the maintenance-band axis ('i >= 5 horas' -> '5 horas o más'); the band's param token and literal no longer match the family
single_unit_conversion,OEB020gcaba_syn_202554f5a920,80,OEB020gcaba,OEC050aa,10.0,False,"Canalización hormigonada de 18 tubos de PVC de 110 mm de diámetro en terreno rocoso, incluso la demolición de roca dura, el relleno y el compactado de la zanja, el suministro y el montaje de los tubos y hormigón tipo HE-20 sin vibrar, la prueba de los conductos, el transporte y la retirada de los productos al lugar de empleo.
Trabajo: Diurno
Banda de mantenimiento: 3 a menos de 5 horas
Condiciones de ejecución: Volumen relevante",canalización hormigonada de 18 tubos de pvc de 110 mm de diámetro en terreno rocoso incluso la demolición de roca dura el relleno y el compactado de la zanja el suministro y el montaje de los tubos y hormigón tipo he 20 sin vibrar la prueba de los conductos el transporte y la retirada de los productos al lugar de empleo trabajo diurno banda de mantenimiento 3 a menos de 5 horas condiciones de ejecución volumen relevante param_n_tubos_18 param_tipo_de_terreno_rocoso param_trabajo_diurno param_banda_de_mantenimiento_3_a_menos_de_5_horas param_condiciones_de_ejecución_volumen_relevante,"canalización hormigonada de 18 tubos de pvc de 110 mm de diámetro en terreno rocoso, incluso la demolición de roca dura, el relleno y el compactado de la zanja, el suministro y el montaje de los tubos y hormigón tipo he-20 sin vibrar, la prueba de los conductos, el transporte y la retirada de los productos al lugar de empleo. trabajo: diurno banda de mantenimiento: 3 <= i < 5 horas condiciones de ejecución: volumen relevante","suministro y montaje de cámara de empalme para línea eléctrica subterránea de doble circuito de 220 o 400 kv, de dimensiones exteriores 2.9 m de ancho x 2.65 m de alto y 12.06 m de longitud, y sección libre interior de 2.5 m ancho x 2.25 m alto. constituida por 6 módulos estándar prefabricados de hormigón armado de dimensiones 2.9 m de ancho x 2.65 m de alto y 2 m de largo, a instalar a 1.0 m de profundidad sobre solera de hormigón he-25, armada con mallazo electrosoldado 15x15x8 en acero b-500, de al menos 150 mm de espesor. dotada de boca de hombre de cota de paso 1180 x 760 mm cerrada mediante cerco y tapa de fundición y dotada de pates para el descenso hasta la cámara, hueco sumidero de 400 x 400 mm, dos bocas para tendido realizadas mediante tubo de pe de 250 mm de diámetro cerradas mediante marco y tapa de arqueta de fundición de diámetro de paso 600 mm, y puesta a tierra consistente en dos anillos, uno superior y otro inferior, de cable de cobre de 2 x 120 mm2 de sección. incluso excavación, preparación, compactación y nivelación de la superficie de asiento, rellenos posteriores y reposición del pavimento existente en su caso y conexión de los distintos tubos de la canalización con la cámara y posterior sellado de los mismos. incluido el propio suministro, el transporte, la carga y la descarga del material a pie de obra, la ejecución, los desplazamientos, pequeño material, herramientas, maquinaria y medios auxiliares. trabajo: diurno . condiciones de ejecución: volumen relevante.","< <= conductos, dura, ejecución: empleo. he-20 i mantenimiento: rocoso, trabajo: vibrar, zanja,",20 a conductos dura ejecución empleo he mantenimiento menos param_banda_de_mantenimiento_3_a_menos_de_5_horas param_condiciones_de_ejecución_volumen_relevante param_n_tubos_18 param_tipo_de_terreno_rocoso param_trabajo_diurno rocoso trabajo vibrar zanja,". 1.0 1180 12.06 120 150 15x15x8 2 2.25 2.5 2.65 2.9 220 250 400 6 600 760 a acero alto alto. ancho anillos, armada armado arqueta asiento, auxiliares. b-500, boca bocas cable carga caso cerco cerrada cerradas circuito cobre compactación con conexión consistente constituida cota cámara cámara, del descarga descenso desplazamientos, dimensiones distintos doble dos dotada ejecución, electrosoldado eléctrica empalme espesor. estándar excavación, existente exteriores fundición hasta he-25, herramientas, hombre hueco incluido inferior, instalar interior kv, largo, libre longitud, línea m mallazo maquinaria marco material material, mediante medios menos mismos. mm, mm2 módulos nivelación o obra, otro para paso pates pavimento pe pequeño pie por posterior posteriores prefabricados preparación, profundidad propio puesta realizadas relevante. rellenos reposición sección sección. sellado sobre solera su subterránea sumidero suministro, superficie superior tapa tendido tierra transporte, tubo uno x","110 18 3 5 < <= banda compactado conductos, demolición dura, empleo. he-20 horas hormigonada i lugar mantenimiento: productos prueba pvc relevante relleno retirada roca rocoso, sin terreno tipo transporte vibrar, zanja,",False,False,genuine rendering effect,conversion lands on the maintenance-band axis ('i >= 5 horas' -> '5 horas o más'); the band's param token and literal no longer match the family
single_unit_conversion,OEB030cfebc_syn_1df3a1008ded,80,OEB030cfebc,OEB030cfeac,2.0,True,"Canalización hormigonada de 3 tubos de polietileno libre de halógenos de 110 mm de diámetro adosada o superficial, incluso el relleno y compactado de la zanja, la preparación y la nivelación de la solera, el suministro y montaje del encofrado, elementos de fijación, desencofrado, el suministro y montaje de los tubos y hormigón tipo HE-20 sin vibrar, la prueba de los conductos, el transporte y la retirada de los productos al lugar de empleo
Trabajo: Cualquier franja horaria
Banda de mantenimiento: 3 a 5 horas
Condiciones de ejecución: Cualquier condición de ejecución",canalización hormigonada de 3 tubos de polietileno libre de halógenos de 110 mm de diámetro adosada o superficial incluso el relleno y compactado de la zanja la preparación y la nivelación de la solera el suministro y montaje del encofrado elementos de fijación desencofrado el suministro y montaje de los tubos y hormigón tipo he 20 sin vibrar la prueba de los conductos el transporte y la retirada de los productos al lugar de empleo trabajo cualquier franja horaria banda de mantenimiento 3 a 5 horas condiciones de ejecución cualquier condición de ejecución param_n_tubos_3 param_tipo_de_terreno_adosada param_trabajo_cualquier_franja_horaria param_banda_de_mantenimiento_3_a_5_horas param_condiciones_de_ejecución_cualquier_condición_de_ejecución,"canalización hormigonada de 3 tubos de polietileno libre de halógenos de 110 mm de diámetro adosada o superficial, incluso el relleno y compactado de la zanja, la preparación y la nivelación de la solera, el suministro y montaje del encofrado, elementos de fijación, desencofrado, el suministro y montaje de los tubos y hormigón tipo he-20 sin vibrar, la prueba de los conductos, el transporte y la retirada de los productos al lugar de empleo trabajo: cualquier franja horaria banda de mantenimiento: 3 <= i < 5 horas condiciones de ejecución: cualquier condición de ejecución","canalización hormigonada de 3 tubos de polietileno libre de halógenos de 110 mm de diámetro adosada o superficial, incluso el relleno y compactado de la zanja, la preparación y la nivelación de la solera, el suministro y montaje del encofrado, elementos de fijación, desencofrado, el suministro y montaje de los tubos y hormigón tipo he-20 sin vibrar, la prueba de los conductos, el transporte y la retirada de los productos al lugar de empleo trabajo: cualquier franja horaria banda de mantenimiento: i >= 5 horas condiciones de ejecución: cualquier condición de ejecución","< <= conductos, desencofrado, ejecución: encofrado, fijación, he-20 i mantenimiento: solera, superficial, trabajo: vibrar, zanja,",20 a conductos desencofrado encofrado fijación he mantenimiento param_banda_de_mantenimiento_3_a_5_horas param_condiciones_de_ejecución_cualquier_condición_de_ejecución param_n_tubos_3 param_tipo_de_terreno_adosada param_trabajo_cualquier_franja_horaria solera superficial trabajo vibrar zanja,>=,< <=,False,False,genuine rendering effect,conversion lands on the maintenance-band axis ('i >= 5 horas' -> '5 horas o más'); the band's param token and literal no longer match the family
single_unit_conversion,OEB030ffdbb_syn_86b3d805a39c,80,OEB030ffdbb,OEC050bb,10.0,False,"Canalización hormigonada de 6 tubos de polietileno libre de halógenos de 110 mm de diámetro adosada o superficial, incluso el relleno y compactado de la zanja, la preparación y la nivelación de la solera, el suministro y montaje del encofrado, elementos de fijación, desencofrado, el suministro y montaje de los tubos y hormigón tipo HE-20 sin vibrar, la prueba de los conductos, el transporte y la retirada de los productos al lugar de empleo
Trabajo: Nocturno Excepcional
Banda de mantenimiento: 3 a menos de 5 horas
Condiciones de ejecución: Volumen escaso",canalización hormigonada de 6 tubos de polietileno libre de halógenos de 110 mm de diámetro adosada o superficial incluso el relleno y compactado de la zanja la preparación y la nivelación de la solera el suministro y montaje del encofrado elementos de fijación desencofrado el suministro y montaje de los tubos y hormigón tipo he 20 sin vibrar la prueba de los conductos el transporte y la retirada de los productos al lugar de empleo trabajo nocturno excepcional banda de mantenimiento 3 a menos de 5 horas condiciones de ejecución volumen escaso param_n_tubos_6 param_tipo_de_terreno_adosada param_trabajo_nocturno_excepcional param_banda_de_mantenimiento_3_a_menos_de_5_horas param_condiciones_de_ejecución_volumen_escaso,"canalización hormigonada de 6 tubos de polietileno libre de halógenos de 110 mm de diámetro adosada o superficial, incluso el relleno y compactado de la zanja, la preparación y la nivelación de la solera, el suministro y montaje del encofrado, elementos de fijación, desencofrado, el suministro y montaje de los tubos y hormigón tipo he-20 sin vibrar, la prueba de los conductos, el transporte y la retirada de los productos al lugar de empleo trabajo: nocturno excepcional banda de mantenimiento: 3 <= i < 5 horas condiciones de ejecución: volumen escaso","suministro y montaje de cámara de empalme para línea eléctrica subterránea de doble circuito de 220 o 400 kv, de dimensiones exteriores 2.9 m de ancho x 2.65 m de alto y 12.06 m de longitud, y sección libre interior de 2.5 m ancho x 2.25 m alto. constituida por 6 módulos estándar prefabricados de hormigón armado de dimensiones 2.9 m de ancho x 2.65 m de alto y 2 m de largo, a instalar a 1.0 m de profundidad sobre solera de hormigón he-25, armada con mallazo electrosoldado 15x15x8 en acero b-500, de al menos 150 mm de espesor. dotada de boca de hombre de cota de paso 1180 x 760 mm cerrada mediante cerco y tapa de fundición y dotada de pates para el descenso hasta la cámara, hueco sumidero de 400 x 400 mm, dos bocas para tendido realizadas mediante tubo de pe de 250 mm de diámetro cerradas mediante marco y tapa de arqueta de fundición de diámetro de paso 600 mm, y puesta a tierra consistente en dos anillos, uno superior y otro inferior, de cable de cobre de 2 x 120 mm2 de sección. incluso excavación, preparación, compactación y nivelación de la superficie de asiento, rellenos posteriores y reposición del pavimento existente en su caso y conexión de los distintos tubos de la canalización con la cámara y posterior sellado de los mismos. incluido el propio suministro, el transporte, la carga y la descarga del material a pie de obra, la ejecución, los desplazamientos, pequeño material, herramientas, maquinaria y medios auxiliares. trabajo: nocturno . condiciones de ejecución: volumen escaso.","< <= conductos, desencofrado, ejecución: encofrado, fijación, he-20 i mantenimiento: solera, superficial, trabajo: vibrar, zanja,",20 a conductos desencofrado ejecución encofrado fijación he mantenimiento menos param_banda_de_mantenimiento_3_a_menos_de_5_horas param_condiciones_de_ejecución_volumen_escaso param_n_tubos_6 param_tipo_de_terreno_adosada param_trabajo_nocturno_excepcional solera superficial trabajo vibrar zanja,". 1.0 1180 12.06 120 150 15x15x8 2 2.25 2.5 2.65 2.9 220 250 400 600 760 a acero alto alto. ancho anillos, armada armado arqueta asiento, auxiliares. b-500, boca bocas cable carga caso cerco cerrada cerradas circuito cobre compactación con conexión consistente constituida cota cámara cámara, descarga descenso desplazamientos, dimensiones distintos doble dos dotada ejecución, electrosoldado eléctrica empalme en escaso. espesor. estándar excavación, existente exteriores fundición hasta he-25, herramientas, hombre hueco incluido inferior, instalar interior kv, largo, longitud, línea m mallazo maquinaria marco material material, mediante medios menos mismos. mm, mm2 módulos obra, otro para paso pates pavimento pe pequeño pie por posterior posteriores prefabricados preparación, profundidad propio puesta realizadas rellenos reposición sección sección. sellado sobre solera su subterránea sumidero suministro, superficie superior tapa tendido tierra transporte, tubo uno x","110 3 5 < <= adosada banda compactado conductos, desencofrado, elementos empleo encofrado, escaso excepcional fijación, halógenos he-20 horas hormigonada i lugar mantenimiento: polietileno preparación productos prueba relleno retirada sin solera, superficial, tipo transporte vibrar, zanja,",False,False,genuine rendering effect,conversion lands on the maintenance-band axis ('i >= 5 horas' -> '5 horas o más'); the band's param token and literal no longer match the family
single_unit_conversion,OEB030gedbb_syn_19be1a050c0a,80,OEB030gedbb,OEC050bb,10.0,False,"Canalización hormigonada de 8 tubos de polietileno libre de halógenos de 110 mm de diámetro en andén, incluso la demolición y reposición del pavimento y la solera, el relleno y compactado de la zanja, el suministro y montaje de los tubos y hormigón tipo HE-20 sin vibrar, la prueba de los conductos, el transporte y la retirada de los productos al lugar de empleo
Trabajo: Nocturno Excepcional
Banda de mantenimiento: 3 a menos de 5 horas
Condiciones de ejecución: Volumen escaso",canalización hormigonada de 8 tubos de polietileno libre de halógenos de 110 mm de diámetro en andén incluso la demolición y reposición del pavimento y la solera el relleno y compactado de la zanja el suministro y montaje de los tubos y hormigón tipo he 20 sin vibrar la prueba de los conductos el transporte y la retirada de los productos al lugar de empleo trabajo nocturno excepcional banda de mantenimiento 3 a menos de 5 horas condiciones de ejecución volumen escaso param_n_tubos_8 param_tipo_de_terreno_andén param_trabajo_nocturno_excepcional param_banda_de_mantenimiento_3_a_menos_de_5_horas param_condiciones_de_ejecución_volumen_escaso,"canalización hormigonada de 8 tubos de polietileno libre de halógenos de 110 mm de diámetro en andén, incluso la demolición y reposición del pavimento y la solera, el relleno y compactado de la zanja, el suministro y montaje de los tubos y hormigón tipo he-20 sin vibrar, la prueba de los conductos, el transporte y la retirada de los productos al lugar de empleo trabajo: nocturno excepcional banda de mantenimiento: 3 <= i < 5 horas condiciones de ejecución: volumen escaso","suministro y montaje de cámara de empalme para línea eléctrica subterránea de doble circuito de 220 o 400 kv, de dimensiones exteriores 2.9 m de ancho x 2.65 m de alto y 12.06 m de longitud, y sección libre interior de 2.5 m ancho x 2.25 m alto. constituida por 6 módulos estándar prefabricados de hormigón armado de dimensiones 2.9 m de ancho x 2.65 m de alto y 2 m de largo, a instalar a 1.0 m de profundidad sobre solera de hormigón he-25, armada con mallazo electrosoldado 15x15x8 en acero b-500, de al menos 150 mm de espesor. dotada de boca de hombre de cota de paso 1180 x 760 mm cerrada mediante cerco y tapa de fundición y dotada de pates para el descenso hasta la cámara, hueco sumidero de 400 x 400 mm, dos bocas para tendido realizadas mediante tubo de pe de 250 mm de diámetro cerradas mediante marco y tapa de arqueta de fundición de diámetro de paso 600 mm, y puesta a tierra consistente en dos anillos, uno superior y otro inferior, de cable de cobre de 2 x 120 mm2 de sección. incluso excavación, preparación, compactación y nivelación de la superficie de asiento, rellenos posteriores y reposición del pavimento existente en su caso y conexión de los distintos tubos de la canalización con la cámara y posterior sellado de los mismos. incluido el propio suministro, el transporte, la carga y la descarga del material a pie de obra, la ejecución, los desplazamientos, pequeño material, herramientas, maquinaria y medios auxiliares. trabajo: nocturno . condiciones de ejecución: volumen escaso.","< <= andén, conductos, ejecución: he-20 i mantenimiento: solera, trabajo: vibrar, zanja,",20 a andén conductos ejecución he mantenimiento menos param_banda_de_mantenimiento_3_a_menos_de_5_horas param_condiciones_de_ejecución_volumen_escaso param_n_tubos_8 param_tipo_de_terreno_andén param_trabajo_nocturno_excepcional solera trabajo vibrar zanja,". 1.0 1180 12.06 120 150 15x15x8 2 2.25 2.5 2.65 2.9 220 250 400 6 600 760 a acero alto alto. ancho anillos, armada armado arqueta asiento, auxiliares. b-500, boca bocas cable carga caso cerco cerrada cerradas circuito cobre compactación con conexión consistente constituida cota cámara cámara, descarga descenso desplazamientos, dimensiones distintos doble dos dotada ejecución, electrosoldado eléctrica empalme escaso. espesor. estándar excavación, existente exteriores fundición hasta he-25, herramientas, hombre hueco incluido inferior, instalar interior kv, largo, longitud, línea m mallazo maquinaria marco material material, mediante medios menos mismos. mm, mm2 módulos nivelación o obra, otro para paso pates pe pequeño pie por posterior posteriores prefabricados preparación, profundidad propio puesta realizadas rellenos sección sección. sellado sobre solera su subterránea sumidero suministro, superficie superior tapa tendido tierra transporte, tubo uno x","110 3 5 8 < <= andén, banda compactado conductos, demolición empleo escaso excepcional halógenos he-20 horas hormigonada i lugar mantenimiento: polietileno productos prueba relleno retirada sin solera, tipo transporte vibrar, zanja,",False,False,genuine rendering effect,conversion lands on the maintenance-band axis ('i >= 5 horas' -> '5 horas o más'); the band's param token and literal no longer match the family
single_unit_conversion,OEB030kfaba_syn_dd4e817ed899,80,OEB030kfaba,OEC050aa,10.0,False,"Canalización hormigonada de 24 tubos de polietileno libre de halógenos de 110 mm de diámetro adosada o superficial, incluso el relleno y compactado de la zanja, la preparación y la nivelación de la solera, el suministro y montaje del encofrado, elementos de fijación, desencofrado, el suministro y montaje de los tubos y hormigón tipo HE-20 sin vibrar, la prueba de los conductos, el transporte y la retirada de los productos al lugar de empleo
Trabajo: Diurno
Banda de mantenimiento: 3 a menos de 5 horas
Condiciones de ejecución: Volumen relevante",canalización hormigonada de 24 tubos de polietileno libre de halógenos de 110 mm de diámetro adosada o superficial incluso el relleno y compactado de la zanja la preparación y la nivelación de la solera el suministro y montaje del encofrado elementos de fijación desencofrado el suministro y montaje de los tubos y hormigón tipo he 20 sin vibrar la prueba de los conductos el transporte y la retirada de los productos al lugar de empleo trabajo diurno banda de mantenimiento 3 a menos de 5 horas condiciones de ejecución volumen relevante param_n_tubos_24 param_tipo_de_terreno_adosada param_trabajo_diurno param_banda_de_mantenimiento_3_a_menos_de_5_horas param_condiciones_de_ejecución_volumen_relevante,"canalización hormigonada de 24 tubos de polietileno libre de halógenos de 110 mm de diámetro adosada o superficial, incluso el relleno y compactado de la zanja, la preparación y la nivelación de la solera, el suministro y montaje del encofrado, elementos de fijación, desencofrado, el suministro y montaje de los tubos y hormigón tipo he-20 sin vibrar, la prueba de los conductos, el transporte y la retirada de los productos al lugar de empleo trabajo: diurno banda de mantenimiento: 3 <= i < 5 horas condiciones de ejecución: volumen relevante","suministro y montaje de cámara de empalme para línea eléctrica subterránea de doble circuito de 220 o 400 kv, de dimensiones exteriores 2.9 m de ancho x 2.65 m de alto y 12.06 m de longitud, y sección libre interior de 2.5 m ancho x 2.25 m alto. constituida por 6 módulos estándar prefabricados de hormigón armado de dimensiones 2.9 m de ancho x 2.65 m de alto y 2 m de largo, a instalar a 1.0 m de profundidad sobre solera de hormigón he-25, armada con mallazo electrosoldado 15x15x8 en acero b-500, de al menos 150 mm de espesor. dotada de boca de hombre de cota de paso 1180 x 760 mm cerrada mediante cerco y tapa de fundición y dotada de pates para el descenso hasta la cámara, hueco sumidero de 400 x 400 mm, dos bocas para tendido realizadas mediante tubo de pe de 250 mm de diámetro cerradas mediante marco y tapa de arqueta de fundición de diámetro de paso 600 mm, y puesta a tierra consistente en dos anillos, uno superior y otro inferior, de cable de cobre de 2 x 120 mm2 de sección. incluso excavación, preparación, compactación y nivelación de la superficie de asiento, rellenos posteriores y reposición del pavimento existente en su caso y conexión de los distintos tubos de la canalización con la cámara y posterior sellado de los mismos. incluido el propio suministro, el transporte, la carga y la descarga del material a pie de obra, la ejecución, los desplazamientos, pequeño material, herramientas, maquinaria y medios auxiliares. trabajo: diurno . condiciones de ejecución: volumen relevante.","< <= conductos, desencofrado, ejecución: encofrado, fijación, he-20 i mantenimiento: solera, superficial, trabajo: vibrar, zanja,",20 a conductos desencofrado ejecución encofrado fijación he mantenimiento menos param_banda_de_mantenimiento_3_a_menos_de_5_horas param_condiciones_de_ejecución_volumen_relevante param_n_tubos_24 param_tipo_de_terreno_adosada param_trabajo_diurno solera superficial trabajo vibrar zanja,". 1.0 1180 12.06 120 150 15x15x8 2 2.25 2.5 2.65 2.9 220 250 400 6 600 760 a acero alto alto. ancho anillos, armada armado arqueta asiento, auxiliares. b-500, boca bocas cable carga caso cerco cerrada cerradas circuito cobre compactación con conexión consistente constituida cota cámara cámara, descarga descenso desplazamientos, dimensiones distintos doble dos dotada ejecución, electrosoldado eléctrica empalme en espesor. estándar excavación, existente exteriores fundición hasta he-25, herramientas, hombre hueco incluido inferior, instalar interior kv, largo, longitud, línea m mallazo maquinaria marco material material, mediante medios menos mismos. mm, mm2 módulos obra, otro para paso pates pavimento pe pequeño pie por posterior posteriores prefabricados preparación, profundidad propio puesta realizadas relevante. rellenos reposición sección sección. sellado sobre solera su subterránea sumidero suministro, superficie superior tapa tendido tierra transporte, tubo uno x","110 24 3 5 < <= adosada banda compactado conductos, desencofrado, elementos empleo encofrado, fijación, halógenos he-20 horas hormigonada i lugar mantenimiento: polietileno preparación productos prueba relevante relleno retirada sin solera, superficial, tipo transporte vibrar, zanja,",False,False,genuine rendering effect,conversion lands on the maintenance-band axis ('i >= 5 horas' -> '5 horas o más'); the band's param token and literal no longer match the family
single_unit_conversion,OEB190acaaa_syn_897ede58967d,80,OEB190acaaa,OEB190bcaaa,2.0,True,"Zanja para tendido de cables de 800 mm de profundidad y 0,60 m de anchura máxima, zona de balasto, ejecutada a mano incluso descerne y entibación de costados y posterior reposición del balasto retirado, y relleno compactado con material seleccionado procedente de la excavación, cama de arena de 20 cm de espesor, rejilla de plastico identificadora, carga, descarga y transporte al lugar asignado en el interior de la obra.
Trabajo: Diurno
Banda de mantenimiento: i >= 5 horas
Condiciones de ejecución: Volumen relevante",zanja para tendido de cables de 800 mm de profundidad y 0.60 m de anchura máxima zona de balasto ejecutada a mano incluso descerne y entibación de costados y posterior reposición del balasto retirado y relleno compactado con material seleccionado procedente de la excavación cama de arena de 20 cm de espesor rejilla de plastico identificadora carga descarga y transporte al lugar asignado en el interior de la obra trabajo diurno banda de mantenimiento i 5 horas condiciones de ejecución volumen relevante param_profundidad_800_mm param_tipo_de_terreno_balasto param_trabajo_diurno param_banda_de_mantenimiento_i_ge_5_horas param_condiciones_de_ejecución_volumen_relevante,"zanja para tendido de cables de hasta 0.80 m de profundidad y 0.60 m de anchura máxima, zona de balasto, ejecutada a mano incluso descerne y entibación de costados y posterior reposición del balasto retirado, y relleno compactado con material seleccionado procedente de la excavación, cama de arena de 20 cm de espesor, rejilla de plastico identificadora, carga, descarga y transporte al lugar asignado en el interior de la obra. trabajo: diurno banda de mantenimiento: i >= 5 horas condiciones de ejecución: volumen relevante","zanja para tendido de cables de 0.80 a 1.00 m de profundidad y 0.60 m de anchura máxima, zona de balasto, ejecutada a mano incluso descerne y entibación de costados y posterior reposición del balasto retirado, y relleno compactado con material seleccionado procedente de la excavación, cama de arena de 20 cm de espesor, rejilla de plastico identificadora, carga, descarga y transporte al lugar asignado en el interior de la obra. trabajo: diurno banda de mantenimiento: i >= 5 horas condiciones de ejecución: volumen relevante","0.80 >= balasto, carga, ejecución: espesor, excavación, hasta identificadora, mantenimiento: máxima, obra. retirado, trabajo:",800 carga ejecución espesor excavación identificadora mantenimiento mm máxima obra param_banda_de_mantenimiento_i_ge_5_horas param_condiciones_de_ejecución_volumen_relevante param_profundidad_800_mm param_tipo_de_terreno_balasto param_trabajo_diurno retirado trabajo,1.00,hasta,False,False,genuine rendering effect,converted value no longer matches the sibling-separating literal; rank-1 is a sibling
single_unit_conversion,OEB190acccc_syn_45ad9c986f8e,80,OEB190acccc,OEB190bcccc,4.0,True,"Zanja para tendido de cables de 800 mm de profundidad y 0,60 m de anchura máxima, zona de balasto, ejecutada a mano incluso descerne y entibación de costados y posterior reposición del balasto retirado, y relleno compactado con material seleccionado procedente de la excavación, cama de arena de 20 cm de espesor, rejilla de plastico identificadora, carga, descarga y transporte al lugar asignado en el interior de la obra.
Trabajo: Diurno excepcional
Banda de mantenimiento: i< 3 horas
Condiciones de ejecución: Cualquier condición de ejecución",zanja para tendido de cables de 800 mm de profundidad y 0.60 m de anchura máxima zona de balasto ejecutada a mano incluso descerne y entibación de costados y posterior reposición del balasto retirado y relleno compactado con material seleccionado procedente de la excavación cama de arena de 20 cm de espesor rejilla de plastico identificadora carga descarga y transporte al lugar asignado en el interior de la obra trabajo diurno excepcional banda de mantenimiento i 3 horas condiciones de ejecución cualquier condición de ejecución param_profundidad_800_mm param_tipo_de_terreno_balasto param_trabajo_diurno_excepcional param_banda_de_mantenimiento_i_lt_3_horas param_condiciones_de_ejecución_cualquier_condición_de_ejecución,"zanja para tendido de cables de hasta 0.80 m de profundidad y 0.60 m de anchura máxima, zona de balasto, ejecutada a mano incluso descerne y entibación de costados y posterior reposición del balasto retirado, y relleno compactado con material seleccionado procedente de la excavación, cama de arena de 20 cm de espesor, rejilla de plastico identificadora, carga, descarga y transporte al lugar asignado en el interior de la obra. trabajo: diurno excepcional banda de mantenimiento: i< 3 horas condiciones de ejecución: cualquier condición de ejecución","zanja para tendido de cables de 0.80 a 1.00 m de profundidad y 0.60 m de anchura máxima, zona de balasto, ejecutada a mano incluso descerne y entibación de costados y posterior reposición del balasto retirado, y relleno compactado con material seleccionado procedente de la excavación, cama de arena de 20 cm de espesor, rejilla de plastico identificadora, carga, descarga y transporte al lugar asignado en el interior de la obra. trabajo: diurno excepcional banda de mantenimiento: i< 3 horas condiciones de ejecución: cualquier condición de ejecución","0.80 balasto, carga, ejecución: espesor, excavación, hasta i< identificadora, mantenimiento: máxima, obra. retirado, trabajo:",800 carga espesor excavación i identificadora mantenimiento mm máxima obra param_banda_de_mantenimiento_i_lt_3_horas param_condiciones_de_ejecución_cualquier_condición_de_ejecución param_profundidad_800_mm param_tipo_de_terreno_balasto param_trabajo_diurno_excepcional retirado trabajo,1.00,hasta,False,False,genuine rendering effect,converted value no longer matches the sibling-separating literal; rank-1 is a sibling
single_unit_conversion,OEC120aada_syn_21d178234600,80,OEC120aada,OEC120dada,76.0,True,"Suministro y montaje de suplemento de arqueta de registro de composite-PRFV tipo 0.9 m x 0.81 m x 0.7 m existente
Trabajo: Diurno
Banda de mantenimiento: No necesita intervalo
Condiciones de ejecución: Volumen relevante",suministro y montaje de suplemento de arqueta de registro de composite prfv tipo 0.9 m x 0.81 m x 0.7 m existente trabajo diurno banda de mantenimiento no necesita intervalo condiciones de ejecución volumen relevante param_tipo_0_9_m_x_0_81_m_x_0_7_m param_trabajo_diurno param_banda_de_mantenimiento_no_necesita_intervalo param_condiciones_de_ejecución_volumen_relevante,suministro y montaje de suplemento de arqueta de registro de composite-prfv tipo sfc-4 de 90x81x70 cm existente trabajo: diurno banda de mantenimiento: no necesita intervalo condiciones de ejecución: volumen relevante,suministro y montaje de suplemento de arqueta de registro de composite-prfv tipo sfc-7 de 170x81x70 cm existente trabajo: diurno banda de mantenimiento: no necesita intervalo condiciones de ejecución: volumen relevante,90x81x70 cm composite-prfv ejecución: mantenimiento: sfc-4 trabajo:,0.7 0.81 0.9 composite ejecución m mantenimiento param_banda_de_mantenimiento_no_necesita_intervalo param_condiciones_de_ejecución_volumen_relevante param_tipo_0_9_m_x_0_81_m_x_0_7_m param_trabajo_diurno prfv trabajo x,170x81x70 sfc-7,90x81x70 sfc-4,False,False,genuine rendering effect,composite dimension (e.g. 90x81x70) converted; the size token that separates sibling models is lost
single_unit_conversion,OEC120afdb_syn_384732cf4b18,80,OEC120afdb,OEC120efdb,5.0,True,"Suministro y montaje de suplemento de arqueta de registro de composite-PRFV tipo 90 cm x 81 cm x 70 cm existente
Trabajo: Cualquier franja horaria excepcional
Banda de mantenimiento: No necesita intervalo
Condiciones de ejecución: Volumen escaso",suministro y montaje de suplemento de arqueta de registro de composite prfv tipo 90 cm x 81 cm x 70 cm existente trabajo cualquier franja horaria excepcional banda de mantenimiento no necesita intervalo condiciones de ejecución volumen escaso param_tipo_90_cm_x_81_cm_x_70_cm param_trabajo_cualquier_franja_horaria_excepcional param_banda_de_mantenimiento_no_necesita_intervalo param_condiciones_de_ejecución_volumen_escaso,suministro y montaje de suplemento de arqueta de registro de composite-prfv tipo sfc-4 de 90x81x70 cm existente trabajo: cualquier franja horaria excepcional banda de mantenimiento: no necesita intervalo condiciones de ejecución: volumen escaso,suministro y montaje de suplemento de arqueta de registro de composite-prfv tipo sfc-8 de 150x150x70 cm existente trabajo: cualquier franja horaria excepcional banda de mantenimiento: no necesita intervalo condiciones de ejecución: volumen escaso,90x81x70 composite-prfv ejecución: mantenimiento: sfc-4 trabajo:,70 81 90 composite ejecución mantenimiento param_banda_de_mantenimiento_no_necesita_intervalo param_condiciones_de_ejecución_volumen_escaso param_tipo_90_cm_x_81_cm_x_70_cm param_trabajo_cualquier_franja_horaria_excepcional prfv trabajo x,150x150x70 sfc-8,90x81x70 sfc-4,False,False,genuine rendering effect,composite dimension (e.g. 90x81x70) converted; the size token that separates sibling models is lost
single_unit_conversion,OEC120bcdb_syn_555b6395c05b,80,OEC120bcdb,OEC120dcdb,65.0,True,"Suministro y montaje de suplemento de arqueta de registro de composite-PRFV tipo 1.3 m x 0.9 m x 0.7 m existente
Trabajo: Diurno Excepcional
Banda de mantenimiento: No necesita intervalo
Condiciones de ejecución: Volumen escaso",suministro y montaje de suplemento de arqueta de registro de composite prfv tipo 1.3 m x 0.9 m x 0.7 m existente trabajo diurno excepcional banda de mantenimiento no necesita intervalo condiciones de ejecución volumen escaso param_tipo_1_3_m_x_0_9_m_x_0_7_m param_trabajo_diurno_excepcional param_banda_de_mantenimiento_no_necesita_intervalo param_condiciones_de_ejecución_volumen_escaso,suministro y montaje de suplemento de arqueta de registro de composite-prfv tipo sfc-5 de 130x90x70 cm existente trabajo: diurno excepcional banda de mantenimiento: no necesita intervalo condiciones de ejecución: volumen escaso,suministro y montaje de suplemento de arqueta de registro de composite-prfv tipo sfc-7 de 170x81x70 cm existente trabajo: diurno excepcional banda de mantenimiento: no necesita intervalo condiciones de ejecución: volumen escaso,130x90x70 cm composite-prfv ejecución: mantenimiento: sfc-5 trabajo:,0.7 0.9 1.3 composite ejecución m mantenimiento param_banda_de_mantenimiento_no_necesita_intervalo param_condiciones_de_ejecución_volumen_escaso param_tipo_1_3_m_x_0_9_m_x_0_7_m param_trabajo_diurno_excepcional prfv trabajo x,170x81x70 sfc-7,130x90x70 sfc-5,False,False,genuine rendering effect,composite dimension (e.g. 90x81x70) converted; the size token that separates sibling models is lost
single_unit_conversion,OEC120cdba_syn_bb16b699cbba,80,OEC120cdba,OEC120bdba,3.0,True,"Suministro y montaje de suplemento de arqueta de registro de composite-PRFV tipo 1.50 m x 0.90 m x 0.70 m existente
Trabajo: Nocturno Excepcional
Banda de mantenimiento: 3 <= i < 5 horas
Condiciones de ejecución: Volumen relevante",suministro y montaje de suplemento de arqueta de registro de composite prfv tipo 1.50 m x 0.90 m x 0.70 m existente trabajo nocturno excepcional banda de mantenimiento 3 i 5 horas condiciones de ejecución volumen relevante param_tipo_1_50_m_x_0_90_m_x_0_70_m param_trabajo_nocturno_excepcional param_banda_de_mantenimiento_3_le_i_lt_5_horas param_condiciones_de_ejecución_volumen_relevante,suministro y montaje de suplemento de arqueta de registro de composite-prfv tipo sfc-6 de 150x90x70 cm existente trabajo: nocturno excepcional banda de mantenimiento: 3 <= i < 5 horas condiciones de ejecución: volumen relevante,suministro y montaje de suplemento de arqueta de registro de composite-prfv tipo sfc-5 de 130x90x70 cm existente trabajo: nocturno excepcional banda de mantenimiento: 3 <= i < 5 horas condiciones de ejecución: volumen relevante,150x90x70 < <= cm composite-prfv ejecución: mantenimiento: sfc-6 trabajo:,0.70 0.90 1.50 composite ejecución m mantenimiento param_banda_de_mantenimiento_3_le_i_lt_5_horas param_condiciones_de_ejecución_volumen_relevante param_tipo_1_50_m_x_0_90_m_x_0_70_m param_trabajo_nocturno_excepcional prfv trabajo x,130x90x70 sfc-5,150x90x70 sfc-6,False,False,genuine rendering effect,composite dimension (e.g. 90x81x70) converted; the size token that separates sibling models is lost
single_unit_conversion,OEC120cecc_syn_ec22fe238b0a,80,OEC120cecc,OEC120eecc,4.0,True,"Suministro y montaje de suplemento de arqueta de registro de composite-PRFV tipo 150 cm x 90 cm x 70 cm existente
Trabajo: Cualquier franja horaria
Banda de mantenimiento: i < 3 horas
Condiciones de ejecución: Cualquier condición de ejecución",suministro y montaje de suplemento de arqueta de registro de composite prfv tipo 150 cm x 90 cm x 70 cm existente trabajo cualquier franja horaria banda de mantenimiento i 3 horas condiciones de ejecución cualquier condición de ejecución param_tipo_150_cm_x_90_cm_x_70_cm param_trabajo_cualquier_franja_horaria param_banda_de_mantenimiento_i_lt_3_horas param_condiciones_de_ejecución_cualquier_condición_de_ejecución,suministro y montaje de suplemento de arqueta de registro de composite-prfv tipo sfc-6 de 150x90x70 cm existente trabajo: cualquier franja horaria banda de mantenimiento: i < 3 horas condiciones de ejecución: cualquier condición de ejecución,suministro y montaje de suplemento de arqueta de registro de composite-prfv tipo sfc-8 de 150x150x70 cm existente trabajo: cualquier franja horaria banda de mantenimiento: i < 3 horas condiciones de ejecución: cualquier condición de ejecución,150x90x70 < composite-prfv ejecución: mantenimiento: sfc-6 trabajo:,150 70 90 composite mantenimiento param_banda_de_mantenimiento_i_lt_3_horas param_condiciones_de_ejecución_cualquier_condición_de_ejecución param_tipo_150_cm_x_90_cm_x_70_cm param_trabajo_cualquier_franja_horaria prfv trabajo x,150x150x70 sfc-8,150x90x70 sfc-6,False,False,genuine rendering effect,composite dimension (e.g. 90x81x70) converted; the size token that separates sibling models is lost
single_unit_conversion,OEC120dbdb_syn_23a0126505cc,80,OEC120dbdb,OEC120cbdb,4.0,True,"Suministro y montaje de suplemento de arqueta de registro de composite-PRFV tipo 170 cm x 81 cm x 70 cm existente
Trabajo: Nocturno
Banda de mantenimiento: No necesita intervalo
Condiciones de ejecución: Volumen escaso",suministro y montaje de suplemento de arqueta de registro de composite prfv tipo 170 cm x 81 cm x 70 cm existente trabajo nocturno banda de mantenimiento no necesita intervalo condiciones de ejecución volumen escaso param_tipo_170_cm_x_81_cm_x_70_cm param_trabajo_nocturno param_banda_de_mantenimiento_no_necesita_intervalo param_condiciones_de_ejecución_volumen_escaso,suministro y montaje de suplemento de arqueta de registro de composite-prfv tipo sfc-7 de 170x81x70 cm existente trabajo: nocturno banda de mantenimiento: no necesita intervalo condiciones de ejecución: volumen escaso,suministro y montaje de suplemento de arqueta de registro de composite-prfv tipo sfc-6 de 150x90x70 cm existente trabajo: nocturno banda de mantenimiento: no necesita intervalo condiciones de ejecución: volumen escaso,170x81x70 composite-prfv ejecución: mantenimiento: sfc-7 trabajo:,170 70 81 composite ejecución mantenimiento param_banda_de_mantenimiento_no_necesita_intervalo param_condiciones_de_ejecución_volumen_escaso param_tipo_170_cm_x_81_cm_x_70_cm param_trabajo_nocturno prfv trabajo x,150x90x70 sfc-6,170x81x70 sfc-7,False,False,genuine rendering effect,composite dimension (e.g. 90x81x70) converted; the size token that separates sibling models is lost
single_unit_conversion,OEC120efca_syn_10b09fd7ec44,80,OEC120efca,OEC120dfca,85.0,True,"Suministro y montaje de suplemento de arqueta de registro de composite-PRFV tipo 1.5 m x 1.5 m x 0.7 m existente
Trabajo: Cualquier franja horaria excepcional
Banda de mantenimiento: i < 3 horas
Condiciones de ejecución: Volumen relevante",suministro y montaje de suplemento de arqueta de registro de composite prfv tipo 1.5 m x 1.5 m x 0.7 m existente trabajo cualquier franja horaria excepcional banda de mantenimiento i 3 horas condiciones de ejecución volumen relevante param_tipo_1_5_m_x_1_5_m_x_0_7_m param_trabajo_cualquier_franja_horaria_excepcional param_banda_de_mantenimiento_i_lt_3_horas param_condiciones_de_ejecución_volumen_relevante,suministro y montaje de suplemento de arqueta de registro de composite-prfv tipo sfc-8 de 150x150x70 cm existente trabajo: cualquier franja horaria excepcional banda de mantenimiento: i < 3 horas condiciones de ejecución: volumen relevante,suministro y montaje de suplemento de arqueta de registro de composite-prfv tipo sfc-7 de 170x81x70 cm existente trabajo: cualquier franja horaria excepcional banda de mantenimiento: i < 3 horas condiciones de ejecución: volumen relevante,150x150x70 < cm composite-prfv ejecución: mantenimiento: sfc-8 trabajo:,0.7 1.5 composite ejecución m mantenimiento param_banda_de_mantenimiento_i_lt_3_horas param_condiciones_de_ejecución_volumen_relevante param_tipo_1_5_m_x_1_5_m_x_0_7_m param_trabajo_cualquier_franja_horaria_excepcional prfv trabajo x,170x81x70 sfc-7,150x150x70 sfc-8,False,False,genuine rendering effect,composite dimension (e.g. 90x81x70) converted; the size token that separates sibling models is lost
single_unit_conversion,OEC120fcab_syn_3b42ad193e7d,80,OEC120fcab,OEC120hcab,2.0,True,"Suministro y montaje de suplemento de arqueta de registro de composite-PRFV tipo 0.60 m x 0.60 m x 0.75 m existente
Trabajo: Diurno Excepcional
Banda de mantenimiento: i >= 5 horas
Condiciones de ejecución: Volumen escaso",suministro y montaje de suplemento de arqueta de registro de composite prfv tipo 0.60 m x 0.60 m x 0.75 m existente trabajo diurno excepcional banda de mantenimiento i 5 horas condiciones de ejecución volumen escaso param_tipo_0_60_m_x_0_60_m_x_0_75_m param_trabajo_diurno_excepcional param_banda_de_mantenimiento_i_ge_5_horas param_condiciones_de_ejecución_volumen_escaso,suministro y montaje de suplemento de arqueta de registro de composite-prfv tipo sfct-1 de 60x60x75 cm existente trabajo: diurno excepcional banda de mantenimiento: i >= 5 horas condiciones de ejecución: volumen escaso,suministro y montaje de suplemento de arqueta de registro de composite-prfv tipo sfct-3 de 180x60x75 cm existente trabajo: diurno excepcional banda de mantenimiento: i >= 5 horas condiciones de ejecución: volumen escaso,60x60x75 >= cm composite-prfv ejecución: mantenimiento: sfct-1 trabajo:,0.60 0.75 composite ejecución m mantenimiento param_banda_de_mantenimiento_i_ge_5_horas param_condiciones_de_ejecución_volumen_escaso param_tipo_0_60_m_x_0_60_m_x_0_75_m param_trabajo_diurno_excepcional prfv trabajo x,180x60x75 sfct-3,60x60x75 sfct-1,False,False,genuine rendering effect,composite dimension (e.g. 90x81x70) converted; the size token that separates sibling models is lost
single_unit_conversion,OEC120fedc_syn_3060a8f5ee36,80,OEC120fedc,OEC120hedc,2.0,True,"Suministro y montaje de suplemento de arqueta de registro de composite-PRFV tipo 60 cm x 60 cm x 75 cm existente
Trabajo: Cualquier franja horaria
Banda de mantenimiento: No necesita intervalo
Condiciones de ejecución: Cualquier condición de ejecución",suministro y montaje de suplemento de arqueta de registro de composite prfv tipo 60 cm x 60 cm x 75 cm existente trabajo cualquier franja horaria banda de mantenimiento no necesita intervalo condiciones de ejecución cualquier condición de ejecución param_tipo_60_cm_x_60_cm_x_75_cm param_trabajo_cualquier_franja_horaria param_banda_de_mantenimiento_no_necesita_intervalo param_condiciones_de_ejecución_cualquier_condición_de_ejecución,suministro y montaje de suplemento de arqueta de registro de composite-prfv tipo sfct-1 de 60x60x75 cm existente trabajo: cualquier franja horaria banda de mantenimiento: no necesita intervalo condiciones de ejecución: cualquier condición de ejecución,suministro y montaje de suplemento de arqueta de registro de composite-prfv tipo sfct-3 de 180x60x75 cm existente trabajo: cualquier franja horaria banda de mantenimiento: no necesita intervalo condiciones de ejecución: cualquier condición de ejecución,60x60x75 composite-prfv ejecución: mantenimiento: sfct-1 trabajo:,60 75 composite mantenimiento param_banda_de_mantenimiento_no_necesita_intervalo param_condiciones_de_ejecución_cualquier_condición_de_ejecución param_tipo_60_cm_x_60_cm_x_75_cm param_trabajo_cualquier_franja_horaria prfv trabajo x,180x60x75 sfct-3,60x60x75 sfct-1,False,False,genuine rendering effect,composite dimension (e.g. 90x81x70) converted; the size token that separates sibling models is lost
single_unit_conversion,OEC120gdcb_syn_27e9e0ac4fdc,80,OEC120gdcb,OEC120hdcb,2.0,True,"Suministro y montaje de suplemento de arqueta de registro de composite-PRFV tipo 120 cm x 60 cm x 75 cm existente
Trabajo: Nocturno Excepcional
Banda de mantenimiento: i < 3 horas
Condiciones de ejecución: Volumen escaso",suministro y montaje de suplemento de arqueta de registro de composite prfv tipo 120 cm x 60 cm x 75 cm existente trabajo nocturno excepcional banda de mantenimiento i 3 horas condiciones de ejecución volumen escaso param_tipo_120_cm_x_60_cm_x_75_cm param_trabajo_nocturno_excepcional param_banda_de_mantenimiento_i_lt_3_horas param_condiciones_de_ejecución_volumen_escaso,suministro y montaje de suplemento de arqueta de registro de composite-prfv tipo sfct-2 de 120x60x75 cm existente trabajo: nocturno excepcional banda de mantenimiento: i < 3 horas condiciones de ejecución: volumen escaso,suministro y montaje de suplemento de arqueta de registro de composite-prfv tipo sfct-3 de 180x60x75 cm existente trabajo: nocturno excepcional banda de mantenimiento: i < 3 horas condiciones de ejecución: volumen escaso,120x60x75 < composite-prfv ejecución: mantenimiento: sfct-2 trabajo:,120 60 75 composite ejecución mantenimiento param_banda_de_mantenimiento_i_lt_3_horas param_condiciones_de_ejecución_volumen_escaso param_tipo_120_cm_x_60_cm_x_75_cm param_trabajo_nocturno_excepcional prfv trabajo x,180x60x75 sfct-3,120x60x75 sfct-2,False,False,genuine rendering effect,composite dimension (e.g. 90x81x70) converted; the size token that separates sibling models is lost
single_unit_conversion,OEC120hcaa_syn_d66d948227ba,80,OEC120hcaa,OEC120fcaa,3.0,True,"Suministro y montaje de suplemento de arqueta de registro de composite-PRFV tipo 180 cm x 60 cm x 75 cm existente
Trabajo: Diurno Excepcional
Banda de mantenimiento: i >= 5 horas
Condiciones de ejecución: Volumen relevante",suministro y montaje de suplemento de arqueta de registro de composite prfv tipo 180 cm x 60 cm x 75 cm existente trabajo diurno excepcional banda de mantenimiento i 5 horas condiciones de ejecución volumen relevante param_tipo_180_cm_x_60_cm_x_75_cm param_trabajo_diurno_excepcional param_banda_de_mantenimiento_i_ge_5_horas param_condiciones_de_ejecución_volumen_relevante,suministro y montaje de suplemento de arqueta de registro de composite-prfv tipo sfct-3 de 180x60x75 cm existente trabajo: diurno excepcional banda de mantenimiento: i >= 5 horas condiciones de ejecución: volumen relevante,suministro y montaje de suplemento de arqueta de registro de composite-prfv tipo sfct-1 de 60x60x75 cm existente trabajo: diurno excepcional banda de mantenimiento: i >= 5 horas condiciones de ejecución: volumen relevante,180x60x75 >= composite-prfv ejecución: mantenimiento: sfct-3 trabajo:,180 60 75 composite ejecución mantenimiento param_banda_de_mantenimiento_i_ge_5_horas param_condiciones_de_ejecución_volumen_relevante param_tipo_180_cm_x_60_cm_x_75_cm param_trabajo_diurno_excepcional prfv trabajo x,60x60x75 sfct-1,180x60x75 sfct-3,False,False,genuine rendering effect,composite dimension (e.g. 90x81x70) converted; the size token that separates sibling models is lost
single_unit_conversion,OEC120heac_syn_fec7e93598f1,80,OEC120heac,OEC120feac,17.0,True,"Suministro y montaje de suplemento de arqueta de registro de composite-PRFV tipo 1.8 m x 0.6 m x 0.75 m existente
Trabajo: Cualquier franja horaria
Banda de mantenimiento: i >= 5 horas
Condiciones de ejecución: Cualquier condición de ejecución",suministro y montaje de suplemento de arqueta de registro de composite prfv tipo 1.8 m x 0.6 m x 0.75 m existente trabajo cualquier franja horaria banda de mantenimiento i 5 horas condiciones de ejecución cualquier condición de ejecución param_tipo_1_8_m_x_0_6_m_x_0_75_m param_trabajo_cualquier_franja_horaria param_banda_de_mantenimiento_i_ge_5_horas param_condiciones_de_ejecución_cualquier_condición_de_ejecución,suministro y montaje de suplemento de arqueta de registro de composite-prfv tipo sfct-3 de 180x60x75 cm existente trabajo: cualquier franja horaria banda de mantenimiento: i >= 5 horas condiciones de ejecución: cualquier condición de ejecución,suministro y montaje de suplemento de arqueta de registro de composite-prfv tipo sfct-1 de 60x60x75 cm existente trabajo: cualquier franja horaria banda de mantenimiento: i >= 5 horas condiciones de ejecución: cualquier condición de ejecución,180x60x75 >= cm composite-prfv ejecución: mantenimiento: sfct-3 trabajo:,0.6 0.75 1.8 composite m mantenimiento param_banda_de_mantenimiento_i_ge_5_horas param_condiciones_de_ejecución_cualquier_condición_de_ejecución param_tipo_1_8_m_x_0_6_m_x_0_75_m param_trabajo_cualquier_franja_horaria prfv trabajo x,60x60x75 sfct-1,180x60x75 sfct-3,False,False,genuine rendering effect,composite dimension (e.g. 90x81x70) converted; the size token that separates sibling models is lost
single_unit_conversion,OEC120hecb_syn_249a6ca3d6b5,80,OEC120hecb,OEC120fecb,9.0,True,"Suministro y montaje de suplemento de arqueta de registro de composite-PRFV tipo 1.80 m x 0.60 m x 0.75 m existente
Trabajo: Cualquier franja horaria
Banda de mantenimiento: i < 3 horas
Condiciones de ejecución: Volumen escaso",suministro y montaje de suplemento de arqueta de registro de composite prfv tipo 1.80 m x 0.60 m x 0.75 m existente trabajo cualquier franja horaria banda de mantenimiento i 3 horas condiciones de ejecución volumen escaso param_tipo_1_80_m_x_0_60_m_x_0_75_m param_trabajo_cualquier_franja_horaria param_banda_de_mantenimiento_i_lt_3_horas param_condiciones_de_ejecución_volumen_escaso,suministro y montaje de suplemento de arqueta de registro de composite-prfv tipo sfct-3 de 180x60x75 cm existente trabajo: cualquier franja horaria banda de mantenimiento: i < 3 horas condiciones de ejecución: volumen escaso,suministro y montaje de suplemento de arqueta de registro de composite-prfv tipo sfct-1 de 60x60x75 cm existente trabajo: cualquier franja horaria banda de mantenimiento: i < 3 horas condiciones de ejecución: volumen escaso,180x60x75 < cm composite-prfv ejecución: mantenimiento: sfct-3 trabajo:,0.60 0.75 1.80 composite ejecución m mantenimiento param_banda_de_mantenimiento_i_lt_3_horas param_condiciones_de_ejecución_volumen_escaso param_tipo_1_80_m_x_0_60_m_x_0_75_m param_trabajo_cualquier_franja_horaria prfv trabajo x,60x60x75 sfct-1,180x60x75 sfct-3,False,False,genuine rendering effect,composite dimension (e.g. 90x81x70) converted; the size token that separates sibling models is lost
single_unit_conversion,OED120baca_syn_a2a145fcf069,80,OED120baca,OED120daca,3.0,True,"Cimentaciones especiales tipo puente, con barra corrugada roscada de 2.5 x 10^-2 m, desde plataforma o vía.
Trabajo: Diurno.
Banda de mantenimiento: i < 3 horas.
Condiciones de ejecución: Volumen relevante.",cimentaciones especiales tipo puente con barra corrugada roscada de 2.5 x 10 2 m desde plataforma o vía trabajo diurno banda de mantenimiento i 3 horas condiciones de ejecución volumen relevante param_barra_corrugada_roscada_2_5_x_10_2_m param_trabajo_diurno param_banda_de_mantenimiento_i_lt_3_horas param_condiciones_de_ejecución_volumen_relevante,"cimentaciones especiales tipo puente, con barra corrugada roscada de 25 mm , desde plataforma o vía. trabajo: diurno. banda de mantenimiento: i < 3 horas. condiciones de ejecución: volumen relevante.","cimentaciones especiales tipo puente, con barra corrugada roscada de 40 mm , desde plataforma o vía. trabajo: diurno. banda de mantenimiento: i < 3 horas. condiciones de ejecución: volumen relevante.",", 25 < diurno. ejecución: horas. mantenimiento: mm puente, relevante. trabajo: vía.",10 2 2.5 diurno ejecución horas m mantenimiento param_banda_de_mantenimiento_i_lt_3_horas param_barra_corrugada_roscada_2_5_x_10_2_m param_condiciones_de_ejecución_volumen_relevante param_trabajo_diurno puente relevante trabajo vía x,40,25,False,False,genuine rendering effect,converted value no longer matches the sibling-separating literal; rank-1 is a sibling
single_unit_conversion,OED120cbcb_syn_bb60fd2c5395,80,OED120cbcb,OED120dbcb,4.0,True,"Cimentaciones especiales tipo puente, con barra corrugada roscada de 0.032 m, desde plataforma o vía.
Trabajo: Nocturno.
Banda de mantenimiento: i < 3 horas.
Condiciones de ejecución: Volumen escaso.",cimentaciones especiales tipo puente con barra corrugada roscada de 0032 m desde plataforma o vía trabajo nocturno banda de mantenimiento i 3 horas condiciones de ejecución volumen escaso param_barra_corrugada_roscada_0032_m param_trabajo_nocturno param_banda_de_mantenimiento_i_lt_3_horas param_condiciones_de_ejecución_volumen_escaso,"cimentaciones especiales tipo puente, con barra corrugada roscada de 32 mm , desde plataforma o vía. trabajo: nocturno. banda de mantenimiento: i < 3 horas. condiciones de ejecución: volumen escaso.","cimentaciones especiales tipo puente, con barra corrugada roscada de 40 mm , desde plataforma o vía. trabajo: nocturno. banda de mantenimiento: i < 3 horas. condiciones de ejecución: volumen escaso.",", 32 < ejecución: escaso. horas. mantenimiento: mm nocturno. puente, trabajo: vía.",0032 ejecución escaso horas m mantenimiento nocturno param_banda_de_mantenimiento_i_lt_3_horas param_barra_corrugada_roscada_0032_m param_condiciones_de_ejecución_volumen_escaso param_trabajo_nocturno puente trabajo vía,40,32,True,False,genuine rendering effect,"converted value no longer matches the sibling-separating literal; rank-1 is a sibling; thousands-dot artefact present, not causal: mangled and unmangled forms are both out of vocabulary for the gold"
single_num_to_text,OEA040abcbc_syn_f94d2c778529,284,OEA040abcbc,OEA040aacbc,2.0,True,"Suministro y ejecución de canaleta enterrada con dos alveolos alveolos de composite-PTR 1000x264x266 mm, incluyendo la nivelación de la solera, la cama de arena de río de 5 cm y el relleno del sellado de los laterales de la canaleta de hormigón pobre, según ET 03.365.064.9.
Trabajo: Diurno Excepcional
Banda de mantenimiento: 3 <= i < 5 horas
Condiciones de ejecución: Cualquier condición de ejecución",suministro y ejecución de canaleta enterrada con dos alveolos alveolos de composite ptr 1000x264 x 266 mm incluyendo la nivelación de la solera la cama de arena de río de 5 cm y el relleno del sellado de los laterales de la canaleta de hormigón pobre según et 03365064.9 trabajo diurno excepcional banda de mantenimiento 3 i 5 horas condiciones de ejecución cualquier condición de ejecución param_tipo_enterrada param_alveolos_dos_alveolos param_trabajo_diurno_excepcional param_banda_de_mantenimiento_3_le_i_lt_5_horas param_condiciones_de_ejecución_cualquier_condición_de_ejecución,"suministro y ejecución de canaleta enterrada con 2 alveolos de composite-ptr 1000x264x266 mm, incluyendo la nivelación de la solera, la cama de arena de río de 5 cm y el relleno del sellado de los laterales de la canaleta de hormigón pobre, según et 03365064.9. trabajo: diurno excepcional banda de mantenimiento: 3 <= i < 5 horas condiciones de ejecución: cualquier condición de ejecución","suministro y ejecución de canaleta enterrada con 1 alveolos de composite-ptr 1000x264x266 mm, incluyendo la nivelación de la solera, la cama de arena de río de 5 cm y el relleno del sellado de los laterales de la canaleta de hormigón pobre, según et 03365064.9. trabajo: diurno excepcional banda de mantenimiento: 3 <= i < 5 horas condiciones de ejecución: cualquier condición de ejecución","03365064.9. 1000x264x266 2 < <= composite-ptr ejecución: mantenimiento: mm, pobre, solera, trabajo:",03365064.9 1000x264 266 composite dos mantenimiento mm param_alveolos_dos_alveolos param_banda_de_mantenimiento_3_le_i_lt_5_horas param_condiciones_de_ejecución_cualquier_condición_de_ejecución param_tipo_enterrada param_trabajo_diurno_excepcional pobre ptr solera trabajo x,1,2,True,True,genuine rendering effect,"discriminating numeral rendered as words; rank-1 is a sibling differing in that numeral; thousands-dot artefact present, not causal: mangled and unmangled forms are both out of vocabulary for the gold; token doubling (D-004) present, on a non-discriminating token"
single_num_to_text,OEB020aadda_syn_5baaa10b7687,284,OEB020aadda,OEB020hadda,7.0,True,"Canalización hormigonada de Dos tubos tubos de PVC de 110 mm de diámetro en cualquier clase de terreno, excepto roca, incluso el relleno y el compactado de la zanja, el suministro y el montaje de los tubos y hormigón tipo HE-20 sin vibrar, la prueba de los conductos, el transporte y la retirada de los productos al lugar de empleo.
Trabajo: Nocturno Excepcional
Banda de mantenimiento: No necesita intervalo
Condiciones de ejecución: Volumen relevante",canalización hormigonada de dos tubos tubos de pvc de 110 mm de diámetro en cualquier clase de terreno excepto roca incluso el relleno y el compactado de la zanja el suministro y el montaje de los tubos y hormigón tipo he 20 sin vibrar la prueba de los conductos el transporte y la retirada de los productos al lugar de empleo trabajo nocturno excepcional banda de mantenimiento no necesita intervalo condiciones de ejecución volumen relevante param_n_tubos_dos_tubos param_tipo_de_terreno_normal param_trabajo_nocturno_excepcional param_banda_de_mantenimiento_no_necesita_intervalo param_condiciones_de_ejecución_volumen_relevante,"canalización hormigonada de 2 tubos de pvc de 110 mm de diámetro en cualquier clase de terreno, excepto roca, incluso el relleno y el compactado de la zanja, el suministro y el montaje de los tubos y hormigón tipo he-20 sin vibrar, la prueba de los conductos, el transporte y la retirada de los productos al lugar de empleo. trabajo: nocturno excepcional banda de mantenimiento: no necesita intervalo condiciones de ejecución: volumen relevante","canalización hormigonada de 24 tubos de pvc de 110 mm de diámetro en cualquier clase de terreno, excepto roca, incluso el relleno y el compactado de la zanja, el suministro y el montaje de los tubos y hormigón tipo he-20 sin vibrar, la prueba de los conductos, el transporte y la retirada de los productos al lugar de empleo. trabajo: nocturno excepcional banda de mantenimiento: no necesita intervalo condiciones de ejecución: volumen relevante","2 conductos, ejecución: empleo. he-20 mantenimiento: roca, terreno, trabajo: vibrar, zanja,",20 conductos dos ejecución empleo he mantenimiento param_banda_de_mantenimiento_no_necesita_intervalo param_condiciones_de_ejecución_volumen_relevante param_n_tubos_dos_tubos param_tipo_de_terreno_normal param_trabajo_nocturno_excepcional roca terreno trabajo vibrar zanja,24,2,False,True,genuine rendering effect,"discriminating numeral rendered as words; rank-1 is a sibling differing in that numeral; token doubling (D-004) present, on a non-discriminating token"
single_num_to_text,OEB020ahedc_syn_61e323b312b1,284,OEB020ahedc,OEB020bhedc,6.0,True,"Canalización hormigonada de Número dos tubos de PVC de 110 mm de diámetro en cruce bajo vías ejecutado con topo, incluso el relleno y el compactado de la zanja, el suministro y el montaje de los tubos y hormigón tipo HE-20 sin vibrar, la prueba de los conductos, el transporte y la retirada de los productos al lugar de empleo. Incluso la construcción del pozo de ataque, entibación de los costados, instalación de un tubo guía de acero de 500 mm de diámetro. El suministro y montaje de los hilos guía y el sellado de las embocaduras con poliuretano expandido.
Trabajo: Cualquier franja horaria
Banda de mantenimiento: No necesita intervalo
Condiciones de ejecución: Cualquier condición de ejecución",canalización hormigonada de número dos tubos de pvc de 110 mm de diámetro en cruce bajo vías ejecutado con topo incluso el relleno y el compactado de la zanja el suministro y el montaje de los tubos y hormigón tipo he 20 sin vibrar la prueba de los conductos el transporte y la retirada de los productos al lugar de empleo incluso la construcción del pozo de ataque entibación de los costados instalación de un tubo guía de acero de 500 mm de diámetro el suministro y montaje de los hilos guía y el sellado de las embocaduras con poliuretano expandido trabajo cualquier franja horaria banda de mantenimiento no necesita intervalo condiciones de ejecución cualquier condición de ejecución param_n_tubos_número_dos param_tipo_de_terreno_con_topo param_trabajo_cualquier_franja_horaria param_banda_de_mantenimiento_no_necesita_intervalo param_condiciones_de_ejecución_cualquier_condición_de_ejecución,"canalización hormigonada de 2 tubos de pvc de 110 mm de diámetro en cruce bajo vías ejecutado con topo, incluso el relleno y el compactado de la zanja, el suministro y el montaje de los tubos y hormigón tipo he-20 sin vibrar, la prueba de los conductos, el transporte y la retirada de los productos al lugar de empleo. incluso la construcción del pozo de ataque, entibación de los costados, instalación de un tubo guía de acero de 500 mm de diámetro. el suministro y montaje de los hilos guía y el sellado de las embocaduras con poliuretano expandido. trabajo: cualquier franja horaria banda de mantenimiento: no necesita intervalo condiciones de ejecución: cualquier condición de ejecución","canalización hormigonada de 4 tubos de pvc de 110 mm de diámetro en cruce bajo vías ejecutado con topo, incluso el relleno y el compactado de la zanja, el suministro y el montaje de los tubos y hormigón tipo he-20 sin vibrar, la prueba de los conductos, el transporte y la retirada de los productos al lugar de empleo. incluso la construcción del pozo de ataque, entibación de los costados, instalación de un tubo guía de acero de 500 mm de diámetro. el suministro y montaje de los hilos guía y el sellado de las embocaduras con poliuretano expandido. trabajo: cualquier franja horaria banda de mantenimiento: no necesita intervalo condiciones de ejecución: cualquier condición de ejecución","2 ataque, conductos, costados, diámetro. ejecución: empleo. expandido. he-20 mantenimiento: topo, trabajo: vibrar, zanja,",20 ataque conductos costados dos empleo expandido he mantenimiento número param_banda_de_mantenimiento_no_necesita_intervalo param_condiciones_de_ejecución_cualquier_condición_de_ejecución param_n_tubos_número_dos param_tipo_de_terreno_con_topo param_trabajo_cualquier_franja_horaria topo trabajo vibrar zanja,4,2,False,False,genuine rendering effect,discriminating numeral rendered as words; rank-1 is a sibling differing in that numeral
single_num_to_text,OEB020bacaa_syn_f8656a330899,284,OEB020bacaa,OEB020gacaa,4.0,True,"Canalización hormigonada de Cuatro unidades tubos de PVC de 110 mm de diámetro en cualquier clase de terreno, excepto roca, incluso el relleno y el compactado de la zanja, el suministro y el montaje de los tubos y hormigón tipo HE-20 sin vibrar, la prueba de los conductos, el transporte y la retirada de los productos al lugar de empleo.
Trabajo: Diurno Excepcional
Banda de mantenimiento: i >= 5 horas
Condiciones de ejecución: Volumen relevante",canalización hormigonada de cuatro unidades tubos de pvc de 110 mm de diámetro en cualquier clase de terreno excepto roca incluso el relleno y el compactado de la zanja el suministro y el montaje de los tubos y hormigón tipo he 20 sin vibrar la prueba de los conductos el transporte y la retirada de los productos al lugar de empleo trabajo diurno excepcional banda de mantenimiento i 5 horas condiciones de ejecución volumen relevante param_n_tubos_cuatro_unidades param_tipo_de_terreno_normal param_trabajo_diurno_excepcional param_banda_de_mantenimiento_i_ge_5_horas param_condiciones_de_ejecución_volumen_relevante,"canalización hormigonada de 4 tubos de pvc de 110 mm de diámetro en cualquier clase de terreno, excepto roca, incluso el relleno y el compactado de la zanja, el suministro y el montaje de los tubos y hormigón tipo he-20 sin vibrar, la prueba de los conductos, el transporte y la retirada de los productos al lugar de empleo. trabajo: diurno excepcional banda de mantenimiento: i >= 5 horas condiciones de ejecución: volumen relevante","canalización hormigonada de 18 tubos de pvc de 110 mm de diámetro en cualquier clase de terreno, excepto roca, incluso el relleno y el compactado de la zanja, el suministro y el montaje de los tubos y hormigón tipo he-20 sin vibrar, la prueba de los conductos, el transporte y la retirada de los productos al lugar de empleo. trabajo: diurno excepcional banda de mantenimiento: i >= 5 horas condiciones de ejecución: volumen relevante","4 >= conductos, ejecución: empleo. he-20 mantenimiento: roca, terreno, trabajo: vibrar, zanja,",20 conductos cuatro ejecución empleo he mantenimiento param_banda_de_mantenimiento_i_ge_5_horas param_condiciones_de_ejecución_volumen_relevante param_n_tubos_cuatro_unidades param_tipo_de_terreno_normal param_trabajo_diurno_excepcional roca terreno trabajo unidades vibrar zanja,18,4,False,False,genuine rendering effect,discriminating numeral rendered as words; rank-1 is a sibling differing in that numeral
single_num_to_text,OEB020cgeac_syn_4b11b4229fff,284,OEB020cgeac,OEB020bgeac,5.0,True,"Canalización hormigonada de Seis tubos tubos de PVC de 110 mm de diámetro en zona de balasto, incluso el descerne y la entibación de los costados y la posterior reposición del balasto retirado, el relleno y el compactado de la zanja, el suministro y el montaje de los tubos y hormigón tipo HE-20 sin vibrar, la prueba de los conductos, el transporte y la retirada de los productos al lugar de empleo.
Trabajo: Cualquier franja horaria
Banda de mantenimiento: i >= 5 horas
Condiciones de ejecución: Cualquier condición de ejecución",canalización hormigonada de seis tubos tubos de pvc de 110 mm de diámetro en zona de balasto incluso el descerne y la entibación de los costados y la posterior reposición del balasto retirado el relleno y el compactado de la zanja el suministro y el montaje de los tubos y hormigón tipo he 20 sin vibrar la prueba de los conductos el transporte y la retirada de los productos al lugar de empleo trabajo cualquier franja horaria banda de mantenimiento i 5 horas condiciones de ejecución cualquier condición de ejecución param_n_tubos_seis_tubos param_tipo_de_terreno_balasto param_trabajo_cualquier_franja_horaria param_banda_de_mantenimiento_i_ge_5_horas param_condiciones_de_ejecución_cualquier_condición_de_ejecución,"canalización hormigonada de 6 tubos de pvc de 110 mm de diámetro en zona de balasto, incluso el descerne y la entibación de los costados y la posterior reposición del balasto retirado, el relleno y el compactado de la zanja, el suministro y el montaje de los tubos y hormigón tipo he-20 sin vibrar, la prueba de los conductos, el transporte y la retirada de los productos al lugar de empleo. trabajo: cualquier franja horaria banda de mantenimiento: i >= 5 horas condiciones de ejecución: cualquier condición de ejecución","canalización hormigonada de 4 tubos de pvc de 110 mm de diámetro en zona de balasto, incluso el descerne y la entibación de los costados y la posterior reposición del balasto retirado, el relleno y el compactado de la zanja, el suministro y el montaje de los tubos y hormigón tipo he-20 sin vibrar, la prueba de los conductos, el transporte y la retirada de los productos al lugar de empleo. trabajo: cualquier franja horaria banda de mantenimiento: i >= 5 horas condiciones de ejecución: cualquier condición de ejecución","6 >= balasto, conductos, ejecución: empleo. he-20 mantenimiento: retirado, trabajo: vibrar, zanja,",20 conductos empleo he mantenimiento param_banda_de_mantenimiento_i_ge_5_horas param_condiciones_de_ejecución_cualquier_condición_de_ejecución param_n_tubos_seis_tubos param_tipo_de_terreno_balasto param_trabajo_cualquier_franja_horaria retirado seis trabajo vibrar zanja,4,6,False,True,genuine rendering effect,"discriminating numeral rendered as words; rank-1 is a sibling differing in that numeral; token doubling (D-004) present, on a non-discriminating token"
single_num_to_text,OEB030agecc_syn_0520b4d472c8,284,OEB030agecc,OEB030cgecc,8.0,True,"Canalización hormigonada de Un tubo tubos de polietileno libre de halógenos de 110 mm de diámetro en zona de balasto, incluso el descerne y la entibación de los costados y la posterior reposición del balasto retirado, el relleno y compactado de la zanja, el suministro y montaje de los tubos y hormigón tipo HE-20 sin vibrar, la prueba de los conductos, el transporte y la retirada de los productos al lugar de empleo
Trabajo: Cualquier franja horaria
Banda de mantenimiento: i < 3 horas
Condiciones de ejecución: Cualquier condición de ejecución",canalización hormigonada de un tubo tubos de polietileno libre de halógenos de 110 mm de diámetro en zona de balasto incluso el descerne y la entibación de los costados y la posterior reposición del balasto retirado el relleno y compactado de la zanja el suministro y montaje de los tubos y hormigón tipo he 20 sin vibrar la prueba de los conductos el transporte y la retirada de los productos al lugar de empleo trabajo cualquier franja horaria banda de mantenimiento i 3 horas condiciones de ejecución cualquier condición de ejecución param_n_tubos_un_tubo param_tipo_de_terreno_balasto param_trabajo_cualquier_franja_horaria param_banda_de_mantenimiento_i_lt_3_horas param_condiciones_de_ejecución_cualquier_condición_de_ejecución,"canalización hormigonada de 1 tubos de polietileno libre de halógenos de 110 mm de diámetro en zona de balasto, incluso el descerne y la entibación de los costados y la posterior reposición del balasto retirado, el relleno y compactado de la zanja, el suministro y montaje de los tubos y hormigón tipo he-20 sin vibrar, la prueba de los conductos, el transporte y la retirada de los productos al lugar de empleo trabajo: cualquier franja horaria banda de mantenimiento: i < 3 horas condiciones de ejecución: cualquier condición de ejecución","canalización hormigonada de 3 tubos de polietileno libre de halógenos de 110 mm de diámetro en zona de balasto, incluso el descerne y la entibación de los costados y la posterior reposición del balasto retirado, el relleno y compactado de la zanja, el suministro y montaje de los tubos y hormigón tipo he-20 sin vibrar, la prueba de los conductos, el transporte y la retirada de los productos al lugar de empleo trabajo: cualquier franja horaria banda de mantenimiento: i < 3 horas condiciones de ejecución: cualquier condición de ejecución","1 < balasto, conductos, ejecución: he-20 mantenimiento: retirado, trabajo: vibrar, zanja,",20 conductos he mantenimiento param_banda_de_mantenimiento_i_lt_3_horas param_condiciones_de_ejecución_cualquier_condición_de_ejecución param_n_tubos_un_tubo param_tipo_de_terreno_balasto param_trabajo_cualquier_franja_horaria retirado trabajo tubo un vibrar zanja,,1,False,False,genuine rendering effect,discriminating numeral rendered as words; rank-1 is a sibling differing in that numeral
single_num_to_text,OEB030bbbdb_syn_76e44ca1e6b5,284,OEB030bbbdb,OEB030fbbdb,6.0,True,"Canalización hormigonada de Dos tubos tubos de polietileno libre de halógenos de 110 mm de diámetro en cruce bajo vías, incluso el descerne y la entibación de los costados y la posterior reposición del balasto retirado, el relleno y compactado de la zanja, el suministro y montaje de los tubos y hormigón tipo HE-20 sin vibrar, la prueba de los conductos, el transporte y la retirada de los productos al lugar de empleo
Trabajo: Nocturno
Banda de mantenimiento: No necesita intervalo
Condiciones de ejecución: Volumen escaso",canalización hormigonada de dos tubos tubos de polietileno libre de halógenos de 110 mm de diámetro en cruce bajo vías incluso el descerne y la entibación de los costados y la posterior reposición del balasto retirado el relleno y compactado de la zanja el suministro y montaje de los tubos y hormigón tipo he 20 sin vibrar la prueba de los conductos el transporte y la retirada de los productos al lugar de empleo trabajo nocturno banda de mantenimiento no necesita intervalo condiciones de ejecución volumen escaso param_n_tubos_dos_tubos param_tipo_de_terreno_bajo_vías param_trabajo_nocturno param_banda_de_mantenimiento_no_necesita_intervalo param_condiciones_de_ejecución_volumen_escaso,"canalización hormigonada de 2 tubos de polietileno libre de halógenos de 110 mm de diámetro en cruce bajo vías, incluso el descerne y la entibación de los costados y la posterior reposición del balasto retirado, el relleno y compactado de la zanja, el suministro y montaje de los tubos y hormigón tipo he-20 sin vibrar, la prueba de los conductos, el transporte y la retirada de los productos al lugar de empleo trabajo: nocturno banda de mantenimiento: no necesita intervalo condiciones de ejecución: volumen escaso","canalización hormigonada de 6 tubos de polietileno libre de halógenos de 110 mm de diámetro en cruce bajo vías, incluso el descerne y la entibación de los costados y la posterior reposición del balasto retirado, el relleno y compactado de la zanja, el suministro y montaje de los tubos y hormigón tipo he-20 sin vibrar, la prueba de los conductos, el transporte y la retirada de los productos al lugar de empleo trabajo: nocturno banda de mantenimiento: no necesita intervalo condiciones de ejecución: volumen escaso","2 conductos, ejecución: he-20 mantenimiento: retirado, trabajo: vibrar, vías, zanja,",20 conductos dos ejecución he mantenimiento param_banda_de_mantenimiento_no_necesita_intervalo param_condiciones_de_ejecución_volumen_escaso param_n_tubos_dos_tubos param_tipo_de_terreno_bajo_vías param_trabajo_nocturno retirado trabajo vibrar vías zanja,6,2,False,True,genuine rendering effect,"discriminating numeral rendered as words; rank-1 is a sibling differing in that numeral; token doubling (D-004) present, on a non-discriminating token"
single_num_to_text,OEB030cbcba_syn_f15b5fa9907d,284,OEB030cbcba,OEC030kcba,19.0,False,"Canalización hormigonada de Tres tubos tubos de polietileno libre de halógenos de 110 mm de diámetro en cruce bajo vías, incluso el descerne y la entibación de los costados y la posterior reposición del balasto retirado, el relleno y compactado de la zanja, el suministro y montaje de los tubos y hormigón tipo HE-20 sin vibrar, la prueba de los conductos, el transporte y la retirada de los productos al lugar de empleo
Trabajo: Diurno Excepcional
Banda de mantenimiento: 3 <= i < 5 horas
Condiciones de ejecución: Volumen relevante",canalización hormigonada de tres tubos tubos de polietileno libre de halógenos de 110 mm de diámetro en cruce bajo vías incluso el descerne y la entibación de los costados y la posterior reposición del balasto retirado el relleno y compactado de la zanja el suministro y montaje de los tubos y hormigón tipo he 20 sin vibrar la prueba de los conductos el transporte y la retirada de los productos al lugar de empleo trabajo diurno excepcional banda de mantenimiento 3 i 5 horas condiciones de ejecución volumen relevante param_n_tubos_tres_tubos param_tipo_de_terreno_bajo_vías param_trabajo_diurno_excepcional param_banda_de_mantenimiento_3_le_i_lt_5_horas param_condiciones_de_ejecución_volumen_relevante,"canalización hormigonada de 3 tubos de polietileno libre de halógenos de 110 mm de diámetro en cruce bajo vías, incluso el descerne y la entibación de los costados y la posterior reposición del balasto retirado, el relleno y compactado de la zanja, el suministro y montaje de los tubos y hormigón tipo he-20 sin vibrar, la prueba de los conductos, el transporte y la retirada de los productos al lugar de empleo trabajo: diurno excepcional banda de mantenimiento: 3 <= i < 5 horas condiciones de ejecución: volumen relevante",arqueta de registro de composite-prfv tipo afc-3 de 180x60x75 cm en túnel .incluido el marco angular galvanizado y tres tapas de fundición dúctil (d400). trabajo: diurno excepcional banda de mantenimiento: 3 <= i < 5 horas condiciones de ejecución: volumen relevante,"< <= conductos, ejecución: he-20 mantenimiento: retirado, trabajo: vibrar, vías, zanja,",20 conductos ejecución he mantenimiento param_banda_de_mantenimiento_3_le_i_lt_5_horas param_condiciones_de_ejecución_volumen_relevante param_n_tubos_tres_tubos param_tipo_de_terreno_bajo_vías param_trabajo_diurno_excepcional retirado trabajo tres vibrar vías zanja,(d400). .incluido 180x60x75 afc-3 angular arqueta cm composite-prfv dúctil fundición galvanizado marco registro tapas tres túnel,"110 al bajo balasto canalización compactado conductos, costados cruce del descerne diámetro empleo entibación halógenos he-20 hormigonada hormigón incluso la libre los lugar mm montaje polietileno posterior productos prueba relleno reposición retirada retirado, sin suministro transporte tubos vibrar, vías, zanja,",False,True,genuine rendering effect,"numeral rendered as words; remaining tokens pull toward another concept; token doubling (D-004) present, on a non-discriminating token"
single_num_to_text,OEB030cgdaa_syn_f60382fa4898,284,OEB030cgdaa,OEC030kdaa,39.0,False,"Canalización hormigonada de Tres elementos tubos de polietileno libre de halógenos de 110 mm de diámetro en zona de balasto, incluso el descerne y la entibación de los costados y la posterior reposición del balasto retirado, el relleno y compactado de la zanja, el suministro y montaje de los tubos y hormigón tipo HE-20 sin vibrar, la prueba de los conductos, el transporte y la retirada de los productos al lugar de empleo
Trabajo: Nocturno Excepcional
Banda de mantenimiento: i >= 5 horas
Condiciones de ejecución: Volumen relevante",canalización hormigonada de tres elementos tubos de polietileno libre de halógenos de 110 mm de diámetro en zona de balasto incluso el descerne y la entibación de los costados y la posterior reposición del balasto retirado el relleno y compactado de la zanja el suministro y montaje de los tubos y hormigón tipo he 20 sin vibrar la prueba de los conductos el transporte y la retirada de los productos al lugar de empleo trabajo nocturno excepcional banda de mantenimiento i 5 horas condiciones de ejecución volumen relevante param_n_tubos_tres_elementos param_tipo_de_terreno_balasto param_trabajo_nocturno_excepcional param_banda_de_mantenimiento_i_ge_5_horas param_condiciones_de_ejecución_volumen_relevante,"canalización hormigonada de 3 tubos de polietileno libre de halógenos de 110 mm de diámetro en zona de balasto, incluso el descerne y la entibación de los costados y la posterior reposición del balasto retirado, el relleno y compactado de la zanja, el suministro y montaje de los tubos y hormigón tipo he-20 sin vibrar, la prueba de los conductos, el transporte y la retirada de los productos al lugar de empleo trabajo: nocturno excepcional banda de mantenimiento: i >= 5 horas condiciones de ejecución: volumen relevante",arqueta de registro de composite-prfv tipo afc-3 de 180x60x75 cm en túnel .incluido el marco angular galvanizado y tres tapas de fundición dúctil (d400). trabajo: nocturno excepcional banda de mantenimiento: i >= 5 horas condiciones de ejecución: volumen relevante,"3 >= balasto, conductos, ejecución: he-20 mantenimiento: retirado, trabajo: vibrar, zanja,",20 conductos ejecución elementos he mantenimiento param_banda_de_mantenimiento_i_ge_5_horas param_condiciones_de_ejecución_volumen_relevante param_n_tubos_tres_elementos param_tipo_de_terreno_balasto param_trabajo_nocturno_excepcional retirado trabajo tres vibrar zanja,(d400). .incluido 180x60x75 afc-3 angular arqueta cm composite-prfv dúctil fundición galvanizado marco registro tapas tres túnel,"110 3 al balasto balasto, canalización compactado conductos, costados del descerne diámetro empleo entibación halógenos he-20 hormigonada hormigón incluso la libre los lugar mm montaje polietileno posterior productos prueba relleno reposición retirada retirado, sin suministro transporte tubos vibrar, zanja, zona",False,False,genuine rendering effect,numeral rendered as words; remaining tokens pull toward another concept
single_num_to_text,OEB030decdc_syn_04571b5bf59a,284,OEB030decdc,OEB030hecdc,11.0,True,"Canalización hormigonada de Cuatro unidades tubos de polietileno libre de halógenos de 110 mm de diámetro en andén, incluso la demolición y reposición del pavimento y la solera, el relleno y compactado de la zanja, el suministro y montaje de los tubos y hormigón tipo HE-20 sin vibrar, la prueba de los conductos, el transporte y la retirada de los productos al lugar de empleo
Trabajo: Diurno Excepcional
Banda de mantenimiento: No necesita intervalo
Condiciones de ejecución: Cualquier condición de ejecución",canalización hormigonada de cuatro unidades tubos de polietileno libre de halógenos de 110 mm de diámetro en andén incluso la demolición y reposición del pavimento y la solera el relleno y compactado de la zanja el suministro y montaje de los tubos y hormigón tipo he 20 sin vibrar la prueba de los conductos el transporte y la retirada de los productos al lugar de empleo trabajo diurno excepcional banda de mantenimiento no necesita intervalo condiciones de ejecución cualquier condición de ejecución param_n_tubos_cuatro_unidades param_tipo_de_terreno_andén param_trabajo_diurno_excepcional param_banda_de_mantenimiento_no_necesita_intervalo param_condiciones_de_ejecución_cualquier_condición_de_ejecución,"canalización hormigonada de 4 tubos de polietileno libre de halógenos de 110 mm de diámetro en andén, incluso la demolición y reposición del pavimento y la solera, el relleno y compactado de la zanja, el suministro y montaje de los tubos y hormigón tipo he-20 sin vibrar, la prueba de los conductos, el transporte y la retirada de los productos al lugar de empleo trabajo: diurno excepcional banda de mantenimiento: no necesita intervalo condiciones de ejecución: cualquier condición de ejecución","canalización hormigonada de 12 tubos de polietileno libre de halógenos de 110 mm de diámetro en andén, incluso la demolición y reposición del pavimento y la solera, el relleno y compactado de la zanja, el suministro y montaje de los tubos y hormigón tipo he-20 sin vibrar, la prueba de los conductos, el transporte y la retirada de los productos al lugar de empleo trabajo: diurno excepcional banda de mantenimiento: no necesita intervalo condiciones de ejecución: cualquier condición de ejecución","4 andén, conductos, ejecución: he-20 mantenimiento: solera, trabajo: vibrar, zanja,",20 andén conductos cuatro he mantenimiento param_banda_de_mantenimiento_no_necesita_intervalo param_condiciones_de_ejecución_cualquier_condición_de_ejecución param_n_tubos_cuatro_unidades param_tipo_de_terreno_andén param_trabajo_diurno_excepcional solera trabajo unidades vibrar zanja,12,4,False,False,genuine rendering effect,discriminating numeral rendered as words; rank-1 is a sibling differing in that numeral
single_num_to_text,OEB030hfbbb_syn_36c77d80abd7,284,OEB030hfbbb,OEB030efbbb,8.0,True,"Canalización hormigonada de Doce unidades tubos de polietileno libre de halógenos de 110 mm de diámetro adosada o superficial, incluso el relleno y compactado de la zanja, la preparación y la nivelación de la solera, el suministro y montaje del encofrado, elementos de fijación, desencofrado, el suministro y montaje de los tubos y hormigón tipo HE-20 sin vibrar, la prueba de los conductos, el transporte y la retirada de los productos al lugar de empleo
Trabajo: Nocturno
Banda de mantenimiento: 3 <= i < 5 horas
Condiciones de ejecución: Volumen escaso",canalización hormigonada de doce unidades tubos de polietileno libre de halógenos de 110 mm de diámetro adosada o superficial incluso el relleno y compactado de la zanja la preparación y la nivelación de la solera el suministro y montaje del encofrado elementos de fijación desencofrado el suministro y montaje de los tubos y hormigón tipo he 20 sin vibrar la prueba de los conductos el transporte y la retirada de los productos al lugar de empleo trabajo nocturno banda de mantenimiento 3 i 5 horas condiciones de ejecución volumen escaso param_n_tubos_doce_unidades param_tipo_de_terreno_adosada param_trabajo_nocturno param_banda_de_mantenimiento_3_le_i_lt_5_horas param_condiciones_de_ejecución_volumen_escaso,"canalización hormigonada de 12 tubos de polietileno libre de halógenos de 110 mm de diámetro adosada o superficial, incluso el relleno y compactado de la zanja, la preparación y la nivelación de la solera, el suministro y montaje del encofrado, elementos de fijación, desencofrado, el suministro y montaje de los tubos y hormigón tipo he-20 sin vibrar, la prueba de los conductos, el transporte y la retirada de los productos al lugar de empleo trabajo: nocturno banda de mantenimiento: 3 <= i < 5 horas condiciones de ejecución: volumen escaso","canalización hormigonada de 5 tubos de polietileno libre de halógenos de 110 mm de diámetro adosada o superficial, incluso el relleno y compactado de la zanja, la preparación y la nivelación de la solera, el suministro y montaje del encofrado, elementos de fijación, desencofrado, el suministro y montaje de los tubos y hormigón tipo he-20 sin vibrar, la prueba de los conductos, el transporte y la retirada de los productos al lugar de empleo trabajo: nocturno banda de mantenimiento: 3 <= i < 5 horas condiciones de ejecución: volumen escaso","12 < <= conductos, desencofrado, ejecución: encofrado, fijación, he-20 mantenimiento: solera, superficial, trabajo: vibrar, zanja,",20 conductos desencofrado doce ejecución encofrado fijación he mantenimiento param_banda_de_mantenimiento_3_le_i_lt_5_horas param_condiciones_de_ejecución_volumen_escaso param_n_tubos_doce_unidades param_tipo_de_terreno_adosada param_trabajo_nocturno solera superficial trabajo unidades vibrar zanja,,12,False,False,genuine rendering effect,discriminating numeral rendered as words; rank-1 is a sibling differing in that numeral
single_num_to_text,OEB030hhbbc_syn_00023c8f12f7,284,OEB030hhbbc,OEB030ehbbc,10.0,True,"Canalización hormigonada de Doce tubos tubos de polietileno libre de halógenos de 110 mm de diámetro en cruce bajo vías ejecutado con topo, incluso el relleno y compactado de la zanja, el suministro y montaje de los tubos y hormigón tipo HE-20 sin vibrar, la prueba de los conductos, el transporte y la retirada de los productos al lugar de empleo incluso la construcción del pozo de ataque, entibación de los costados, instalación de un tubo guía de acero de 500 mm de diámetro, el suministro y montaje de los hilos guía y el sellado de las embocaduras con poliuretano expandido.
Trabajo: Nocturno
Banda de mantenimiento: 3 <= i < 5 horas
Condiciones de ejecución: Cualquier condición de ejecución",canalización hormigonada de doce tubos tubos de polietileno libre de halógenos de 110 mm de diámetro en cruce bajo vías ejecutado con topo incluso el relleno y compactado de la zanja el suministro y montaje de los tubos y hormigón tipo he 20 sin vibrar la prueba de los conductos el transporte y la retirada de los productos al lugar de empleo incluso la construcción del pozo de ataque entibación de los costados instalación de un tubo guía de acero de 500 mm de diámetro el suministro y montaje de los hilos guía y el sellado de las embocaduras con poliuretano expandido trabajo nocturno banda de mantenimiento 3 i 5 horas condiciones de ejecución cualquier condición de ejecución param_n_tubos_doce_tubos param_tipo_de_terreno_con_topo param_trabajo_nocturno param_banda_de_mantenimiento_3_le_i_lt_5_horas param_condiciones_de_ejecución_cualquier_condición_de_ejecución,"canalización hormigonada de 12 tubos de polietileno libre de halógenos de 110 mm de diámetro en cruce bajo vías ejecutado con topo, incluso el relleno y compactado de la zanja, el suministro y montaje de los tubos y hormigón tipo he-20 sin vibrar, la prueba de los conductos, el transporte y la retirada de los productos al lugar de empleo incluso la construcción del pozo de ataque, entibación de los costados, instalación de un tubo guía de acero de 500 mm de diámetro, el suministro y montaje de los hilos guía y el sellado de las embocaduras con poliuretano expandido. trabajo: nocturno banda de mantenimiento: 3 <= i < 5 horas condiciones de ejecución: cualquier condición de ejecución","canalización hormigonada de 5 tubos de polietileno libre de halógenos de 110 mm de diámetro en cruce bajo vías ejecutado con topo, incluso el relleno y compactado de la zanja, el suministro y montaje de los tubos y hormigón tipo he-20 sin vibrar, la prueba de los conductos, el transporte y la retirada de los productos al lugar de empleo incluso la construcción del pozo de ataque, entibación de los costados, instalación de un tubo guía de acero de 500 mm de diámetro, el suministro y montaje de los hilos guía y el sellado de las embocaduras con poliuretano expandido. trabajo: nocturno banda de mantenimiento: 3 <= i < 5 horas condiciones de ejecución: cualquier condición de ejecución","12 < <= ataque, conductos, costados, diámetro, ejecución: expandido. he-20 mantenimiento: topo, trabajo: vibrar, zanja,",20 ataque conductos costados doce expandido he mantenimiento param_banda_de_mantenimiento_3_le_i_lt_5_horas param_condiciones_de_ejecución_cualquier_condición_de_ejecución param_n_tubos_doce_tubos param_tipo_de_terreno_con_topo param_trabajo_nocturno topo trabajo vibrar zanja,,12,False,True,genuine rendering effect,"discriminating numeral rendered as words; rank-1 is a sibling differing in that numeral; token doubling (D-004) present, on a non-discriminating token"
single_num_to_text,OEB030icbaa_syn_596e6f29c797,284,OEB030icbaa,OEB030ecbaa,11.0,True,"Canalización hormigonada de Número dieciséis tubos de polietileno libre de halógenos de 110 mm de diámetro en terreno rocoso, incluso la demolición de roca dura, el relleno y compactado de la zanja, el suministro y montaje de los tubos y hormigón tipo HE-20 sin vibrar, la prueba de los conductos, el transporte y la retirada de los productos al lugar de empleo
Trabajo: Nocturno
Banda de mantenimiento: i >= 5 horas
Condiciones de ejecución: Volumen relevante",canalización hormigonada de número dieciséis tubos de polietileno libre de halógenos de 110 mm de diámetro en terreno rocoso incluso la demolición de roca dura el relleno y compactado de la zanja el suministro y montaje de los tubos y hormigón tipo he 20 sin vibrar la prueba de los conductos el transporte y la retirada de los productos al lugar de empleo trabajo nocturno banda de mantenimiento i 5 horas condiciones de ejecución volumen relevante param_n_tubos_número_dieciséis param_tipo_de_terreno_rocoso param_trabajo_nocturno param_banda_de_mantenimiento_i_ge_5_horas param_condiciones_de_ejecución_volumen_relevante,"canalización hormigonada de 16 tubos de polietileno libre de halógenos de 110 mm de diámetro en terreno rocoso, incluso la demolición de roca dura, el relleno y compactado de la zanja, el suministro y montaje de los tubos y hormigón tipo he-20 sin vibrar, la prueba de los conductos, el transporte y la retirada de los productos al lugar de empleo trabajo: nocturno banda de mantenimiento: i >= 5 horas condiciones de ejecución: volumen relevante","canalización hormigonada de 5 tubos de polietileno libre de halógenos de 110 mm de diámetro en terreno rocoso, incluso la demolición de roca dura, el relleno y compactado de la zanja, el suministro y montaje de los tubos y hormigón tipo he-20 sin vibrar, la prueba de los conductos, el transporte y la retirada de los productos al lugar de empleo trabajo: nocturno banda de mantenimiento: i >= 5 horas condiciones de ejecución: volumen relevante","16 >= conductos, dura, ejecución: he-20 mantenimiento: rocoso, trabajo: vibrar, zanja,",20 conductos dieciséis dura ejecución he mantenimiento número param_banda_de_mantenimiento_i_ge_5_horas param_condiciones_de_ejecución_volumen_relevante param_n_tubos_número_dieciséis param_tipo_de_terreno_rocoso param_trabajo_nocturno rocoso trabajo vibrar zanja,,16,False,False,genuine rendering effect,discriminating numeral rendered as words; rank-1 is a sibling differing in that numeral
single_num_to_text,OEB030ifcac_syn_ba7ab1938696,284,OEB030ifcac,OEB030efcac,7.0,True,"Canalización hormigonada de Dieciséis unidades tubos de polietileno libre de halógenos de 110 mm de diámetro adosada o superficial, incluso el relleno y compactado de la zanja, la preparación y la nivelación de la solera, el suministro y montaje del encofrado, elementos de fijación, desencofrado, el suministro y montaje de los tubos y hormigón tipo HE-20 sin vibrar, la prueba de los conductos, el transporte y la retirada de los productos al lugar de empleo
Trabajo: Diurno Excepcional
Banda de mantenimiento: i >= 5 horas
Condiciones de ejecución: Cualquier condición de ejecución",canalización hormigonada de dieciséis unidades tubos de polietileno libre de halógenos de 110 mm de diámetro adosada o superficial incluso el relleno y compactado de la zanja la preparación y la nivelación de la solera el suministro y montaje del encofrado elementos de fijación desencofrado el suministro y montaje de los tubos y hormigón tipo he 20 sin vibrar la prueba de los conductos el transporte y la retirada de los productos al lugar de empleo trabajo diurno excepcional banda de mantenimiento i 5 horas condiciones de ejecución cualquier condición de ejecución param_n_tubos_dieciséis_unidades param_tipo_de_terreno_adosada param_trabajo_diurno_excepcional param_banda_de_mantenimiento_i_ge_5_horas param_condiciones_de_ejecución_cualquier_condición_de_ejecución,"canalización hormigonada de 16 tubos de polietileno libre de halógenos de 110 mm de diámetro adosada o superficial, incluso el relleno y compactado de la zanja, la preparación y la nivelación de la solera, el suministro y montaje del encofrado, elementos de fijación, desencofrado, el suministro y montaje de los tubos y hormigón tipo he-20 sin vibrar, la prueba de los conductos, el transporte y la retirada de los productos al lugar de empleo trabajo: diurno excepcional banda de mantenimiento: i >= 5 horas condiciones de ejecución: cualquier condición de ejecución","canalización hormigonada de 5 tubos de polietileno libre de halógenos de 110 mm de diámetro adosada o superficial, incluso el relleno y compactado de la zanja, la preparación y la nivelación de la solera, el suministro y montaje del encofrado, elementos de fijación, desencofrado, el suministro y montaje de los tubos y hormigón tipo he-20 sin vibrar, la prueba de los conductos, el transporte y la retirada de los productos al lugar de empleo trabajo: diurno excepcional banda de mantenimiento: i >= 5 horas condiciones de ejecución: cualquier condición de ejecución","16 >= conductos, desencofrado, ejecución: encofrado, fijación, he-20 mantenimiento: solera, superficial, trabajo: vibrar, zanja,",20 conductos desencofrado dieciséis encofrado fijación he mantenimiento param_banda_de_mantenimiento_i_ge_5_horas param_condiciones_de_ejecución_cualquier_condición_de_ejecución param_n_tubos_dieciséis_unidades param_tipo_de_terreno_adosada param_trabajo_diurno_excepcional solera superficial trabajo unidades vibrar zanja,,16,False,False,genuine rendering effect,discriminating numeral rendered as words; rank-1 is a sibling differing in that numeral
single_num_to_text,OEB030kbcab_syn_19e3d20cff57,284,OEB030kbcab,OEB030ebcab,6.0,True,"Canalización hormigonada de Veinticuatro tubos tubos de polietileno libre de halógenos de 110 mm de diámetro en cruce bajo vías, incluso el descerne y la entibación de los costados y la posterior reposición del balasto retirado, el relleno y compactado de la zanja, el suministro y montaje de los tubos y hormigón tipo HE-20 sin vibrar, la prueba de los conductos, el transporte y la retirada de los productos al lugar de empleo
Trabajo: Diurno Excepcional
Banda de mantenimiento: i >= 5 horas
Condiciones de ejecución: Volumen escaso",canalización hormigonada de veinticuatro tubos tubos de polietileno libre de halógenos de 110 mm de diámetro en cruce bajo vías incluso el descerne y la entibación de los costados y la posterior reposición del balasto retirado el relleno y compactado de la zanja el suministro y montaje de los tubos y hormigón tipo he 20 sin vibrar la prueba de los conductos el transporte y la retirada de los productos al lugar de empleo trabajo diurno excepcional banda de mantenimiento i 5 horas condiciones de ejecución volumen escaso param_n_tubos_veinticuatro_tubos param_tipo_de_terreno_bajo_vías param_trabajo_diurno_excepcional param_banda_de_mantenimiento_i_ge_5_horas param_condiciones_de_ejecución_volumen_escaso,"canalización hormigonada de 24 tubos de polietileno libre de halógenos de 110 mm de diámetro en cruce bajo vías, incluso el descerne y la entibación de los costados y la posterior reposición del balasto retirado, el relleno y compactado de la zanja, el suministro y montaje de los tubos y hormigón tipo he-20 sin vibrar, la prueba de los conductos, el transporte y la retirada de los productos al lugar de empleo trabajo: diurno excepcional banda de mantenimiento: i >= 5 horas condiciones de ejecución: volumen escaso","canalización hormigonada de 5 tubos de polietileno libre de halógenos de 110 mm de diámetro en cruce bajo vías, incluso el descerne y la entibación de los costados y la posterior reposición del balasto retirado, el relleno y compactado de la zanja, el suministro y montaje de los tubos y hormigón tipo he-20 sin vibrar, la prueba de los conductos, el transporte y la retirada de los productos al lugar de empleo trabajo: diurno excepcional banda de mantenimiento: i >= 5 horas condiciones de ejecución: volumen escaso","24 >= conductos, ejecución: he-20 mantenimiento: retirado, trabajo: vibrar, vías, zanja,",20 conductos ejecución he mantenimiento param_banda_de_mantenimiento_i_ge_5_horas param_condiciones_de_ejecución_volumen_escaso param_n_tubos_veinticuatro_tubos param_tipo_de_terreno_bajo_vías param_trabajo_diurno_excepcional retirado trabajo veinticuatro vibrar vías zanja,,24,False,True,genuine rendering effect,"discriminating numeral rendered as words; rank-1 is a sibling differing in that numeral; token doubling (D-004) present, on a non-discriminating token"
single_num_to_text,OEB230aadcb_syn_df85ed044bc1,284,OEB230aadcb,OEB230cadcb,10.0,True,"Canalización hormigonada de Un solo tubo tubos de polietileno libre de halógenos de 200 mm de diámetro en cualquier clase de terreno, excepto roca, incluso el relleno y compactado de la zanja, el suministro y montaje de los tubos y hormigón tipo HE-20 sin vibrar, la prueba de los conductos, el transporte y la retirada de los productos al lugar de empleo
Trabajo: Nocturno Excepcional
Banda de mantenimiento: i < 3 horas
Condiciones de ejecución: Volumen escaso",canalización hormigonada de un solo tubo tubos de polietileno libre de halógenos de 200 mm de diámetro en cualquier clase de terreno excepto roca incluso el relleno y compactado de la zanja el suministro y montaje de los tubos y hormigón tipo he 20 sin vibrar la prueba de los conductos el transporte y la retirada de los productos al lugar de empleo trabajo nocturno excepcional banda de mantenimiento i 3 horas condiciones de ejecución volumen escaso param_n_tubos_un_solo_tubo param_tipo_de_terreno_normal param_trabajo_nocturno_excepcional param_banda_de_mantenimiento_i_lt_3_horas param_condiciones_de_ejecución_volumen_escaso,"canalización hormigonada de 1 tubos de polietileno libre de halógenos de 200 mm de diámetro en cualquier clase de terreno, excepto roca, incluso el relleno y compactado de la zanja, el suministro y montaje de los tubos y hormigón tipo he-20 sin vibrar, la prueba de los conductos, el transporte y la retirada de los productos al lugar de empleo trabajo: nocturno excepcional banda de mantenimiento: i < 3 horas condiciones de ejecución: volumen escaso","canalización hormigonada de 3 tubos de polietileno libre de halógenos de 200 mm de diámetro en cualquier clase de terreno, excepto roca, incluso el relleno y compactado de la zanja, el suministro y montaje de los tubos y hormigón tipo he-20 sin vibrar, la prueba de los conductos, el transporte y la retirada de los productos al lugar de empleo trabajo: nocturno excepcional banda de mantenimiento: i < 3 horas condiciones de ejecución: volumen escaso","1 < conductos, ejecución: he-20 mantenimiento: roca, terreno, trabajo: vibrar, zanja,",20 conductos ejecución he mantenimiento param_banda_de_mantenimiento_i_lt_3_horas param_condiciones_de_ejecución_volumen_escaso param_n_tubos_un_solo_tubo param_tipo_de_terreno_normal param_trabajo_nocturno_excepcional roca solo terreno trabajo tubo un vibrar zanja,,1,False,False,genuine rendering effect,discriminating numeral rendered as words; rank-1 is a sibling differing in that numeral
single_num_to_text,OEB230adbbb_syn_e1380a183972,284,OEB230adbbb,OEB230edbbb,6.0,True,"Canalización hormigonada de Un solo tubo tubos de polietileno libre de halógenos de 200 mm de diámetro en cruce de carretera, incluso la demolición y reposición del firme y del pavimento, el relleno y compactado de la zanja, el suministro y montaje de los tubos y hormigón tipo HE-20 sin vibrar, la prueba de los conductos, el transporte y la retirada de los productos al lugar de empleo
Trabajo: Nocturno
Banda de mantenimiento: 3 <= i < 5 horas
Condiciones de ejecución: Volumen escaso",canalización hormigonada de un solo tubo tubos de polietileno libre de halógenos de 200 mm de diámetro en cruce de carretera incluso la demolición y reposición del firme y del pavimento el relleno y compactado de la zanja el suministro y montaje de los tubos y hormigón tipo he 20 sin vibrar la prueba de los conductos el transporte y la retirada de los productos al lugar de empleo trabajo nocturno banda de mantenimiento 3 i 5 horas condiciones de ejecución volumen escaso param_n_tubos_un_solo_tubo param_tipo_de_terreno_cruce_de_carretera param_trabajo_nocturno param_banda_de_mantenimiento_3_le_i_lt_5_horas param_condiciones_de_ejecución_volumen_escaso,"canalización hormigonada de 1 tubos de polietileno libre de halógenos de 200 mm de diámetro en cruce de carretera, incluso la demolición y reposición del firme y del pavimento, el relleno y compactado de la zanja, el suministro y montaje de los tubos y hormigón tipo he-20 sin vibrar, la prueba de los conductos, el transporte y la retirada de los productos al lugar de empleo trabajo: nocturno banda de mantenimiento: 3 <= i < 5 horas condiciones de ejecución: volumen escaso","canalización hormigonada de 5 tubos de polietileno libre de halógenos de 200 mm de diámetro en cruce de carretera, incluso la demolición y reposición del firme y del pavimento, el relleno y compactado de la zanja, el suministro y montaje de los tubos y hormigón tipo he-20 sin vibrar, la prueba de los conductos, el transporte y la retirada de los productos al lugar de empleo trabajo: nocturno banda de mantenimiento: 3 <= i < 5 horas condiciones de ejecución: volumen escaso","1 < <= carretera, conductos, ejecución: he-20 mantenimiento: pavimento, trabajo: vibrar, zanja,",20 carretera conductos ejecución he mantenimiento param_banda_de_mantenimiento_3_le_i_lt_5_horas param_condiciones_de_ejecución_volumen_escaso param_n_tubos_un_solo_tubo param_tipo_de_terreno_cruce_de_carretera param_trabajo_nocturno pavimento solo trabajo tubo un vibrar zanja,,1,False,False,genuine rendering effect,discriminating numeral rendered as words; rank-1 is a sibling differing in that numeral
single_num_to_text,OEB230ddcac_syn_828932cc01f5,284,OEB230ddcac,OEB230edcac,10.0,True,"Canalización hormigonada de Número cuatro tubos de polietileno libre de halógenos de 200 mm de diámetro en cruce de carretera, incluso la demolición y reposición del firme y del pavimento, el relleno y compactado de la zanja, el suministro y montaje de los tubos y hormigón tipo HE-20 sin vibrar, la prueba de los conductos, el transporte y la retirada de los productos al lugar de empleo
Trabajo: Diurno Excepcional
Banda de mantenimiento: i >= 5 horas
Condiciones de ejecución: Cualquier condición de ejecución",canalización hormigonada de número cuatro tubos de polietileno libre de halógenos de 200 mm de diámetro en cruce de carretera incluso la demolición y reposición del firme y del pavimento el relleno y compactado de la zanja el suministro y montaje de los tubos y hormigón tipo he 20 sin vibrar la prueba de los conductos el transporte y la retirada de los productos al lugar de empleo trabajo diurno excepcional banda de mantenimiento i 5 horas condiciones de ejecución cualquier condición de ejecución param_n_tubos_número_cuatro param_tipo_de_terreno_cruce_de_carretera param_trabajo_diurno_excepcional param_banda_de_mantenimiento_i_ge_5_horas param_condiciones_de_ejecución_cualquier_condición_de_ejecución,"canalización hormigonada de 4 tubos de polietileno libre de halógenos de 200 mm de diámetro en cruce de carretera, incluso la demolición y reposición del firme y del pavimento, el relleno y compactado de la zanja, el suministro y montaje de los tubos y hormigón tipo he-20 sin vibrar, la prueba de los conductos, el transporte y la retirada de los productos al lugar de empleo trabajo: diurno excepcional banda de mantenimiento: i >= 5 horas condiciones de ejecución: cualquier condición de ejecución","canalización hormigonada de 5 tubos de polietileno libre de halógenos de 200 mm de diámetro en cruce de carretera, incluso la demolición y reposición del firme y del pavimento, el relleno y compactado de la zanja, el suministro y montaje de los tubos y hormigón tipo he-20 sin vibrar, la prueba de los conductos, el transporte y la retirada de los productos al lugar de empleo trabajo: diurno excepcional banda de mantenimiento: i >= 5 horas condiciones de ejecución: cualquier condición de ejecución","4 >= carretera, conductos, ejecución: he-20 mantenimiento: pavimento, trabajo: vibrar, zanja,",20 carretera conductos cuatro he mantenimiento número param_banda_de_mantenimiento_i_ge_5_horas param_condiciones_de_ejecución_cualquier_condición_de_ejecución param_n_tubos_número_cuatro param_tipo_de_terreno_cruce_de_carretera param_trabajo_diurno_excepcional pavimento trabajo vibrar zanja,,4,False,False,genuine rendering effect,discriminating numeral rendered as words; rank-1 is a sibling differing in that numeral
single_num_to_text,OEB230efedc_syn_38c5cfed8fa5,284,OEB230efedc,OEB230ffedc,8.0,True,"Canalización hormigonada de Cinco tubos tubos de polietileno libre de halógenos de 200 mm de diámetro adosada o superficial, incluso el relleno y compactado de la zanja, la preparación y la nivelación de la solera, el suministro y montaje del encofrado, elementos de fijación, desencofrado, el suministro y montaje de los tubos y hormigón tipo HE-20 sin vibrar, la prueba de los conductos, el transporte y la retirada de los productos al lugar de empleo
Trabajo: Cualquier franja horaria
Banda de mantenimiento: No necesita intervalo
Condiciones de ejecución: Cualquier condición de ejecución",canalización hormigonada de cinco tubos tubos de polietileno libre de halógenos de 200 mm de diámetro adosada o superficial incluso el relleno y compactado de la zanja la preparación y la nivelación de la solera el suministro y montaje del encofrado elementos de fijación desencofrado el suministro y montaje de los tubos y hormigón tipo he 20 sin vibrar la prueba de los conductos el transporte y la retirada de los productos al lugar de empleo trabajo cualquier franja horaria banda de mantenimiento no necesita intervalo condiciones de ejecución cualquier condición de ejecución param_n_tubos_cinco_tubos param_tipo_de_terreno_adosada param_trabajo_cualquier_franja_horaria param_banda_de_mantenimiento_no_necesita_intervalo param_condiciones_de_ejecución_cualquier_condición_de_ejecución,"canalización hormigonada de 5 tubos de polietileno libre de halógenos de 200 mm de diámetro adosada o superficial, incluso el relleno y compactado de la zanja, la preparación y la nivelación de la solera, el suministro y montaje del encofrado, elementos de fijación, desencofrado, el suministro y montaje de los tubos y hormigón tipo he-20 sin vibrar, la prueba de los conductos, el transporte y la retirada de los productos al lugar de empleo trabajo: cualquier franja horaria banda de mantenimiento: no necesita intervalo condiciones de ejecución: cualquier condición de ejecución","canalización hormigonada de 6 tubos de polietileno libre de halógenos de 200 mm de diámetro adosada o superficial, incluso el relleno y compactado de la zanja, la preparación y la nivelación de la solera, el suministro y montaje del encofrado, elementos de fijación, desencofrado, el suministro y montaje de los tubos y hormigón tipo he-20 sin vibrar, la prueba de los conductos, el transporte y la retirada de los productos al lugar de empleo trabajo: cualquier franja horaria banda de mantenimiento: no necesita intervalo condiciones de ejecución: cualquier condición de ejecución","5 conductos, desencofrado, ejecución: encofrado, fijación, he-20 mantenimiento: solera, superficial, trabajo: vibrar, zanja,",20 cinco conductos desencofrado encofrado fijación he mantenimiento param_banda_de_mantenimiento_no_necesita_intervalo param_condiciones_de_ejecución_cualquier_condición_de_ejecución param_n_tubos_cinco_tubos param_tipo_de_terreno_adosada param_trabajo_cualquier_franja_horaria solera superficial trabajo vibrar zanja,6,5,False,True,genuine rendering effect,"discriminating numeral rendered as words; rank-1 is a sibling differing in that numeral; token doubling (D-004) present, on a non-discriminating token"
single_num_to_text,OEB230gaadc_syn_c1c036e22466,284,OEB230gaadc,OEB230haadc,9.0,True,"Canalización hormigonada de Ocho tubos tubos de polietileno libre de halógenos de 200 mm de diámetro en cualquier clase de terreno, excepto roca, incluso el relleno y compactado de la zanja, el suministro y montaje de los tubos y hormigón tipo HE-20 sin vibrar, la prueba de los conductos, el transporte y la retirada de los productos al lugar de empleo
Trabajo: Diurno
Banda de mantenimiento: No necesita intervalo
Condiciones de ejecución: Cualquier condición de ejecución",canalización hormigonada de ocho tubos tubos de polietileno libre de halógenos de 200 mm de diámetro en cualquier clase de terreno excepto roca incluso el relleno y compactado de la zanja el suministro y montaje de los tubos y hormigón tipo he 20 sin vibrar la prueba de los conductos el transporte y la retirada de los productos al lugar de empleo trabajo diurno banda de mantenimiento no necesita intervalo condiciones de ejecución cualquier condición de ejecución param_n_tubos_ocho_tubos param_tipo_de_terreno_normal param_trabajo_diurno param_banda_de_mantenimiento_no_necesita_intervalo param_condiciones_de_ejecución_cualquier_condición_de_ejecución,"canalización hormigonada de 8 tubos de polietileno libre de halógenos de 200 mm de diámetro en cualquier clase de terreno, excepto roca, incluso el relleno y compactado de la zanja, el suministro y montaje de los tubos y hormigón tipo he-20 sin vibrar, la prueba de los conductos, el transporte y la retirada de los productos al lugar de empleo trabajo: diurno banda de mantenimiento: no necesita intervalo condiciones de ejecución: cualquier condición de ejecución","canalización hormigonada de 12 tubos de polietileno libre de halógenos de 200 mm de diámetro en cualquier clase de terreno, excepto roca, incluso el relleno y compactado de la zanja, el suministro y montaje de los tubos y hormigón tipo he-20 sin vibrar, la prueba de los conductos, el transporte y la retirada de los productos al lugar de empleo trabajo: diurno banda de mantenimiento: no necesita intervalo condiciones de ejecución: cualquier condición de ejecución","8 conductos, ejecución: he-20 mantenimiento: roca, terreno, trabajo: vibrar, zanja,",20 conductos he mantenimiento ocho param_banda_de_mantenimiento_no_necesita_intervalo param_condiciones_de_ejecución_cualquier_condición_de_ejecución param_n_tubos_ocho_tubos param_tipo_de_terreno_normal param_trabajo_diurno roca terreno trabajo vibrar zanja,12,8,False,True,genuine rendering effect,"discriminating numeral rendered as words; rank-1 is a sibling differing in that numeral; token doubling (D-004) present, on a non-discriminating token"
single_num_to_text,OEB230gfbaa_syn_bb73e7a72034,284,OEB230gfbaa,OEB230efbaa,5.0,True,"Canalización hormigonada de Ocho unidades tubos de polietileno libre de halógenos de 200 mm de diámetro adosada o superficial, incluso el relleno y compactado de la zanja, la preparación y la nivelación de la solera, el suministro y montaje del encofrado, elementos de fijación, desencofrado, el suministro y montaje de los tubos y hormigón tipo HE-20 sin vibrar, la prueba de los conductos, el transporte y la retirada de los productos al lugar de empleo
Trabajo: Nocturno
Banda de mantenimiento: i >= 5 horas
Condiciones de ejecución: Volumen relevante",canalización hormigonada de ocho unidades tubos de polietileno libre de halógenos de 200 mm de diámetro adosada o superficial incluso el relleno y compactado de la zanja la preparación y la nivelación de la solera el suministro y montaje del encofrado elementos de fijación desencofrado el suministro y montaje de los tubos y hormigón tipo he 20 sin vibrar la prueba de los conductos el transporte y la retirada de los productos al lugar de empleo trabajo nocturno banda de mantenimiento i 5 horas condiciones de ejecución volumen relevante param_n_tubos_ocho_unidades param_tipo_de_terreno_adosada param_trabajo_nocturno param_banda_de_mantenimiento_i_ge_5_horas param_condiciones_de_ejecución_volumen_relevante,"canalización hormigonada de 8 tubos de polietileno libre de halógenos de 200 mm de diámetro adosada o superficial, incluso el relleno y compactado de la zanja, la preparación y la nivelación de la solera, el suministro y montaje del encofrado, elementos de fijación, desencofrado, el suministro y montaje de los tubos y hormigón tipo he-20 sin vibrar, la prueba de los conductos, el transporte y la retirada de los productos al lugar de empleo trabajo: nocturno banda de mantenimiento: i >= 5 horas condiciones de ejecución: volumen relevante","canalización hormigonada de 5 tubos de polietileno libre de halógenos de 200 mm de diámetro adosada o superficial, incluso el relleno y compactado de la zanja, la preparación y la nivelación de la solera, el suministro y montaje del encofrado, elementos de fijación, desencofrado, el suministro y montaje de los tubos y hormigón tipo he-20 sin vibrar, la prueba de los conductos, el transporte y la retirada de los productos al lugar de empleo trabajo: nocturno banda de mantenimiento: i >= 5 horas condiciones de ejecución: volumen relevante","8 >= conductos, desencofrado, ejecución: encofrado, fijación, he-20 mantenimiento: solera, superficial, trabajo: vibrar, zanja,",20 conductos desencofrado ejecución encofrado fijación he mantenimiento ocho param_banda_de_mantenimiento_i_ge_5_horas param_condiciones_de_ejecución_volumen_relevante param_n_tubos_ocho_unidades param_tipo_de_terreno_adosada param_trabajo_nocturno solera superficial trabajo unidades vibrar zanja,,8,False,False,genuine rendering effect,discriminating numeral rendered as words; rank-1 is a sibling differing in that numeral
single_num_to_text,OEB230jaeda_syn_07ed0d1dd743,284,OEB230jaeda,OEB230faeda,6.0,True,"Canalización hormigonada de Dieciocho unidades tubos de polietileno libre de halógenos de 200 mm de diámetro en cualquier clase de terreno, excepto roca, incluso el relleno y compactado de la zanja, el suministro y montaje de los tubos y hormigón tipo HE-20 sin vibrar, la prueba de los conductos, el transporte y la retirada de los productos al lugar de empleo
Trabajo: Cualquier franja horaria
Banda de mantenimiento: No necesita intervalo
Condiciones de ejecución: Volumen relevante",canalización hormigonada de dieciocho unidades tubos de polietileno libre de halógenos de 200 mm de diámetro en cualquier clase de terreno excepto roca incluso el relleno y compactado de la zanja el suministro y montaje de los tubos y hormigón tipo he 20 sin vibrar la prueba de los conductos el transporte y la retirada de los productos al lugar de empleo trabajo cualquier franja horaria banda de mantenimiento no necesita intervalo condiciones de ejecución volumen relevante param_n_tubos_dieciocho_unidades param_tipo_de_terreno_normal param_trabajo_cualquier_franja_horaria param_banda_de_mantenimiento_no_necesita_intervalo param_condiciones_de_ejecución_volumen_relevante,"canalización hormigonada de 18 tubos de polietileno libre de halógenos de 200 mm de diámetro en cualquier clase de terreno, excepto roca, incluso el relleno y compactado de la zanja, el suministro y montaje de los tubos y hormigón tipo he-20 sin vibrar, la prueba de los conductos, el transporte y la retirada de los productos al lugar de empleo trabajo: cualquier franja horaria banda de mantenimiento: no necesita intervalo condiciones de ejecución: volumen relevante","canalización hormigonada de 6 tubos de polietileno libre de halógenos de 200 mm de diámetro en cualquier clase de terreno, excepto roca, incluso el relleno y compactado de la zanja, el suministro y montaje de los tubos y hormigón tipo he-20 sin vibrar, la prueba de los conductos, el transporte y la retirada de los productos al lugar de empleo trabajo: cualquier franja horaria banda de mantenimiento: no necesita intervalo condiciones de ejecución: volumen relevante","18 conductos, ejecución: he-20 mantenimiento: roca, terreno, trabajo: vibrar, zanja,",20 conductos dieciocho ejecución he mantenimiento param_banda_de_mantenimiento_no_necesita_intervalo param_condiciones_de_ejecución_volumen_relevante param_n_tubos_dieciocho_unidades param_tipo_de_terreno_normal param_trabajo_cualquier_franja_horaria roca terreno trabajo unidades vibrar zanja,6,18,False,False,genuine rendering effect,discriminating numeral rendered as words; rank-1 is a sibling differing in that numeral
single_num_to_text,OEB230jbada_syn_25d2c08d2de0,284,OEB230jbada,OEB230fbada,6.0,True,"Canalización hormigonada de Número dieciocho tubos de polietileno libre de halógenos de 200 mm de diámetro en cruce bajo vías, incluso el descerne y la entibación de los costados y la posterior reposición del balasto retirado, el relleno y compactado de la zanja, el suministro y montaje de los tubos y hormigón tipo HE-20 sin vibrar, la prueba de los conductos, el transporte y la retirada de los productos al lugar de empleo
Trabajo: Diurno
Banda de mantenimiento: No necesita intervalo
Condiciones de ejecución: Volumen relevante",canalización hormigonada de número dieciocho tubos de polietileno libre de halógenos de 200 mm de diámetro en cruce bajo vías incluso el descerne y la entibación de los costados y la posterior reposición del balasto retirado el relleno y compactado de la zanja el suministro y montaje de los tubos y hormigón tipo he 20 sin vibrar la prueba de los conductos el transporte y la retirada de los productos al lugar de empleo trabajo diurno banda de mantenimiento no necesita intervalo condiciones de ejecución volumen relevante param_n_tubos_número_dieciocho param_tipo_de_terreno_bajo_vías param_trabajo_diurno param_banda_de_mantenimiento_no_necesita_intervalo param_condiciones_de_ejecución_volumen_relevante,"canalización hormigonada de 18 tubos de polietileno libre de halógenos de 200 mm de diámetro en cruce bajo vías, incluso el descerne y la entibación de los costados y la posterior reposición del balasto retirado, el relleno y compactado de la zanja, el suministro y montaje de los tubos y hormigón tipo he-20 sin vibrar, la prueba de los conductos, el transporte y la retirada de los productos al lugar de empleo trabajo: diurno banda de mantenimiento: no necesita intervalo condiciones de ejecución: volumen relevante","canalización hormigonada de 6 tubos de polietileno libre de halógenos de 200 mm de diámetro en cruce bajo vías, incluso el descerne y la entibación de los costados y la posterior reposición del balasto retirado, el relleno y compactado de la zanja, el suministro y montaje de los tubos y hormigón tipo he-20 sin vibrar, la prueba de los conductos, el transporte y la retirada de los productos al lugar de empleo trabajo: diurno banda de mantenimiento: no necesita intervalo condiciones de ejecución: volumen relevante","18 conductos, ejecución: he-20 mantenimiento: retirado, trabajo: vibrar, vías, zanja,",20 conductos dieciocho ejecución he mantenimiento número param_banda_de_mantenimiento_no_necesita_intervalo param_condiciones_de_ejecución_volumen_relevante param_n_tubos_número_dieciocho param_tipo_de_terreno_bajo_vías param_trabajo_diurno retirado trabajo vibrar vías zanja,6,18,False,False,genuine rendering effect,discriminating numeral rendered as words; rank-1 is a sibling differing in that numeral
single_num_to_text,OEB230kfbaa_syn_2953daa6d67e,284,OEB230kfbaa,OEB230efbaa,2.0,True,"Canalización hormigonada de Veinticuatro tubos tubos de polietileno libre de halógenos de 200 mm de diámetro adosada o superficial, incluso el relleno y compactado de la zanja, la preparación y la nivelación de la solera, el suministro y montaje del encofrado, elementos de fijación, desencofrado, el suministro y montaje de los tubos y hormigón tipo HE-20 sin vibrar, la prueba de los conductos, el transporte y la retirada de los productos al lugar de empleo
Trabajo: Nocturno
Banda de mantenimiento: i >= 5 horas
Condiciones de ejecución: Volumen relevante",canalización hormigonada de veinticuatro tubos tubos de polietileno libre de halógenos de 200 mm de diámetro adosada o superficial incluso el relleno y compactado de la zanja la preparación y la nivelación de la solera el suministro y montaje del encofrado elementos de fijación desencofrado el suministro y montaje de los tubos y hormigón tipo he 20 sin vibrar la prueba de los conductos el transporte y la retirada de los productos al lugar de empleo trabajo nocturno banda de mantenimiento i 5 horas condiciones de ejecución volumen relevante param_n_tubos_veinticuatro_tubos param_tipo_de_terreno_adosada param_trabajo_nocturno param_banda_de_mantenimiento_i_ge_5_horas param_condiciones_de_ejecución_volumen_relevante,"canalización hormigonada de 24 tubos de polietileno libre de halógenos de 200 mm de diámetro adosada o superficial, incluso el relleno y compactado de la zanja, la preparación y la nivelación de la solera, el suministro y montaje del encofrado, elementos de fijación, desencofrado, el suministro y montaje de los tubos y hormigón tipo he-20 sin vibrar, la prueba de los conductos, el transporte y la retirada de los productos al lugar de empleo trabajo: nocturno banda de mantenimiento: i >= 5 horas condiciones de ejecución: volumen relevante","canalización hormigonada de 5 tubos de polietileno libre de halógenos de 200 mm de diámetro adosada o superficial, incluso el relleno y compactado de la zanja, la preparación y la nivelación de la solera, el suministro y montaje del encofrado, elementos de fijación, desencofrado, el suministro y montaje de los tubos y hormigón tipo he-20 sin vibrar, la prueba de los conductos, el transporte y la retirada de los productos al lugar de empleo trabajo: nocturno banda de mantenimiento: i >= 5 horas condiciones de ejecución: volumen relevante","24 >= conductos, desencofrado, ejecución: encofrado, fijación, he-20 mantenimiento: solera, superficial, trabajo: vibrar, zanja,",20 conductos desencofrado ejecución encofrado fijación he mantenimiento param_banda_de_mantenimiento_i_ge_5_horas param_condiciones_de_ejecución_volumen_relevante param_n_tubos_veinticuatro_tubos param_tipo_de_terreno_adosada param_trabajo_nocturno solera superficial trabajo veinticuatro vibrar zanja,,24,False,True,genuine rendering effect,"discriminating numeral rendered as words; rank-1 is a sibling differing in that numeral; token doubling (D-004) present, on a non-discriminating token"
single_num_to_text,OEB290fdadb_syn_7664f1bdceba,284,OEB290fdadb,OEB290bdadb,8.0,True,"Canalización hormigonada de Seis unidades tubos de polietileno libre de halógenos de 50 mm de diámetro en cruce de carretera, incluso la demolición y reposición del firme y del pavimento, el relleno y compactado de la zanja, el suministro y montaje de los tubos y hormigón tipo HE-20 sin vibrar, la prueba de los conductos, el transporte y la retirada de los productos al lugar de empleo
Trabajo: Diurno
Banda de mantenimiento: No necesita intervalo
Condiciones de ejecución: Volumen escaso",canalización hormigonada de seis unidades tubos de polietileno libre de halógenos de 50 mm de diámetro en cruce de carretera incluso la demolición y reposición del firme y del pavimento el relleno y compactado de la zanja el suministro y montaje de los tubos y hormigón tipo he 20 sin vibrar la prueba de los conductos el transporte y la retirada de los productos al lugar de empleo trabajo diurno banda de mantenimiento no necesita intervalo condiciones de ejecución volumen escaso param_n_tubos_seis_unidades param_tipo_de_terreno_cruce_de_carretera param_trabajo_diurno param_banda_de_mantenimiento_no_necesita_intervalo param_condiciones_de_ejecución_volumen_escaso,"canalización hormigonada de 6 tubos de polietileno libre de halógenos de 50 mm de diámetro en cruce de carretera, incluso la demolición y reposición del firme y del pavimento, el relleno y compactado de la zanja, el suministro y montaje de los tubos y hormigón tipo he-20 sin vibrar, la prueba de los conductos, el transporte y la retirada de los productos al lugar de empleo trabajo: diurno banda de mantenimiento: no necesita intervalo condiciones de ejecución: volumen escaso","canalización hormigonada de 2 tubos de polietileno libre de halógenos de 50 mm de diámetro en cruce de carretera, incluso la demolición y reposición del firme y del pavimento, el relleno y compactado de la zanja, el suministro y montaje de los tubos y hormigón tipo he-20 sin vibrar, la prueba de los conductos, el transporte y la retirada de los productos al lugar de empleo trabajo: diurno banda de mantenimiento: no necesita intervalo condiciones de ejecución: volumen escaso","6 carretera, conductos, ejecución: he-20 mantenimiento: pavimento, trabajo: vibrar, zanja,",20 carretera conductos ejecución he mantenimiento param_banda_de_mantenimiento_no_necesita_intervalo param_condiciones_de_ejecución_volumen_escaso param_n_tubos_seis_unidades param_tipo_de_terreno_cruce_de_carretera param_trabajo_diurno pavimento seis trabajo unidades vibrar zanja,2,6,False,False,genuine rendering effect,discriminating numeral rendered as words; rank-1 is a sibling differing in that numeral
single_num_to_text,OEB290ghdaa_syn_cc34ea5a08f9,284,OEB290ghdaa,OEB290ehdaa,2.0,True,"Canalización hormigonada de Número ocho tubos de polietileno libre de halógenos de 50 mm de diámetro en cruce bajo vías ejecutado con topo, incluso el relleno y compactado de la zanja, el suministro y montaje de los tubos y hormigón tipo HE-20 sin vibrar, la prueba de los conductos, el transporte y la retirada de los productos al lugar de empleo incluso la construcción del pozo de ataque, entibación de los costados, instalación de un tubo guía de acero de 500 mm de diámetro, el suministro y montaje de los hilos guía y el sellado de las embocaduras con poliuretano expandido.
Trabajo: Nocturno Excepcional
Banda de mantenimiento: i >= 5 horas
Condiciones de ejecución: Volumen relevante",canalización hormigonada de número ocho tubos de polietileno libre de halógenos de 50 mm de diámetro en cruce bajo vías ejecutado con topo incluso el relleno y compactado de la zanja el suministro y montaje de los tubos y hormigón tipo he 20 sin vibrar la prueba de los conductos el transporte y la retirada de los productos al lugar de empleo incluso la construcción del pozo de ataque entibación de los costados instalación de un tubo guía de acero de 500 mm de diámetro el suministro y montaje de los hilos guía y el sellado de las embocaduras con poliuretano expandido trabajo nocturno excepcional banda de mantenimiento i 5 horas condiciones de ejecución volumen relevante param_n_tubos_número_ocho param_tipo_de_terreno_con_topo param_trabajo_nocturno_excepcional param_banda_de_mantenimiento_i_ge_5_horas param_condiciones_de_ejecución_volumen_relevante,"canalización hormigonada de 8 tubos de polietileno libre de halógenos de 50 mm de diámetro en cruce bajo vías ejecutado con topo, incluso el relleno y compactado de la zanja, el suministro y montaje de los tubos y hormigón tipo he-20 sin vibrar, la prueba de los conductos, el transporte y la retirada de los productos al lugar de empleo incluso la construcción del pozo de ataque, entibación de los costados, instalación de un tubo guía de acero de 500 mm de diámetro, el suministro y montaje de los hilos guía y el sellado de las embocaduras con poliuretano expandido. trabajo: nocturno excepcional banda de mantenimiento: i >= 5 horas condiciones de ejecución: volumen relevante","canalización hormigonada de 5 tubos de polietileno libre de halógenos de 50 mm de diámetro en cruce bajo vías ejecutado con topo, incluso el relleno y compactado de la zanja, el suministro y montaje de los tubos y hormigón tipo he-20 sin vibrar, la prueba de los conductos, el transporte y la retirada de los productos al lugar de empleo incluso la construcción del pozo de ataque, entibación de los costados, instalación de un tubo guía de acero de 500 mm de diámetro, el suministro y montaje de los hilos guía y el sellado de las embocaduras con poliuretano expandido. trabajo: nocturno excepcional banda de mantenimiento: i >= 5 horas condiciones de ejecución: volumen relevante","8 >= ataque, conductos, costados, diámetro, ejecución: expandido. he-20 mantenimiento: topo, trabajo: vibrar, zanja,",20 ataque conductos costados ejecución expandido he mantenimiento número ocho param_banda_de_mantenimiento_i_ge_5_horas param_condiciones_de_ejecución_volumen_relevante param_n_tubos_número_ocho param_tipo_de_terreno_con_topo param_trabajo_nocturno_excepcional topo trabajo vibrar zanja,,8,False,False,genuine rendering effect,discriminating numeral rendered as words; rank-1 is a sibling differing in that numeral
single_num_to_text,OEB290icccc_syn_0c3457a87620,284,OEB290icccc,OEB290ccccc,2.0,True,"Canalización hormigonada de Número dieciséis tubos de polietileno libre de halógenos de 50 mm de diámetro en terreno rocoso, incluso la demolición de roca dura, el relleno y compactado de la zanja, el suministro y montaje de los tubos y hormigón tipo HE-20 sin vibrar, la prueba de los conductos, el transporte y la retirada de los productos al lugar de empleo
Trabajo: Diurno Excepcional
Banda de mantenimiento: i < 3 horas
Condiciones de ejecución: Cualquier condición de ejecución",canalización hormigonada de número dieciséis tubos de polietileno libre de halógenos de 50 mm de diámetro en terreno rocoso incluso la demolición de roca dura el relleno y compactado de la zanja el suministro y montaje de los tubos y hormigón tipo he 20 sin vibrar la prueba de los conductos el transporte y la retirada de los productos al lugar de empleo trabajo diurno excepcional banda de mantenimiento i 3 horas condiciones de ejecución cualquier condición de ejecución param_n_tubos_número_dieciséis param_tipo_de_terreno_rocoso param_trabajo_diurno_excepcional param_banda_de_mantenimiento_i_lt_3_horas param_condiciones_de_ejecución_cualquier_condición_de_ejecución,"canalización hormigonada de 16 tubos de polietileno libre de halógenos de 50 mm de diámetro en terreno rocoso, incluso la demolición de roca dura, el relleno y compactado de la zanja, el suministro y montaje de los tubos y hormigón tipo he-20 sin vibrar, la prueba de los conductos, el transporte y la retirada de los productos al lugar de empleo trabajo: diurno excepcional banda de mantenimiento: i < 3 horas condiciones de ejecución: cualquier condición de ejecución","canalización hormigonada de 3 tubos de polietileno libre de halógenos de 50 mm de diámetro en terreno rocoso, incluso la demolición de roca dura, el relleno y compactado de la zanja, el suministro y montaje de los tubos y hormigón tipo he-20 sin vibrar, la prueba de los conductos, el transporte y la retirada de los productos al lugar de empleo trabajo: diurno excepcional banda de mantenimiento: i < 3 horas condiciones de ejecución: cualquier condición de ejecución","16 < conductos, dura, ejecución: he-20 mantenimiento: rocoso, trabajo: vibrar, zanja,",20 conductos dieciséis dura he mantenimiento número param_banda_de_mantenimiento_i_lt_3_horas param_condiciones_de_ejecución_cualquier_condición_de_ejecución param_n_tubos_número_dieciséis param_tipo_de_terreno_rocoso param_trabajo_diurno_excepcional rocoso trabajo vibrar zanja,,16,False,False,genuine rendering effect,discriminating numeral rendered as words; rank-1 is a sibling differing in that numeral
single_num_to_text,OEB290jdbaa_syn_7845918a5988,284,OEB290jdbaa,OEB290edbaa,8.0,True,"Canalización hormigonada de Dieciocho unidades tubos de polietileno libre de halógenos de 50 mm de diámetro en cruce de carretera, incluso la demolición y reposición del firme y del pavimento, el relleno y compactado de la zanja, el suministro y montaje de los tubos y hormigón tipo HE-20 sin vibrar, la prueba de los conductos, el transporte y la retirada de los productos al lugar de empleo
Trabajo: Nocturno
Banda de mantenimiento: i >= 5 horas
Condiciones de ejecución: Volumen relevante",canalización hormigonada de dieciocho unidades tubos de polietileno libre de halógenos de 50 mm de diámetro en cruce de carretera incluso la demolición y reposición del firme y del pavimento el relleno y compactado de la zanja el suministro y montaje de los tubos y hormigón tipo he 20 sin vibrar la prueba de los conductos el transporte y la retirada de los productos al lugar de empleo trabajo nocturno banda de mantenimiento i 5 horas condiciones de ejecución volumen relevante param_n_tubos_dieciocho_unidades param_tipo_de_terreno_cruce_de_carretera param_trabajo_nocturno param_banda_de_mantenimiento_i_ge_5_horas param_condiciones_de_ejecución_volumen_relevante,"canalización hormigonada de 18 tubos de polietileno libre de halógenos de 50 mm de diámetro en cruce de carretera, incluso la demolición y reposición del firme y del pavimento, el relleno y compactado de la zanja, el suministro y montaje de los tubos y hormigón tipo he-20 sin vibrar, la prueba de los conductos, el transporte y la retirada de los productos al lugar de empleo trabajo: nocturno banda de mantenimiento: i >= 5 horas condiciones de ejecución: volumen relevante","canalización hormigonada de 5 tubos de polietileno libre de halógenos de 50 mm de diámetro en cruce de carretera, incluso la demolición y reposición del firme y del pavimento, el relleno y compactado de la zanja, el suministro y montaje de los tubos y hormigón tipo he-20 sin vibrar, la prueba de los conductos, el transporte y la retirada de los productos al lugar de empleo trabajo: nocturno banda de mantenimiento: i >= 5 horas condiciones de ejecución: volumen relevante","18 >= carretera, conductos, ejecución: he-20 mantenimiento: pavimento, trabajo: vibrar, zanja,",20 carretera conductos dieciocho ejecución he mantenimiento param_banda_de_mantenimiento_i_ge_5_horas param_condiciones_de_ejecución_volumen_relevante param_n_tubos_dieciocho_unidades param_tipo_de_terreno_cruce_de_carretera param_trabajo_nocturno pavimento trabajo unidades vibrar zanja,,18,False,False,genuine rendering effect,discriminating numeral rendered as words; rank-1 is a sibling differing in that numeral
single_num_to_text,OEB290kgddc_syn_eff81fc2288b,284,OEB290kgddc,OEB290egddc,9.0,True,"Canalización hormigonada de Veinticuatro unidades tubos de polietileno libre de halógenos de 50 mm de diámetro en zona de balasto, incluso el descerne y la entibación de los costados y la posterior reposición del balasto retirado, el relleno y compactado de la zanja, el suministro y montaje de los tubos y hormigón tipo HE-20 sin vibrar, la prueba de los conductos, el transporte y la retirada de los productos al lugar de empleo
Trabajo: Nocturno Excepcional
Banda de mantenimiento: No necesita intervalo
Condiciones de ejecución: Cualquier condición de ejecución",canalización hormigonada de veinticuatro unidades tubos de polietileno libre de halógenos de 50 mm de diámetro en zona de balasto incluso el descerne y la entibación de los costados y la posterior reposición del balasto retirado el relleno y compactado de la zanja el suministro y montaje de los tubos y hormigón tipo he 20 sin vibrar la prueba de los conductos el transporte y la retirada de los productos al lugar de empleo trabajo nocturno excepcional banda de mantenimiento no necesita intervalo condiciones de ejecución cualquier condición de ejecución param_n_tubos_veinticuatro_unidades param_tipo_de_terreno_balasto param_trabajo_nocturno_excepcional param_banda_de_mantenimiento_no_necesita_intervalo param_condiciones_de_ejecución_cualquier_condición_de_ejecución,"canalización hormigonada de 24 tubos de polietileno libre de halógenos de 50 mm de diámetro en zona de balasto, incluso el descerne y la entibación de los costados y la posterior reposición del balasto retirado, el relleno y compactado de la zanja, el suministro y montaje de los tubos y hormigón tipo he-20 sin vibrar, la prueba de los conductos, el transporte y la retirada de los productos al lugar de empleo trabajo: nocturno excepcional banda de mantenimiento: no necesita intervalo condiciones de ejecución: cualquier condición de ejecución","canalización hormigonada de 5 tubos de polietileno libre de halógenos de 50 mm de diámetro en zona de balasto, incluso el descerne y la entibación de los costados y la posterior reposición del balasto retirado, el relleno y compactado de la zanja, el suministro y montaje de los tubos y hormigón tipo he-20 sin vibrar, la prueba de los conductos, el transporte y la retirada de los productos al lugar de empleo trabajo: nocturno excepcional banda de mantenimiento: no necesita intervalo condiciones de ejecución: cualquier condición de ejecución","24 balasto, conductos, ejecución: he-20 mantenimiento: retirado, trabajo: vibrar, zanja,",20 conductos he mantenimiento param_banda_de_mantenimiento_no_necesita_intervalo param_condiciones_de_ejecución_cualquier_condición_de_ejecución param_n_tubos_veinticuatro_unidades param_tipo_de_terreno_balasto param_trabajo_nocturno_excepcional retirado trabajo unidades veinticuatro vibrar zanja,5,24,False,False,genuine rendering effect,discriminating numeral rendered as words; rank-1 is a sibling differing in that numeral
single_num_to_text,OEG010cccaa_syn_223f035bd964,284,OEG010cccaa,OEG010accaa,4.0,True,"Suministro y montaje de cimentación cilíndrica para postes de electrificación, de 1.2 de diámetro y 2.4 de profundidad, compuesta por 4 barras corrugadas roscadas de treinta y dos unidades. ejecutada desde via. totalmente terminada. Con corte de corriente..
Trabajo: Nocturno.",suministro y montaje de cimentación cilíndrica para postes de electrificación de 1.2 de diámetro y 2.4 de profundidad compuesta por 4 barras corrugadas roscadas de treinta y dos unidades ejecutada desde via totalmente terminada con corte de corriente trabajo nocturno param_barra_corrugada_roscada_mm_treinta_y_dos_unidades param_profundidad_m_2_4 param_diametro_m_1_2 param_acceso_via param_trabajo_corte_de_corriente_diurno_con_corte_de_corriente,"suministro y montaje de cimentación cilíndrica para postes de electrificación, de 1.2 de diámetro y 2.4 de profundidad, compuesta por 4 barras corrugadas roscadas de 32 . ejecutada desde via. totalmente terminada. con corte de corriente.. trabajo: nocturno.","suministro y montaje de cimentación cilíndrica para postes de electrificación, de 1.2 de diámetro y 2.4 de profundidad, compuesta por 4 barras corrugadas roscadas de 20 . ejecutada desde via. totalmente terminada. con corte de corriente.. trabajo: nocturno.",". 32 corriente.. electrificación, nocturno. profundidad, terminada. trabajo: via.",corriente dos electrificación nocturno param_acceso_via param_barra_corrugada_roscada_mm_treinta_y_dos_unidades param_diametro_m_1_2 param_profundidad_m_2_4 param_trabajo_corte_de_corriente_diurno_con_corte_de_corriente profundidad terminada trabajo treinta unidades via,20,32,False,False,genuine rendering effect,discriminating numeral rendered as words; rank-1 is a sibling differing in that numeral
