linea,contexto,tabla_label,fila,valor,texto,fuente_verificada,valor_correcto,estado
91,prosa,,,100,variant) and parent level (family). Across 100 configurations evaluated on,,,
92,prosa,,,"47,500","approximately 47,500 catalog items, a tuned BM25 with domain-specific parameter",,,
93,prosa,,,97.4%,"phrases achieves 97.4% top-1 accuracy, outperforming the best neural retriever",,,
93,prosa,,,1,"phrases achieves 97.4% top-1 accuracy, outperforming the best neural retriever",,,
94,prosa,,,44.8%,"(BGE-M3-ColBERT, 44.8%) by over 52 percentage points and all hybrid configurations by",,,
94,prosa,,,52,"(BGE-M3-ColBERT, 44.8%) by over 52 percentage points and all hybrid configurations by",,,
95,prosa,,,8,more than 8 points. Neural embeddings remain competitive at the parent level (up to,,,
96,prosa,,,99.7%,99.7%) but fail to discriminate fine-grained variants; roughly 98% of errors involve,,,
96,prosa,,,98%,99.7%) but fail to discriminate fine-grained variants; roughly 98% of errors involve,,,
117,prosa,,,1,\item[Acc@1] Accuracy at rank 1 --- the proportion of queries for which the correct item appears in the top position.,,,
117,prosa,,,1,\item[Acc@1] Accuracy at rank 1 --- the proportion of queries for which the correct item appears in the top position.,,,
121,prosa,,,3,"\item[BC3 Format] Base de Costes de la Construcción, version 3 --- the standard data exchange format for Spanish construction cost databases, encoding hierarchical cost structures with parametric temp",,,
175,prosa,,,"40,000","\item We create and release a structured benchmark dataset derived from the OEB subcategory of ADIF's parametric railway catalog — a homogeneous yet challenging testbed of nearly 40,000 items exhibiti",,,
179,prosa,,,2,"The rest of this paper is organized as follows: Section 2 reviews prior work on construction classification and retrieval methods. Section 3 describes the ADIF dataset, preprocessing pipeline, and the",,,
179,prosa,,,3,"The rest of this paper is organized as follows: Section 2 reviews prior work on construction classification and retrieval methods. Section 3 describes the ADIF dataset, preprocessing pipeline, and the",,,
179,prosa,,,100,"The rest of this paper is organized as follows: Section 2 reviews prior work on construction classification and retrieval methods. Section 3 describes the ADIF dataset, preprocessing pipeline, and the",,,
179,prosa,,,4,"The rest of this paper is organized as follows: Section 2 reviews prior work on construction classification and retrieval methods. Section 3 describes the ADIF dataset, preprocessing pipeline, and the",,,
179,prosa,,,5,"The rest of this paper is organized as follows: Section 2 reviews prior work on construction classification and retrieval methods. Section 3 describes the ADIF dataset, preprocessing pipeline, and the",,,
179,prosa,,,6,"The rest of this paper is organized as follows: Section 2 reviews prior work on construction classification and retrieval methods. Section 3 describes the ADIF dataset, preprocessing pipeline, and the",,,
185,prosa,,,"47,500",Construction work breakdown structures present a fundamental taxonomic challenge that distinguishes this domain from general information retrieval applications. National and organizational classificat,,,
197,prosa,,,95.88%,"Critically, classification accuracy degrades as taxonomic granularity increases. ~\citecaldasAutomatingHierarchicalDocument2003 reported 95.88% accuracy for top-level MasterFormat divisions but substa",,,
197,prosa,,,92.4%,"Critically, classification accuracy degrades as taxonomic granularity increases. ~\citecaldasAutomatingHierarchicalDocument2003 reported 95.88% accuracy for top-level MasterFormat divisions but substa",,,
203,prosa,,,100,"Lexical methods, exemplified by BM25 and its variants, remain remarkably competitive for technical domains. ~\citemendesComparativeStudyLexical2025 compared BM25 against semantic embedding methods on ",,,
213,prosa,,,100,This study addresses that gap through a systematic comparison of retrieval methods on a large-scale Spanish railway construction catalog. We evaluate classical lexical baselines (BM25 with domain-spec,,,
223,prosa,,,110,The OEB subcategory provides an ideal testbed for retrieval evaluation as it exhibits high parametric variability while maintaining manageable scope for comprehensive analysis. Through parametric expa,,,
223,prosa,,,160,The OEB subcategory provides an ideal testbed for retrieval evaluation as it exhibits high parametric variability while maintaining manageable scope for comprehensive analysis. Through parametric expa,,,
223,prosa,,,200,The OEB subcategory provides an ideal testbed for retrieval evaluation as it exhibits high parametric variability while maintaining manageable scope for comprehensive analysis. Through parametric expa,,,
223,prosa,,,2,The OEB subcategory provides an ideal testbed for retrieval evaluation as it exhibits high parametric variability while maintaining manageable scope for comprehensive analysis. Through parametric expa,,,
223,prosa,,,4,The OEB subcategory provides an ideal testbed for retrieval evaluation as it exhibits high parametric variability while maintaining manageable scope for comprehensive analysis. Through parametric expa,,,
223,prosa,,,6,The OEB subcategory provides an ideal testbed for retrieval evaluation as it exhibits high parametric variability while maintaining manageable scope for comprehensive analysis. Through parametric expa,,,
223,prosa,,,8,The OEB subcategory provides an ideal testbed for retrieval evaluation as it exhibits high parametric variability while maintaining manageable scope for comprehensive analysis. Through parametric expa,,,
223,prosa,,,12,The OEB subcategory provides an ideal testbed for retrieval evaluation as it exhibits high parametric variability while maintaining manageable scope for comprehensive analysis. Through parametric expa,,,
223,prosa,,,47513,The OEB subcategory provides an ideal testbed for retrieval evaluation as it exhibits high parametric variability while maintaining manageable scope for comprehensive analysis. Through parametric expa,,,
226,prosa,,,6,"- The item-level contains the fully specified variant, including all parameters (e.g., “6 PVC tubes, 160mm, under tracks, nighttime”).",,,
226,prosa,,,160,"- The item-level contains the fully specified variant, including all parameters (e.g., “6 PVC tubes, 160mm, under tracks, nighttime”).",,,
239,tabular,tab:dataset_statistics,Total unique items,"47,513","Total unique items & 47,513 \\",,,
240,tabular,tab:dataset_statistics,Base templates,30,Base templates & 30 \\,,,
241,tabular,tab:dataset_statistics,Average expansion factor,1583.8,Average expansion factor & 1583.8 \\,,,
244,tabular,tab:dataset_statistics,\quad Mean length (words),19.7,\quad Mean length (words) & 19.7 \\,,,
245,tabular,tab:dataset_statistics,\quad Median length (words),20,\quad Median length (words) & 20 \\,,,
246,tabular,tab:dataset_statistics,\quad Std deviation (words),2.4,\quad Std deviation (words) & 2.4 \\,,,
249,tabular,tab:dataset_statistics,\quad Mean length (words),84.5,\quad Mean length (words) & 84.5 \\,,,
250,tabular,tab:dataset_statistics,\quad Median length (words),83,\quad Median length (words) & 83 \\,,,
251,tabular,tab:dataset_statistics,\quad Std deviation (words),15.0,\quad Std deviation (words) & 15.0 \\,,,
253,tabular,tab:dataset_statistics,Queries with numeric parameters,"47,430","Queries with numeric parameters & 47,430 (99%) \\",,,
253,tabular,tab:dataset_statistics,Queries with numeric parameters,99%,"Queries with numeric parameters & 47,430 (99%) \\",,,
254,tabular,tab:dataset_statistics,Queries without numeric parameters,83,Queries without numeric parameters & 83 (0%) \\,,,
254,tabular,tab:dataset_statistics,Queries without numeric parameters,0%,Queries without numeric parameters & 83 (0%) \\,,,
255,tabular,tab:dataset_statistics,Single-item templates (=1 variants),1,Single-item templates (=1 variants) & 25 (0%) \\,,,
255,tabular,tab:dataset_statistics,Single-item templates (=1 variants),25,Single-item templates (=1 variants) & 25 (0%) \\,,,
255,tabular,tab:dataset_statistics,Single-item templates (=1 variants),0%,Single-item templates (=1 variants) & 25 (0%) \\,,,
269,prosa,,,110,"Template: OEB020\$ — Concrete-encased PVC conduit, 110 mm\\[6pt]",,,
269,prosa,,,6,"Template: OEB020\$ — Concrete-encased PVC conduit, 110 mm\\[6pt]",,,
273,tabular,,No. of pipes,2,No. of pipes & 2 \\,,,
281,prosa,,,2,"Concrete-encased conduit, 2 pipes, PVC 110 mm, normal terrain. (Daytime / i \geq5h / High volume)\\[6pt]",,,
281,prosa,,,110,"Concrete-encased conduit, 2 pipes, PVC 110 mm, normal terrain. (Daytime / i \geq5h / High volume)\\[6pt]",,,
281,prosa,,,6,"Concrete-encased conduit, 2 pipes, PVC 110 mm, normal terrain. (Daytime / i \geq5h / High volume)\\[6pt]",,,
284,prosa,,,2,"Concrete-encased conduit installation of 2 PVC pipes, 110 mm diameter, in any terrain except rock, including trench backfilling and compaction, supply and installation of pipes and HE-20 concrete (non",,,
284,prosa,,,110,"Concrete-encased conduit installation of 2 PVC pipes, 110 mm diameter, in any terrain except rock, including trench backfilling and compaction, supply and installation of pipes and HE-20 concrete (non",,,
284,prosa,,,20,"Concrete-encased conduit installation of 2 PVC pipes, 110 mm diameter, in any terrain except rock, including trench backfilling and compaction, supply and installation of pipes and HE-20 concrete (non",,,
301,prosa,,,6,"\item Metadata Preservation: The parser retains hierarchical information including chapter codes, base template identifiers (first 6 characters), and parametric family relationships to enable parent-l",,,
315,prosa,,,"1,256.84","\item Numeric normalization (e.g., ``1,256.84'' for ``1256,84'')",,,
315,prosa,,,1256,"\item Numeric normalization (e.g., ``1,256.84'' for ``1256,84'')",,,
315,prosa,,,84,"\item Numeric normalization (e.g., ``1,256.84'' for ``1256,84'')",,,
322,prosa,,,2,"\item Word tokens: Regex pattern \textbackslash w+ for lexical methods, yielding sequences like [""conduit"", ""concrete-cased"", ""2"", ""pipes"", ""pvc"", ""110"", ""mm""]",,,
322,prosa,,,110,"\item Word tokens: Regex pattern \textbackslash w+ for lexical methods, yielding sequences like [""conduit"", ""concrete-cased"", ""2"", ""pipes"", ""pvc"", ""110"", ""mm""]",,,
323,prosa,,,3,"\item Character n-grams: Overlapping sequences of length 3, 4, and 5 for character-based methods (e.g., ``pvc'' → [""pvc"", ""\#pv"", ""pvc"", ""vc\#""])",,,
323,prosa,,,4,"\item Character n-grams: Overlapping sequences of length 3, 4, and 5 for character-based methods (e.g., ``pvc'' → [""pvc"", ""\#pv"", ""pvc"", ""vc\#""])",,,
323,prosa,,,5,"\item Character n-grams: Overlapping sequences of length 3, 4, and 5 for character-based methods (e.g., ``pvc'' → [""pvc"", ""\#pv"", ""pvc"", ""vc\#""])",,,
328,prosa,,,127,"We leverage the catalog's parametric structure to identify domain-specific multi-word expressions. From the BC3 parameter definitions, we extract 127 multi-word parameter values (e.g., terrain types, ",,,
345,prosa,,,100,We evaluate 100 distinct retrieval configurations organized into four method families. Table~\reftab:method_families summarizes the configuration space.,,,
355,tabular,tab:method_families,Lexical (BM25 \,67,"Lexical (BM25 \& TF-IDF) & 67 & Parameter tuning, tokenization, phrase handling \\",,,
356,tabular,tab:method_families,Pseudo-Relevance Feedback,16,Pseudo-Relevance Feedback & 16 & RM3 and Rocchio with various feedback parameters \\,,,
357,tabular,tab:method_families,Neural Dense Retrieval,7,"Neural Dense Retrieval & 7 & E5, GTE, BGE-M3 models with different settings \\",,,
358,tabular,tab:method_families,Hybrid \,10,Hybrid \& Reranking & 10 & Fusion methods and cross-encoder reranking \\,,,
360,tabular,tab:method_families,Total,100,Total & 100 & \\,,,
373,prosa,,,0.6,"k_1 \in \0.6, 0.8, 1.0, 1.2, 1.4\, b \in \0.20, 0.35, 0.50, 0.65, 0.80\ (25 combinations)",,,
373,prosa,,,0.8,"k_1 \in \0.6, 0.8, 1.0, 1.2, 1.4\, b \in \0.20, 0.35, 0.50, 0.65, 0.80\ (25 combinations)",,,
373,prosa,,,1.0,"k_1 \in \0.6, 0.8, 1.0, 1.2, 1.4\, b \in \0.20, 0.35, 0.50, 0.65, 0.80\ (25 combinations)",,,
373,prosa,,,1.2,"k_1 \in \0.6, 0.8, 1.0, 1.2, 1.4\, b \in \0.20, 0.35, 0.50, 0.65, 0.80\ (25 combinations)",,,
373,prosa,,,1.4,"k_1 \in \0.6, 0.8, 1.0, 1.2, 1.4\, b \in \0.20, 0.35, 0.50, 0.65, 0.80\ (25 combinations)",,,
373,prosa,,,0.20,"k_1 \in \0.6, 0.8, 1.0, 1.2, 1.4\, b \in \0.20, 0.35, 0.50, 0.65, 0.80\ (25 combinations)",,,
373,prosa,,,0.35,"k_1 \in \0.6, 0.8, 1.0, 1.2, 1.4\, b \in \0.20, 0.35, 0.50, 0.65, 0.80\ (25 combinations)",,,
373,prosa,,,0.50,"k_1 \in \0.6, 0.8, 1.0, 1.2, 1.4\, b \in \0.20, 0.35, 0.50, 0.65, 0.80\ (25 combinations)",,,
373,prosa,,,0.65,"k_1 \in \0.6, 0.8, 1.0, 1.2, 1.4\, b \in \0.20, 0.35, 0.50, 0.65, 0.80\ (25 combinations)",,,
373,prosa,,,0.80,"k_1 \in \0.6, 0.8, 1.0, 1.2, 1.4\, b \in \0.20, 0.35, 0.50, 0.65, 0.80\ (25 combinations)",,,
373,prosa,,,25,"k_1 \in \0.6, 0.8, 1.0, 1.2, 1.4\, b \in \0.20, 0.35, 0.50, 0.65, 0.80\ (25 combinations)",,,
375,prosa,,,0.8,"k_1 \in \0.8, 1.0, 1.2, 1.4, 1.6\, b \in \0.35, 0.50, 0.65, 0.80, 0.95\ (25 combinations)",,,
375,prosa,,,1.0,"k_1 \in \0.8, 1.0, 1.2, 1.4, 1.6\, b \in \0.35, 0.50, 0.65, 0.80, 0.95\ (25 combinations)",,,
375,prosa,,,1.2,"k_1 \in \0.8, 1.0, 1.2, 1.4, 1.6\, b \in \0.35, 0.50, 0.65, 0.80, 0.95\ (25 combinations)",,,
375,prosa,,,1.4,"k_1 \in \0.8, 1.0, 1.2, 1.4, 1.6\, b \in \0.35, 0.50, 0.65, 0.80, 0.95\ (25 combinations)",,,
375,prosa,,,1.6,"k_1 \in \0.8, 1.0, 1.2, 1.4, 1.6\, b \in \0.35, 0.50, 0.65, 0.80, 0.95\ (25 combinations)",,,
375,prosa,,,0.35,"k_1 \in \0.8, 1.0, 1.2, 1.4, 1.6\, b \in \0.35, 0.50, 0.65, 0.80, 0.95\ (25 combinations)",,,
375,prosa,,,0.50,"k_1 \in \0.8, 1.0, 1.2, 1.4, 1.6\, b \in \0.35, 0.50, 0.65, 0.80, 0.95\ (25 combinations)",,,
375,prosa,,,0.65,"k_1 \in \0.8, 1.0, 1.2, 1.4, 1.6\, b \in \0.35, 0.50, 0.65, 0.80, 0.95\ (25 combinations)",,,
375,prosa,,,0.80,"k_1 \in \0.8, 1.0, 1.2, 1.4, 1.6\, b \in \0.35, 0.50, 0.65, 0.80, 0.95\ (25 combinations)",,,
375,prosa,,,0.95,"k_1 \in \0.8, 1.0, 1.2, 1.4, 1.6\, b \in \0.35, 0.50, 0.65, 0.80, 0.95\ (25 combinations)",,,
375,prosa,,,25,"k_1 \in \0.8, 1.0, 1.2, 1.4, 1.6\, b \in \0.35, 0.50, 0.65, 0.80, 0.95\ (25 combinations)",,,
377,prosa,,,0.6,"k_1 \in \0.6, 0.8, 1.0, 1.2\, b \in \0.35, 0.50, 0.65\ (12 combinations)",,,
377,prosa,,,0.8,"k_1 \in \0.6, 0.8, 1.0, 1.2\, b \in \0.35, 0.50, 0.65\ (12 combinations)",,,
377,prosa,,,1.0,"k_1 \in \0.6, 0.8, 1.0, 1.2\, b \in \0.35, 0.50, 0.65\ (12 combinations)",,,
377,prosa,,,1.2,"k_1 \in \0.6, 0.8, 1.0, 1.2\, b \in \0.35, 0.50, 0.65\ (12 combinations)",,,
377,prosa,,,0.35,"k_1 \in \0.6, 0.8, 1.0, 1.2\, b \in \0.35, 0.50, 0.65\ (12 combinations)",,,
377,prosa,,,0.50,"k_1 \in \0.6, 0.8, 1.0, 1.2\, b \in \0.35, 0.50, 0.65\ (12 combinations)",,,
377,prosa,,,0.65,"k_1 \in \0.6, 0.8, 1.0, 1.2\, b \in \0.35, 0.50, 0.65\ (12 combinations)",,,
377,prosa,,,12,"k_1 \in \0.6, 0.8, 1.0, 1.2\, b \in \0.35, 0.50, 0.65\ (12 combinations)",,,
380,prosa,,,62,This yields 62 total configurations. Documents and queries undergo identical preprocessing before indexing. Index construction uses default Lucene analyzers with custom stopword lists removed (domain-,,,
387,prosa,,,3,"\item TF-IDF-char: Character n-grams (n \in \3,4,5\) with word boundary markers",,,
387,prosa,,,4,"\item TF-IDF-char: Character n-grams (n \in \3,4,5\) with word boundary markers",,,
387,prosa,,,5,"\item TF-IDF-char: Character n-grams (n \in \3,4,5\) with word boundary markers",,,
395,prosa,,,5,"We evaluate two PRF methods using the same parameter grid: feedback documents M \in \5, 10\, expansion terms N \in \20, 40\, and feedback weight \beta \in \0.5, 0.7\, yielding 8 configurations each (t",,,
395,prosa,,,10,"We evaluate two PRF methods using the same parameter grid: feedback documents M \in \5, 10\, expansion terms N \in \20, 40\, and feedback weight \beta \in \0.5, 0.7\, yielding 8 configurations each (t",,,
395,prosa,,,20,"We evaluate two PRF methods using the same parameter grid: feedback documents M \in \5, 10\, expansion terms N \in \20, 40\, and feedback weight \beta \in \0.5, 0.7\, yielding 8 configurations each (t",,,
395,prosa,,,40,"We evaluate two PRF methods using the same parameter grid: feedback documents M \in \5, 10\, expansion terms N \in \20, 40\, and feedback weight \beta \in \0.5, 0.7\, yielding 8 configurations each (t",,,
395,prosa,,,0.5,"We evaluate two PRF methods using the same parameter grid: feedback documents M \in \5, 10\, expansion terms N \in \20, 40\, and feedback weight \beta \in \0.5, 0.7\, yielding 8 configurations each (t",,,
395,prosa,,,0.7,"We evaluate two PRF methods using the same parameter grid: feedback documents M \in \5, 10\, expansion terms N \in \20, 40\, and feedback weight \beta \in \0.5, 0.7\, yielding 8 configurations each (t",,,
395,prosa,,,8,"We evaluate two PRF methods using the same parameter grid: feedback documents M \in \5, 10\, expansion terms N \in \20, 40\, and feedback weight \beta \in \0.5, 0.7\, yielding 8 configurations each (t",,,
395,prosa,,,0.7,"We evaluate two PRF methods using the same parameter grid: feedback documents M \in \5, 10\, expansion terms N \in \20, 40\, and feedback weight \beta \in \0.5, 0.7\, yielding 8 configurations each (t",,,
395,prosa,,,40,"We evaluate two PRF methods using the same parameter grid: feedback documents M \in \5, 10\, expansion terms N \in \20, 40\, and feedback weight \beta \in \0.5, 0.7\, yielding 8 configurations each (t",,,
400,prosa,,,0,"\paragraphRocchio It uses scikit-learn with TF-IDF representations, where \beta weights the feedback centroid. No negative feedback is used (\gamma = 0) due to the single-relevant-item setting.",,,
407,prosa,,,278,"We evaluate intfloat/multilingual-e5-base (278M parameters, 768 dimensions) using the sentence-transformers library v2.2.2~\citepreimers2019sentence. Following the model documentation, queries receive",,,
407,prosa,,,768,"We evaluate intfloat/multilingual-e5-base (278M parameters, 768 dimensions) using the sentence-transformers library v2.2.2~\citepreimers2019sentence. Following the model documentation, queries receive",,,
420,prosa,,,568,"BGE-M3 (BAAI/bge-m3, 568M parameters) supports three retrieval modes within a unified architecture~\citepchen2024bge:",,,
422,prosa,,,1024,\item BGE-M3-dense: Single 1024-dimensional vector per text,,,
447,prosa,,,1,"where w_r represents the fusion weight for ranker r, and \sum_r w_r = 1.",,,
449,prosa,,,1,"To identify optimal fusion configurations, we conducted a systematic parameter sweep over the weight space for several hybrid strategies: (1) three-way fusions combining BM25 with one BGE-M3 variant a",,,
449,prosa,,,2,"To identify optimal fusion configurations, we conducted a systematic parameter sweep over the weight space for several hybrid strategies: (1) three-way fusions combining BM25 with one BGE-M3 variant a",,,
449,prosa,,,0.0,"To identify optimal fusion configurations, we conducted a systematic parameter sweep over the weight space for several hybrid strategies: (1) three-way fusions combining BM25 with one BGE-M3 variant a",,,
449,prosa,,,0.05,"To identify optimal fusion configurations, we conducted a systematic parameter sweep over the weight space for several hybrid strategies: (1) three-way fusions combining BM25 with one BGE-M3 variant a",,,
449,prosa,,,0.1,"To identify optimal fusion configurations, we conducted a systematic parameter sweep over the weight space for several hybrid strategies: (1) three-way fusions combining BM25 with one BGE-M3 variant a",,,
449,prosa,,,0.0,"To identify optimal fusion configurations, we conducted a systematic parameter sweep over the weight space for several hybrid strategies: (1) three-way fusions combining BM25 with one BGE-M3 variant a",,,
449,prosa,,,0.05,"To identify optimal fusion configurations, we conducted a systematic parameter sweep over the weight space for several hybrid strategies: (1) three-way fusions combining BM25 with one BGE-M3 variant a",,,
449,prosa,,,10,"To identify optimal fusion configurations, we conducted a systematic parameter sweep over the weight space for several hybrid strategies: (1) three-way fusions combining BM25 with one BGE-M3 variant a",,,
455,prosa,,,6,\item Model: cross-encoder/ms-marco-MiniLM-L-6-v2 (22M parameters),,,
455,prosa,,,22,\item Model: cross-encoder/ms-marco-MiniLM-L-6-v2 (22M parameters),,,
457,prosa,,,20,"\item Reranking depth: Top 20, 50, or 100 candidates from first stage",,,
457,prosa,,,50,"\item Reranking depth: Top 20, 50, or 100 candidates from first stage",,,
457,prosa,,,100,"\item Reranking depth: Top 20, 50, or 100 candidates from first stage",,,
467,prosa,,,"47,513","The evaluation task simulates realistic construction catalog search: given a short-form description (resumen), retrieve the corresponding detailed specification (texto) from 47,513 candidates. Each qu",,,
471,prosa,,,"16,590","\item A random sample of 16,590 from the resumen descriptions was selected as query inputs",,,
472,prosa,,,"47,513","\item All 47,513 texto descriptions were used as the retrieval corpus",,,
477,prosa,,,"16,590","The sample size (16,590) ensures 99% confidence with ±1% margin of error:",,,
477,prosa,,,99%,"The sample size (16,590) ensures 99% confidence with ±1% margin of error:",,,
477,prosa,,,1%,"The sample size (16,590) ensures 99% confidence with ±1% margin of error:",,,
479,prosa,,,2,"n = \fracZ^2 \cdot p(1 - p)E^2 = \frac(2.576)^2 \cdot 0.5 \cdot 0.5(0.01)^2 = 16,590",,,
479,prosa,,,1,"n = \fracZ^2 \cdot p(1 - p)E^2 = \frac(2.576)^2 \cdot 0.5 \cdot 0.5(0.01)^2 = 16,590",,,
479,prosa,,,2,"n = \fracZ^2 \cdot p(1 - p)E^2 = \frac(2.576)^2 \cdot 0.5 \cdot 0.5(0.01)^2 = 16,590",,,
479,prosa,,,2.576,"n = \fracZ^2 \cdot p(1 - p)E^2 = \frac(2.576)^2 \cdot 0.5 \cdot 0.5(0.01)^2 = 16,590",,,
479,prosa,,,2,"n = \fracZ^2 \cdot p(1 - p)E^2 = \frac(2.576)^2 \cdot 0.5 \cdot 0.5(0.01)^2 = 16,590",,,
479,prosa,,,0.5,"n = \fracZ^2 \cdot p(1 - p)E^2 = \frac(2.576)^2 \cdot 0.5 \cdot 0.5(0.01)^2 = 16,590",,,
479,prosa,,,0.5,"n = \fracZ^2 \cdot p(1 - p)E^2 = \frac(2.576)^2 \cdot 0.5 \cdot 0.5(0.01)^2 = 16,590",,,
479,prosa,,,0.01,"n = \fracZ^2 \cdot p(1 - p)E^2 = \frac(2.576)^2 \cdot 0.5 \cdot 0.5(0.01)^2 = 16,590",,,
479,prosa,,,2,"n = \fracZ^2 \cdot p(1 - p)E^2 = \frac(2.576)^2 \cdot 0.5 \cdot 0.5(0.01)^2 = 16,590",,,
479,prosa,,,"16,590","n = \fracZ^2 \cdot p(1 - p)E^2 = \frac(2.576)^2 \cdot 0.5 \cdot 0.5(0.01)^2 = 16,590",,,
481,prosa,,,2.576,"where n is the required sample size, Z is the Z-score for the confidence level (2.576 for 99%), p = 0.5 assumes maximum variance, and E is the margin of error (0.01). This ensures statistically robust",,,
481,prosa,,,99%,"where n is the required sample size, Z is the Z-score for the confidence level (2.576 for 99%), p = 0.5 assumes maximum variance, and E is the margin of error (0.01). This ensures statistically robust",,,
481,prosa,,,0.5,"where n is the required sample size, Z is the Z-score for the confidence level (2.576 for 99%), p = 0.5 assumes maximum variance, and E is the margin of error (0.01). This ensures statistically robust",,,
481,prosa,,,0.01,"where n is the required sample size, Z is the Z-score for the confidence level (2.576 for 99%), p = 0.5 assumes maximum variance, and E is the margin of error (0.01). This ensures statistically robust",,,
491,prosa,,,6,"Credits retrieval of any variant from the same parametric family, identified through shared 6-character prefixes. For query ``OEB020aabdcfa'', any document with ID starting ``OEB020'' counts as correc",,,
500,prosa,,,1,\item Accuracy@1 (Success@1): Proportion of queries where the correct item appears in rank 1. Critical for automated systems where only the top result is used.,,,
500,prosa,,,1,\item Accuracy@1 (Success@1): Proportion of queries where the correct item appears in rank 1. Critical for automated systems where only the top result is used.,,,
500,prosa,,,1,\item Accuracy@1 (Success@1): Proportion of queries where the correct item appears in rank 1. Critical for automated systems where only the top result is used.,,,
502,prosa,,,5,\item Recall@k: Proportion of queries with correct item in top-k results. We report Recall@5 and Recall@10 as reasonable examination depths for human review.,,,
502,prosa,,,10,\item Recall@k: Proportion of queries with correct item in top-k results. We report Recall@5 and Recall@10 as reasonable examination depths for human review.,,,
506,prosa,,,10,\item Normalized Discounted Cumulative Gain (nDCG@10): Accounts for rank position using logarithmic discount,,,
518,prosa,,,"24,711","\item HAS\_NUM (24,711 queries, 62%): Queries containing at least one numeric parameter (e.g., ``2 tubos'', ``110 mm''). Tests whether methods can match quantitative specifications.",,,
518,prosa,,,62%,"\item HAS\_NUM (24,711 queries, 62%): Queries containing at least one numeric parameter (e.g., ``2 tubos'', ``110 mm''). Tests whether methods can match quantitative specifications.",,,
518,prosa,,,2,"\item HAS\_NUM (24,711 queries, 62%): Queries containing at least one numeric parameter (e.g., ``2 tubos'', ``110 mm''). Tests whether methods can match quantitative specifications.",,,
518,prosa,,,110,"\item HAS\_NUM (24,711 queries, 62%): Queries containing at least one numeric parameter (e.g., ``2 tubos'', ``110 mm''). Tests whether methods can match quantitative specifications.",,,
520,prosa,,,"15,136","\item NO\_NUM (15,136 queries, 38%): Queries without numeric content, containing only textual descriptors. Isolates purely textual matching performance.",,,
520,prosa,,,38%,"\item NO\_NUM (15,136 queries, 38%): Queries without numeric content, containing only textual descriptors. Isolates purely textual matching performance.",,,
530,prosa,,,"10,000","For each system pair (A, B), we compute per-query metric differences, generate B=10,000 bootstrap samples with replacement, and estimate p-values from the empirical distribution of mean differences. W",,,
530,prosa,,,0.05,"For each system pair (A, B), we compute per-query metric differences, generate B=10,000 bootstrap samples with replacement, and estimate p-values from the empirical distribution of mean differences. W",,,
534,prosa,,,100,"To understand failure modes, we analyze 100 randomly sampled errors from each method family. Errors are categorized into:",,,
537,prosa,,,110,"\item Numeric Mismatch: Retrieved item differs from target in quantitative parameters (e.g., ``110 mm'' vs ``160 mm'', ``2 tubos'' vs ``4 tubos'')",,,
537,prosa,,,160,"\item Numeric Mismatch: Retrieved item differs from target in quantitative parameters (e.g., ``110 mm'' vs ``160 mm'', ``2 tubos'' vs ``4 tubos'')",,,
537,prosa,,,2,"\item Numeric Mismatch: Retrieved item differs from target in quantitative parameters (e.g., ``110 mm'' vs ``160 mm'', ``2 tubos'' vs ``4 tubos'')",,,
537,prosa,,,4,"\item Numeric Mismatch: Retrieved item differs from target in quantitative parameters (e.g., ``110 mm'' vs ``160 mm'', ``2 tubos'' vs ``4 tubos'')",,,
543,prosa,,,11,\item Ranking Failure: Correct item retrieved but ranks beyond typical examination depth (position 11+),,,
550,prosa,,,3.10,"All experiments use Python 3.10 with Pyserini for BM25/RM3, scikit-learn for TF-IDF/Rocchio, sentence-transformers and FlagEmbedding for neural models, and ranx for evaluation~\citepbassani2022ranx. E",,,
550,prosa,,,13900,"All experiments use Python 3.10 with Pyserini for BM25/RM3, scikit-learn for TF-IDF/Rocchio, sentence-transformers and FlagEmbedding for neural models, and ranx for evaluation~\citepbassani2022ranx. E",,,
550,prosa,,,4,"All experiments use Python 3.10 with Pyserini for BM25/RM3, scikit-learn for TF-IDF/Rocchio, sentence-transformers and FlagEmbedding for neural models, and ranx for evaluation~\citepbassani2022ranx. E",,,
550,prosa,,,4090,"All experiments use Python 3.10 with Pyserini for BM25/RM3, scikit-learn for TF-IDF/Rocchio, sentence-transformers and FlagEmbedding for neural models, and ranx for evaluation~\citepbassani2022ranx. E",,,
553,prosa,,,4.7,"The results across all evaluated configurations converge on a consistent finding: lexical methods, when properly tuned with domain-specific parameter phrases, outperform neural and hybrid approaches a",,,
557,prosa,,,"16,590",The performance of all lexical retrieval configurations was evaluated at two hierarchical levels: parent-level and item-level retrieval. Figure~\reffig:lexical_performance_parent presents parent-level,,,
559,prosa,,,1,"At the parent level (Figure~\reffig:lexical_performance_parent), TF-IDF methods dominated, with TF-IDF-unigram\_phrases\_replace achieving the highest Acc@1 (0.990). BM25 variants showed more modest p",,,
559,prosa,,,0.990,"At the parent level (Figure~\reffig:lexical_performance_parent), TF-IDF methods dominated, with TF-IDF-unigram\_phrases\_replace achieving the highest Acc@1 (0.990). BM25 variants showed more modest p",,,
559,prosa,,,0.873,"At the parent level (Figure~\reffig:lexical_performance_parent), TF-IDF methods dominated, with TF-IDF-unigram\_phrases\_replace achieving the highest Acc@1 (0.990). BM25 variants showed more modest p",,,
559,prosa,,,0.985,"At the parent level (Figure~\reffig:lexical_performance_parent), TF-IDF methods dominated, with TF-IDF-unigram\_phrases\_replace achieving the highest Acc@1 (0.990). BM25 variants showed more modest p",,,
564,prosa,,,"16,590","\captionPerformance comparison of lexical retrieval methods at parent level on the test set (n=16,590 queries). Methods are ranked by Accuracy@1.",,,
564,prosa,,,1,"\captionPerformance comparison of lexical retrieval methods at parent level on the test set (n=16,590 queries). Methods are ranked by Accuracy@1.",,,
568,prosa,,,1,"At the item level (Figure~\reffig:lexical_performance_item), the ranking inverted. BM25-unigram\_params achieved the highest Acc@1 (0.974), while TF-IDF methods dropped substantially (0.558--0.708). T",,,
568,prosa,,,0.974,"At the item level (Figure~\reffig:lexical_performance_item), the ranking inverted. BM25-unigram\_params achieved the highest Acc@1 (0.974), while TF-IDF methods dropped substantially (0.558--0.708). T",,,
568,prosa,,,0.558,"At the item level (Figure~\reffig:lexical_performance_item), the ranking inverted. BM25-unigram\_params achieved the highest Acc@1 (0.974), while TF-IDF methods dropped substantially (0.558--0.708). T",,,
568,prosa,,,0.708,"At the item level (Figure~\reffig:lexical_performance_item), the ranking inverted. BM25-unigram\_params achieved the highest Acc@1 (0.974), while TF-IDF methods dropped substantially (0.558--0.708). T",,,
568,prosa,,,26.6,"At the item level (Figure~\reffig:lexical_performance_item), the ranking inverted. BM25-unigram\_params achieved the highest Acc@1 (0.974), while TF-IDF methods dropped substantially (0.558--0.708). T",,,
573,prosa,,,"16,590","\captionPerformance comparison of lexical retrieval methods at item level on the test set (n=16,590 queries). Methods are ranked by Accuracy@1.",,,
573,prosa,,,1,"\captionPerformance comparison of lexical retrieval methods at item level on the test set (n=16,590 queries). Methods are ranked by Accuracy@1.",,,
578,prosa,,,1,"Figure~\reffig:bm25_heatmap_panel visualizes the sensitivity of item-level Acc@1 to the BM25 hyperparameters (k_1, b) across the three tokenization variants. The parameter-phrase variant dominates the",,,
578,prosa,,,0.35,"Figure~\reffig:bm25_heatmap_panel visualizes the sensitivity of item-level Acc@1 to the BM25 hyperparameters (k_1, b) across the three tokenization variants. The parameter-phrase variant dominates the",,,
583,prosa,,,1,"\captionAcc@1 sensitivity to BM25 hyperparameters (k_1, b) across three tokenization variants on the item-level retrieval task (n=16,590 queries). A shared color scale highlights the systematic domina",,,
583,prosa,,,"16,590","\captionAcc@1 sensitivity to BM25 hyperparameters (k_1, b) across three tokenization variants on the item-level retrieval task (n=16,590 queries). A shared color scale highlights the systematic domina",,,
587,prosa,,,"10,000","Bootstrap significance testing (10,000 iterations, Bonferroni correction) confirmed all pairwise differences were statistically significant (p < 0.003).",,,
587,prosa,,,0.003,"Bootstrap significance testing (10,000 iterations, Bonferroni correction) confirmed all pairwise differences were statistically significant (p < 0.003).",,,
589,prosa,,,16.1,"Table~\reftab:statistical_significance presents pairwise comparisons. BM25-unigram outperformed all TF-IDF variants by 16.1--31.1 percentage points, and exceeded BM25-unibigram by 4.2 percentage point",,,
589,prosa,,,31.1,"Table~\reftab:statistical_significance presents pairwise comparisons. BM25-unigram outperformed all TF-IDF variants by 16.1--31.1 percentage points, and exceeded BM25-unibigram by 4.2 percentage point",,,
589,prosa,,,4.2,"Table~\reftab:statistical_significance presents pairwise comparisons. BM25-unigram outperformed all TF-IDF variants by 16.1--31.1 percentage points, and exceeded BM25-unibigram by 4.2 percentage point",,,
593,prosa,,,"10,000","\captionPairwise statistical significance testing results for item-level lexical method performance. Bootstrap test with 10,000 iterations; p-values corrected using Holm-Bonferroni method. All compari",,,
593,prosa,,,0.003,"\captionPairwise statistical significance testing results for item-level lexical method performance. Bootstrap test with 10,000 iterations; p-values corrected using Holm-Bonferroni method. All compari",,,
598,tabular,tab:statistical_significance,Method 1,1,Method 1 & Method 2 & \Delta Acc@1 & 95% CI & p-value & Sig. \\,,,
598,tabular,tab:statistical_significance,Method 1,2,Method 1 & Method 2 & \Delta Acc@1 & 95% CI & p-value & Sig. \\,,,
598,tabular,tab:statistical_significance,Method 1,1,Method 1 & Method 2 & \Delta Acc@1 & 95% CI & p-value & Sig. \\,,,
598,tabular,tab:statistical_significance,Method 1,95%,Method 1 & Method 2 & \Delta Acc@1 & 95% CI & p-value & Sig. \\,,,
600,tabular,tab:statistical_significance,BM25-unigram,0.042,"BM25-unigram & BM25-unibigram & 0.042 & [0.036, 0.048] & < 0.001 & *** \\",,,
600,tabular,tab:statistical_significance,BM25-unigram,0.036,"BM25-unigram & BM25-unibigram & 0.042 & [0.036, 0.048] & < 0.001 & *** \\",,,
600,tabular,tab:statistical_significance,BM25-unigram,0.048,"BM25-unigram & BM25-unibigram & 0.042 & [0.036, 0.048] & < 0.001 & *** \\",,,
600,tabular,tab:statistical_significance,BM25-unigram,0.001,"BM25-unigram & BM25-unibigram & 0.042 & [0.036, 0.048] & < 0.001 & *** \\",,,
601,tabular,tab:statistical_significance,BM25-unigram,0.161,"BM25-unigram & TF-IDF-phrases\_replace & 0.161 & [0.153, 0.169] & < 0.001 & *** \\",,,
601,tabular,tab:statistical_significance,BM25-unigram,0.153,"BM25-unigram & TF-IDF-phrases\_replace & 0.161 & [0.153, 0.169] & < 0.001 & *** \\",,,
601,tabular,tab:statistical_significance,BM25-unigram,0.169,"BM25-unigram & TF-IDF-phrases\_replace & 0.161 & [0.153, 0.169] & < 0.001 & *** \\",,,
601,tabular,tab:statistical_significance,BM25-unigram,0.001,"BM25-unigram & TF-IDF-phrases\_replace & 0.161 & [0.153, 0.169] & < 0.001 & *** \\",,,
602,tabular,tab:statistical_significance,BM25-unigram,0.219,"BM25-unigram & TF-IDF-phrases\_add & 0.219 & [0.211, 0.227] & < 0.001 & *** \\",,,
602,tabular,tab:statistical_significance,BM25-unigram,0.211,"BM25-unigram & TF-IDF-phrases\_add & 0.219 & [0.211, 0.227] & < 0.001 & *** \\",,,
602,tabular,tab:statistical_significance,BM25-unigram,0.227,"BM25-unigram & TF-IDF-phrases\_add & 0.219 & [0.211, 0.227] & < 0.001 & *** \\",,,
602,tabular,tab:statistical_significance,BM25-unigram,0.001,"BM25-unigram & TF-IDF-phrases\_add & 0.219 & [0.211, 0.227] & < 0.001 & *** \\",,,
603,tabular,tab:statistical_significance,BM25-unigram,0.227,"BM25-unigram & TF-IDF-nostop & 0.227 & [0.220, 0.235] & < 0.001 & *** \\",,,
603,tabular,tab:statistical_significance,BM25-unigram,0.220,"BM25-unigram & TF-IDF-nostop & 0.227 & [0.220, 0.235] & < 0.001 & *** \\",,,
603,tabular,tab:statistical_significance,BM25-unigram,0.235,"BM25-unigram & TF-IDF-nostop & 0.227 & [0.220, 0.235] & < 0.001 & *** \\",,,
603,tabular,tab:statistical_significance,BM25-unigram,0.001,"BM25-unigram & TF-IDF-nostop & 0.227 & [0.220, 0.235] & < 0.001 & *** \\",,,
604,tabular,tab:statistical_significance,BM25-unigram,0.243,"BM25-unigram & TF-IDF-unigram & 0.243 & [0.235, 0.250] & < 0.001 & *** \\",,,
604,tabular,tab:statistical_significance,BM25-unigram,0.235,"BM25-unigram & TF-IDF-unigram & 0.243 & [0.235, 0.250] & < 0.001 & *** \\",,,
604,tabular,tab:statistical_significance,BM25-unigram,0.250,"BM25-unigram & TF-IDF-unigram & 0.243 & [0.235, 0.250] & < 0.001 & *** \\",,,
604,tabular,tab:statistical_significance,BM25-unigram,0.001,"BM25-unigram & TF-IDF-unigram & 0.243 & [0.235, 0.250] & < 0.001 & *** \\",,,
605,tabular,tab:statistical_significance,BM25-unigram,0.311,"BM25-unigram & TF-IDF-char\_3\_5 & 0.311 & [0.303, 0.319] & < 0.001 & *** \\",,,
605,tabular,tab:statistical_significance,BM25-unigram,0.303,"BM25-unigram & TF-IDF-char\_3\_5 & 0.311 & [0.303, 0.319] & < 0.001 & *** \\",,,
605,tabular,tab:statistical_significance,BM25-unigram,0.319,"BM25-unigram & TF-IDF-char\_3\_5 & 0.311 & [0.303, 0.319] & < 0.001 & *** \\",,,
605,tabular,tab:statistical_significance,BM25-unigram,0.001,"BM25-unigram & TF-IDF-char\_3\_5 & 0.311 & [0.303, 0.319] & < 0.001 & *** \\",,,
607,tabular,tab:statistical_significance,BM25-unibigram,0.118,"BM25-unibigram & TF-IDF-phrases\_replace & 0.118 & [0.112, 0.125] & < 0.001 & *** \\",,,
607,tabular,tab:statistical_significance,BM25-unibigram,0.112,"BM25-unibigram & TF-IDF-phrases\_replace & 0.118 & [0.112, 0.125] & < 0.001 & *** \\",,,
607,tabular,tab:statistical_significance,BM25-unibigram,0.125,"BM25-unibigram & TF-IDF-phrases\_replace & 0.118 & [0.112, 0.125] & < 0.001 & *** \\",,,
607,tabular,tab:statistical_significance,BM25-unibigram,0.001,"BM25-unibigram & TF-IDF-phrases\_replace & 0.118 & [0.112, 0.125] & < 0.001 & *** \\",,,
608,tabular,tab:statistical_significance,BM25-unibigram,0.177,"BM25-unibigram & TF-IDF-phrases\_add & 0.177 & [0.170, 0.184] & < 0.001 & *** \\",,,
608,tabular,tab:statistical_significance,BM25-unibigram,0.170,"BM25-unibigram & TF-IDF-phrases\_add & 0.177 & [0.170, 0.184] & < 0.001 & *** \\",,,
608,tabular,tab:statistical_significance,BM25-unibigram,0.184,"BM25-unibigram & TF-IDF-phrases\_add & 0.177 & [0.170, 0.184] & < 0.001 & *** \\",,,
608,tabular,tab:statistical_significance,BM25-unibigram,0.001,"BM25-unibigram & TF-IDF-phrases\_add & 0.177 & [0.170, 0.184] & < 0.001 & *** \\",,,
609,tabular,tab:statistical_significance,BM25-unibigram,0.185,"BM25-unibigram & TF-IDF-nostop & 0.185 & [0.178, 0.192] & < 0.001 & *** \\",,,
609,tabular,tab:statistical_significance,BM25-unibigram,0.178,"BM25-unibigram & TF-IDF-nostop & 0.185 & [0.178, 0.192] & < 0.001 & *** \\",,,
609,tabular,tab:statistical_significance,BM25-unibigram,0.192,"BM25-unibigram & TF-IDF-nostop & 0.185 & [0.178, 0.192] & < 0.001 & *** \\",,,
609,tabular,tab:statistical_significance,BM25-unibigram,0.001,"BM25-unibigram & TF-IDF-nostop & 0.185 & [0.178, 0.192] & < 0.001 & *** \\",,,
610,tabular,tab:statistical_significance,BM25-unibigram,0.200,"BM25-unibigram & TF-IDF-unigram & 0.200 & [0.193, 0.207] & < 0.001 & *** \\",,,
610,tabular,tab:statistical_significance,BM25-unibigram,0.193,"BM25-unibigram & TF-IDF-unigram & 0.200 & [0.193, 0.207] & < 0.001 & *** \\",,,
610,tabular,tab:statistical_significance,BM25-unibigram,0.207,"BM25-unibigram & TF-IDF-unigram & 0.200 & [0.193, 0.207] & < 0.001 & *** \\",,,
610,tabular,tab:statistical_significance,BM25-unibigram,0.001,"BM25-unibigram & TF-IDF-unigram & 0.200 & [0.193, 0.207] & < 0.001 & *** \\",,,
611,tabular,tab:statistical_significance,BM25-unibigram,0.268,"BM25-unibigram & TF-IDF-char\_3\_5 & 0.268 & [0.261, 0.276] & < 0.001 & *** \\",,,
611,tabular,tab:statistical_significance,BM25-unibigram,0.261,"BM25-unibigram & TF-IDF-char\_3\_5 & 0.268 & [0.261, 0.276] & < 0.001 & *** \\",,,
611,tabular,tab:statistical_significance,BM25-unibigram,0.276,"BM25-unibigram & TF-IDF-char\_3\_5 & 0.268 & [0.261, 0.276] & < 0.001 & *** \\",,,
611,tabular,tab:statistical_significance,BM25-unibigram,0.001,"BM25-unibigram & TF-IDF-char\_3\_5 & 0.268 & [0.261, 0.276] & < 0.001 & *** \\",,,
613,tabular,tab:statistical_significance,TF-IDF-phrases\_replace,0.058,"TF-IDF-phrases\_replace & TF-IDF-phrases\_add & 0.058 & [0.053, 0.064] & < 0.001 & *** \\",,,
613,tabular,tab:statistical_significance,TF-IDF-phrases\_replace,0.053,"TF-IDF-phrases\_replace & TF-IDF-phrases\_add & 0.058 & [0.053, 0.064] & < 0.001 & *** \\",,,
613,tabular,tab:statistical_significance,TF-IDF-phrases\_replace,0.064,"TF-IDF-phrases\_replace & TF-IDF-phrases\_add & 0.058 & [0.053, 0.064] & < 0.001 & *** \\",,,
613,tabular,tab:statistical_significance,TF-IDF-phrases\_replace,0.001,"TF-IDF-phrases\_replace & TF-IDF-phrases\_add & 0.058 & [0.053, 0.064] & < 0.001 & *** \\",,,
614,tabular,tab:statistical_significance,TF-IDF-phrases\_replace,0.067,"TF-IDF-phrases\_replace & TF-IDF-nostop & 0.067 & [0.061, 0.072] & < 0.001 & *** \\",,,
614,tabular,tab:statistical_significance,TF-IDF-phrases\_replace,0.061,"TF-IDF-phrases\_replace & TF-IDF-nostop & 0.067 & [0.061, 0.072] & < 0.001 & *** \\",,,
614,tabular,tab:statistical_significance,TF-IDF-phrases\_replace,0.072,"TF-IDF-phrases\_replace & TF-IDF-nostop & 0.067 & [0.061, 0.072] & < 0.001 & *** \\",,,
614,tabular,tab:statistical_significance,TF-IDF-phrases\_replace,0.001,"TF-IDF-phrases\_replace & TF-IDF-nostop & 0.067 & [0.061, 0.072] & < 0.001 & *** \\",,,
615,tabular,tab:statistical_significance,TF-IDF-phrases\_replace,0.082,"TF-IDF-phrases\_replace & TF-IDF-unigram & 0.082 & [0.076, 0.088] & < 0.001 & *** \\",,,
615,tabular,tab:statistical_significance,TF-IDF-phrases\_replace,0.076,"TF-IDF-phrases\_replace & TF-IDF-unigram & 0.082 & [0.076, 0.088] & < 0.001 & *** \\",,,
615,tabular,tab:statistical_significance,TF-IDF-phrases\_replace,0.088,"TF-IDF-phrases\_replace & TF-IDF-unigram & 0.082 & [0.076, 0.088] & < 0.001 & *** \\",,,
615,tabular,tab:statistical_significance,TF-IDF-phrases\_replace,0.001,"TF-IDF-phrases\_replace & TF-IDF-unigram & 0.082 & [0.076, 0.088] & < 0.001 & *** \\",,,
616,tabular,tab:statistical_significance,TF-IDF-phrases\_replace,0.150,"TF-IDF-phrases\_replace & TF-IDF-char\_3\_5 & 0.150 & [0.143, 0.157] & < 0.001 & *** \\",,,
616,tabular,tab:statistical_significance,TF-IDF-phrases\_replace,0.143,"TF-IDF-phrases\_replace & TF-IDF-char\_3\_5 & 0.150 & [0.143, 0.157] & < 0.001 & *** \\",,,
616,tabular,tab:statistical_significance,TF-IDF-phrases\_replace,0.157,"TF-IDF-phrases\_replace & TF-IDF-char\_3\_5 & 0.150 & [0.143, 0.157] & < 0.001 & *** \\",,,
616,tabular,tab:statistical_significance,TF-IDF-phrases\_replace,0.001,"TF-IDF-phrases\_replace & TF-IDF-char\_3\_5 & 0.150 & [0.143, 0.157] & < 0.001 & *** \\",,,
618,tabular,tab:statistical_significance,TF-IDF-nostop,0.008,"TF-IDF-nostop & TF-IDF-phrases\_add & 0.008 & [0.003, 0.014] & < 0.003 & ** \\",,,
618,tabular,tab:statistical_significance,TF-IDF-nostop,0.003,"TF-IDF-nostop & TF-IDF-phrases\_add & 0.008 & [0.003, 0.014] & < 0.003 & ** \\",,,
618,tabular,tab:statistical_significance,TF-IDF-nostop,0.014,"TF-IDF-nostop & TF-IDF-phrases\_add & 0.008 & [0.003, 0.014] & < 0.003 & ** \\",,,
618,tabular,tab:statistical_significance,TF-IDF-nostop,0.003,"TF-IDF-nostop & TF-IDF-phrases\_add & 0.008 & [0.003, 0.014] & < 0.003 & ** \\",,,
619,tabular,tab:statistical_significance,TF-IDF-unigram,0.015,"TF-IDF-unigram & TF-IDF-nostop & 0.015 & [0.010, 0.020] & < 0.001 & *** \\",,,
619,tabular,tab:statistical_significance,TF-IDF-unigram,0.010,"TF-IDF-unigram & TF-IDF-nostop & 0.015 & [0.010, 0.020] & < 0.001 & *** \\",,,
619,tabular,tab:statistical_significance,TF-IDF-unigram,0.020,"TF-IDF-unigram & TF-IDF-nostop & 0.015 & [0.010, 0.020] & < 0.001 & *** \\",,,
619,tabular,tab:statistical_significance,TF-IDF-unigram,0.001,"TF-IDF-unigram & TF-IDF-nostop & 0.015 & [0.010, 0.020] & < 0.001 & *** \\",,,
620,tabular,tab:statistical_significance,TF-IDF-unigram,0.023,"TF-IDF-unigram & TF-IDF-phrases\_add & 0.023 & [0.019, 0.027] & < 0.001 & *** \\",,,
620,tabular,tab:statistical_significance,TF-IDF-unigram,0.019,"TF-IDF-unigram & TF-IDF-phrases\_add & 0.023 & [0.019, 0.027] & < 0.001 & *** \\",,,
620,tabular,tab:statistical_significance,TF-IDF-unigram,0.027,"TF-IDF-unigram & TF-IDF-phrases\_add & 0.023 & [0.019, 0.027] & < 0.001 & *** \\",,,
620,tabular,tab:statistical_significance,TF-IDF-unigram,0.001,"TF-IDF-unigram & TF-IDF-phrases\_add & 0.023 & [0.019, 0.027] & < 0.001 & *** \\",,,
622,tabular,tab:statistical_significance,\multicolumn6l\small *** p < 0.001; ** p < 0.01 (Holm-Bonferroni corrected),0.001,\multicolumn6l\small *** p < 0.001; ** p < 0.01 (Holm-Bonferroni corrected),,,
622,tabular,tab:statistical_significance,\multicolumn6l\small *** p < 0.001; ** p < 0.01 (Holm-Bonferroni corrected),0.01,\multicolumn6l\small *** p < 0.001; ** p < 0.01 (Holm-Bonferroni corrected),,,
627,prosa,,,0.17%,Stratification by query type (Table~\reftab:performance_by_numbers) revealed that BM25-params achieved perfect accuracy on non-numeric queries (0.17% of test set) while maintaining 0.974 on numeric on,,,
627,prosa,,,0.974,Stratification by query type (Table~\reftab:performance_by_numbers) revealed that BM25-params achieved perfect accuracy on non-numeric queries (0.17% of test set) while maintaining 0.974 on numeric on,,,
627,prosa,,,0.558,Stratification by query type (Table~\reftab:performance_by_numbers) revealed that BM25-params achieved perfect accuracy on non-numeric queries (0.17% of test set) while maintaining 0.974 on numeric on,,,
627,prosa,,,0.708,Stratification by query type (Table~\reftab:performance_by_numbers) revealed that BM25-params achieved perfect accuracy on non-numeric queries (0.17% of test set) while maintaining 0.974 on numeric on,,,
631,prosa,,,"16,076","\captionItem-level performance stratification by query type. The test set comprises 16,076 queries with numbers (99.83%) and 29 queries without numbers (0.17%).",,,
631,prosa,,,99.83%,"\captionItem-level performance stratification by query type. The test set comprises 16,076 queries with numbers (99.83%) and 29 queries without numbers (0.17%).",,,
631,prosa,,,29,"\captionItem-level performance stratification by query type. The test set comprises 16,076 queries with numbers (99.83%) and 29 queries without numbers (0.17%).",,,
631,prosa,,,0.17%,"\captionItem-level performance stratification by query type. The test set comprises 16,076 queries with numbers (99.83%) and 29 queries without numbers (0.17%).",,,
636,tabular,tab:performance_by_numbers,,1,& \multicolumn2cAcc@1 & \multicolumn2cRecall@10 \\,,,
636,tabular,tab:performance_by_numbers,,10,& \multicolumn2cAcc@1 & \multicolumn2cRecall@10 \\,,,
637,tabular,tab:performance_by_numbers,\cmidrule(lr)2-3 \cmidrule(lr)4-5,2,\cmidrule(lr)2-3 \cmidrule(lr)4-5,,,
637,tabular,tab:performance_by_numbers,\cmidrule(lr)2-3 \cmidrule(lr)4-5,3,\cmidrule(lr)2-3 \cmidrule(lr)4-5,,,
637,tabular,tab:performance_by_numbers,\cmidrule(lr)2-3 \cmidrule(lr)4-5,4,\cmidrule(lr)2-3 \cmidrule(lr)4-5,,,
637,tabular,tab:performance_by_numbers,\cmidrule(lr)2-3 \cmidrule(lr)4-5,5,\cmidrule(lr)2-3 \cmidrule(lr)4-5,,,
640,tabular,tab:performance_by_numbers,"BM25-unigram\_params (k1=0.60, b=0.35)",0.60,"BM25-unigram\_params (k1=0.60, b=0.35) & 0.974 & 1.000 & 0.985 & 1.000 \\",,,
640,tabular,tab:performance_by_numbers,"BM25-unigram\_params (k1=0.60, b=0.35)",0.35,"BM25-unigram\_params (k1=0.60, b=0.35) & 0.974 & 1.000 & 0.985 & 1.000 \\",,,
640,tabular,tab:performance_by_numbers,"BM25-unigram\_params (k1=0.60, b=0.35)",0.974,"BM25-unigram\_params (k1=0.60, b=0.35) & 0.974 & 1.000 & 0.985 & 1.000 \\",,,
640,tabular,tab:performance_by_numbers,"BM25-unigram\_params (k1=0.60, b=0.35)",1.000,"BM25-unigram\_params (k1=0.60, b=0.35) & 0.974 & 1.000 & 0.985 & 1.000 \\",,,
640,tabular,tab:performance_by_numbers,"BM25-unigram\_params (k1=0.60, b=0.35)",0.985,"BM25-unigram\_params (k1=0.60, b=0.35) & 0.974 & 1.000 & 0.985 & 1.000 \\",,,
640,tabular,tab:performance_by_numbers,"BM25-unigram\_params (k1=0.60, b=0.35)",1.000,"BM25-unigram\_params (k1=0.60, b=0.35) & 0.974 & 1.000 & 0.985 & 1.000 \\",,,
641,tabular,tab:performance_by_numbers,"BM25-unigram (k1=0.80, b=0.35)",0.80,"BM25-unigram (k1=0.80, b=0.35) & 0.869 & 0.931 & 0.950 & 1.000 \\",,,
641,tabular,tab:performance_by_numbers,"BM25-unigram (k1=0.80, b=0.35)",0.35,"BM25-unigram (k1=0.80, b=0.35) & 0.869 & 0.931 & 0.950 & 1.000 \\",,,
641,tabular,tab:performance_by_numbers,"BM25-unigram (k1=0.80, b=0.35)",0.869,"BM25-unigram (k1=0.80, b=0.35) & 0.869 & 0.931 & 0.950 & 1.000 \\",,,
641,tabular,tab:performance_by_numbers,"BM25-unigram (k1=0.80, b=0.35)",0.931,"BM25-unigram (k1=0.80, b=0.35) & 0.869 & 0.931 & 0.950 & 1.000 \\",,,
641,tabular,tab:performance_by_numbers,"BM25-unigram (k1=0.80, b=0.35)",0.950,"BM25-unigram (k1=0.80, b=0.35) & 0.869 & 0.931 & 0.950 & 1.000 \\",,,
641,tabular,tab:performance_by_numbers,"BM25-unigram (k1=0.80, b=0.35)",1.000,"BM25-unigram (k1=0.80, b=0.35) & 0.869 & 0.931 & 0.950 & 1.000 \\",,,
642,tabular,tab:performance_by_numbers,"BM25-unibigram (k1=0.80, b=0.35)",0.80,"BM25-unibigram (k1=0.80, b=0.35) & 0.826 & 0.966 & 0.870 & 0.966 \\",,,
642,tabular,tab:performance_by_numbers,"BM25-unibigram (k1=0.80, b=0.35)",0.35,"BM25-unibigram (k1=0.80, b=0.35) & 0.826 & 0.966 & 0.870 & 0.966 \\",,,
642,tabular,tab:performance_by_numbers,"BM25-unibigram (k1=0.80, b=0.35)",0.826,"BM25-unibigram (k1=0.80, b=0.35) & 0.826 & 0.966 & 0.870 & 0.966 \\",,,
642,tabular,tab:performance_by_numbers,"BM25-unibigram (k1=0.80, b=0.35)",0.966,"BM25-unibigram (k1=0.80, b=0.35) & 0.826 & 0.966 & 0.870 & 0.966 \\",,,
642,tabular,tab:performance_by_numbers,"BM25-unibigram (k1=0.80, b=0.35)",0.870,"BM25-unibigram (k1=0.80, b=0.35) & 0.826 & 0.966 & 0.870 & 0.966 \\",,,
642,tabular,tab:performance_by_numbers,"BM25-unibigram (k1=0.80, b=0.35)",0.966,"BM25-unibigram (k1=0.80, b=0.35) & 0.826 & 0.966 & 0.870 & 0.966 \\",,,
643,tabular,tab:performance_by_numbers,TF-IDF-unigram\_phrases\_replace,0.708,TF-IDF-unigram\_phrases\_replace & 0.708 & 1.000 & 0.850 & 1.000 \\,,,
643,tabular,tab:performance_by_numbers,TF-IDF-unigram\_phrases\_replace,1.000,TF-IDF-unigram\_phrases\_replace & 0.708 & 1.000 & 0.850 & 1.000 \\,,,
643,tabular,tab:performance_by_numbers,TF-IDF-unigram\_phrases\_replace,0.850,TF-IDF-unigram\_phrases\_replace & 0.708 & 1.000 & 0.850 & 1.000 \\,,,
643,tabular,tab:performance_by_numbers,TF-IDF-unigram\_phrases\_replace,1.000,TF-IDF-unigram\_phrases\_replace & 0.708 & 1.000 & 0.850 & 1.000 \\,,,
644,tabular,tab:performance_by_numbers,TF-IDF-unigram\_phrases\_add,0.649,TF-IDF-unigram\_phrases\_add & 0.649 & 1.000 & 0.919 & 1.000 \\,,,
644,tabular,tab:performance_by_numbers,TF-IDF-unigram\_phrases\_add,1.000,TF-IDF-unigram\_phrases\_add & 0.649 & 1.000 & 0.919 & 1.000 \\,,,
644,tabular,tab:performance_by_numbers,TF-IDF-unigram\_phrases\_add,0.919,TF-IDF-unigram\_phrases\_add & 0.649 & 1.000 & 0.919 & 1.000 \\,,,
644,tabular,tab:performance_by_numbers,TF-IDF-unigram\_phrases\_add,1.000,TF-IDF-unigram\_phrases\_add & 0.649 & 1.000 & 0.919 & 1.000 \\,,,
645,tabular,tab:performance_by_numbers,TF-IDF-unigram\_nostop,0.641,TF-IDF-unigram\_nostop & 0.641 & 1.000 & 0.829 & 1.000 \\,,,
645,tabular,tab:performance_by_numbers,TF-IDF-unigram\_nostop,1.000,TF-IDF-unigram\_nostop & 0.641 & 1.000 & 0.829 & 1.000 \\,,,
645,tabular,tab:performance_by_numbers,TF-IDF-unigram\_nostop,0.829,TF-IDF-unigram\_nostop & 0.641 & 1.000 & 0.829 & 1.000 \\,,,
645,tabular,tab:performance_by_numbers,TF-IDF-unigram\_nostop,1.000,TF-IDF-unigram\_nostop & 0.641 & 1.000 & 0.829 & 1.000 \\,,,
646,tabular,tab:performance_by_numbers,TF-IDF-unigram,0.626,TF-IDF-unigram & 0.626 & 1.000 & 0.807 & 1.000 \\,,,
646,tabular,tab:performance_by_numbers,TF-IDF-unigram,1.000,TF-IDF-unigram & 0.626 & 1.000 & 0.807 & 1.000 \\,,,
646,tabular,tab:performance_by_numbers,TF-IDF-unigram,0.807,TF-IDF-unigram & 0.626 & 1.000 & 0.807 & 1.000 \\,,,
646,tabular,tab:performance_by_numbers,TF-IDF-unigram,1.000,TF-IDF-unigram & 0.626 & 1.000 & 0.807 & 1.000 \\,,,
647,tabular,tab:performance_by_numbers,TF-IDF-char\_3\_5,0.558,TF-IDF-char\_3\_5 & 0.558 & 1.000 & 0.647 & 1.000 \\,,,
647,tabular,tab:performance_by_numbers,TF-IDF-char\_3\_5,1.000,TF-IDF-char\_3\_5 & 0.558 & 1.000 & 0.647 & 1.000 \\,,,
647,tabular,tab:performance_by_numbers,TF-IDF-char\_3\_5,0.647,TF-IDF-char\_3\_5 & 0.558 & 1.000 & 0.647 & 1.000 \\,,,
647,tabular,tab:performance_by_numbers,TF-IDF-char\_3\_5,1.000,TF-IDF-char\_3\_5 & 0.558 & 1.000 & 0.647 & 1.000 \\,,,
653,prosa,,,0.60,"Based on item-level results, BM25 with optimized parameters (k1=0.60, b=0.35) was selected as the best-performing lexical method for subsequent pseudo-relevance feedback experiments, demonstrating sup",,,
653,prosa,,,0.35,"Based on item-level results, BM25 with optimized parameters (k1=0.60, b=0.35) was selected as the best-performing lexical method for subsequent pseudo-relevance feedback experiments, demonstrating sup",,,
658,prosa,,,3,Pseudo-relevance feedback (PRF) methods were evaluated to assess their effectiveness in enhancing retrieval performance beyond the base lexical retriever. Two PRF approaches were tested: RM3 (Relevanc,,,
658,prosa,,,0.80,Pseudo-relevance feedback (PRF) methods were evaluated to assess their effectiveness in enhancing retrieval performance beyond the base lexical retriever. Two PRF approaches were tested: RM3 (Relevanc,,,
658,prosa,,,0.35,Pseudo-relevance feedback (PRF) methods were evaluated to assess their effectiveness in enhancing retrieval performance beyond the base lexical retriever. Two PRF approaches were tested: RM3 (Relevanc,,,
658,prosa,,,1,Pseudo-relevance feedback (PRF) methods were evaluated to assess their effectiveness in enhancing retrieval performance beyond the base lexical retriever. Two PRF approaches were tested: RM3 (Relevanc,,,
658,prosa,,,0.869,Pseudo-relevance feedback (PRF) methods were evaluated to assess their effectiveness in enhancing retrieval performance beyond the base lexical retriever. Two PRF approaches were tested: RM3 (Relevanc,,,
658,prosa,,,5,Pseudo-relevance feedback (PRF) methods were evaluated to assess their effectiveness in enhancing retrieval performance beyond the base lexical retriever. Two PRF approaches were tested: RM3 (Relevanc,,,
658,prosa,,,0.932,Pseudo-relevance feedback (PRF) methods were evaluated to assess their effectiveness in enhancing retrieval performance beyond the base lexical retriever. Two PRF approaches were tested: RM3 (Relevanc,,,
658,prosa,,,10,Pseudo-relevance feedback (PRF) methods were evaluated to assess their effectiveness in enhancing retrieval performance beyond the base lexical retriever. Two PRF approaches were tested: RM3 (Relevanc,,,
658,prosa,,,0.950,Pseudo-relevance feedback (PRF) methods were evaluated to assess their effectiveness in enhancing retrieval performance beyond the base lexical retriever. Two PRF approaches were tested: RM3 (Relevanc,,,
658,prosa,,,0.898,Pseudo-relevance feedback (PRF) methods were evaluated to assess their effectiveness in enhancing retrieval performance beyond the base lexical retriever. Two PRF approaches were tested: RM3 (Relevanc,,,
658,prosa,,,10,Pseudo-relevance feedback (PRF) methods were evaluated to assess their effectiveness in enhancing retrieval performance beyond the base lexical retriever. Two PRF approaches were tested: RM3 (Relevanc,,,
658,prosa,,,0.909,Pseudo-relevance feedback (PRF) methods were evaluated to assess their effectiveness in enhancing retrieval performance beyond the base lexical retriever. Two PRF approaches were tested: RM3 (Relevanc,,,
662,prosa,,,5,"Six configurations each were evaluated for RM3 and Rocchio, varying feedback documents (M \in \5, 10\), expansion terms (N \in \20, 40\), and interpolation weights. Tables~\reftab:rm3_configurations a",,,
662,prosa,,,10,"Six configurations each were evaluated for RM3 and Rocchio, varying feedback documents (M \in \5, 10\), expansion terms (N \in \20, 40\), and interpolation weights. Tables~\reftab:rm3_configurations a",,,
662,prosa,,,20,"Six configurations each were evaluated for RM3 and Rocchio, varying feedback documents (M \in \5, 10\), expansion terms (N \in \20, 40\), and interpolation weights. Tables~\reftab:rm3_configurations a",,,
662,prosa,,,40,"Six configurations each were evaluated for RM3 and Rocchio, varying feedback documents (M \in \5, 10\), expansion terms (N \in \20, 40\), and interpolation weights. Tables~\reftab:rm3_configurations a",,,
662,prosa,,,1,"Six configurations each were evaluated for RM3 and Rocchio, varying feedback documents (M \in \5, 10\), expansion terms (N \in \20, 40\), and interpolation weights. Tables~\reftab:rm3_configurations a",,,
662,prosa,,,0.8693,"Six configurations each were evaluated for RM3 and Rocchio, varying feedback documents (M \in \5, 10\), expansion terms (N \in \20, 40\), and interpolation weights. Tables~\reftab:rm3_configurations a",,,
662,prosa,,,0.8699,"Six configurations each were evaluated for RM3 and Rocchio, varying feedback documents (M \in \5, 10\), expansion terms (N \in \20, 40\), and interpolation weights. Tables~\reftab:rm3_configurations a",,,
662,prosa,,,40,"Six configurations each were evaluated for RM3 and Rocchio, varying feedback documents (M \in \5, 10\), expansion terms (N \in \20, 40\), and interpolation weights. Tables~\reftab:rm3_configurations a",,,
662,prosa,,,1,"Six configurations each were evaluated for RM3 and Rocchio, varying feedback documents (M \in \5, 10\), expansion terms (N \in \20, 40\), and interpolation weights. Tables~\reftab:rm3_configurations a",,,
662,prosa,,,0.857,"Six configurations each were evaluated for RM3 and Rocchio, varying feedback documents (M \in \5, 10\), expansion terms (N \in \20, 40\), and interpolation weights. Tables~\reftab:rm3_configurations a",,,
662,prosa,,,0.837,"Six configurations each were evaluated for RM3 and Rocchio, varying feedback documents (M \in \5, 10\), expansion terms (N \in \20, 40\), and interpolation weights. Tables~\reftab:rm3_configurations a",,,
666,prosa,,,"16,590","\captionPerformance of RM3 configurations at item level on the test set (n=16,590 queries). All configurations use BM25-unigram as the base retriever.",,,
670,tabular,tab:rm3_configurations,M,10,M & N & \lambda & MRR & nDCG@10 & Acc@1 \\,,,
670,tabular,tab:rm3_configurations,M,1,M & N & \lambda & MRR & nDCG@10 & Acc@1 \\,,,
672,tabular,tab:rm3_configurations,5,5,5 & 20 & 0.5 & 0.8983 & 0.9093 & 0.8699 \\,,,
672,tabular,tab:rm3_configurations,5,20,5 & 20 & 0.5 & 0.8983 & 0.9093 & 0.8699 \\,,,
672,tabular,tab:rm3_configurations,5,0.5,5 & 20 & 0.5 & 0.8983 & 0.9093 & 0.8699 \\,,,
672,tabular,tab:rm3_configurations,5,0.8983,5 & 20 & 0.5 & 0.8983 & 0.9093 & 0.8699 \\,,,
672,tabular,tab:rm3_configurations,5,0.9093,5 & 20 & 0.5 & 0.8983 & 0.9093 & 0.8699 \\,,,
672,tabular,tab:rm3_configurations,5,0.8699,5 & 20 & 0.5 & 0.8983 & 0.9093 & 0.8699 \\,,,
673,tabular,tab:rm3_configurations,5,5,5 & 20 & 0.7 & 0.8982 & 0.9092 & 0.8698 \\,,,
673,tabular,tab:rm3_configurations,5,20,5 & 20 & 0.7 & 0.8982 & 0.9092 & 0.8698 \\,,,
673,tabular,tab:rm3_configurations,5,0.7,5 & 20 & 0.7 & 0.8982 & 0.9092 & 0.8698 \\,,,
673,tabular,tab:rm3_configurations,5,0.8982,5 & 20 & 0.7 & 0.8982 & 0.9092 & 0.8698 \\,,,
673,tabular,tab:rm3_configurations,5,0.9092,5 & 20 & 0.7 & 0.8982 & 0.9092 & 0.8698 \\,,,
673,tabular,tab:rm3_configurations,5,0.8698,5 & 20 & 0.7 & 0.8982 & 0.9092 & 0.8698 \\,,,
674,tabular,tab:rm3_configurations,5,5,5 & 40 & 0.5 & 0.8982 & 0.9092 & 0.8699 \\,,,
674,tabular,tab:rm3_configurations,5,40,5 & 40 & 0.5 & 0.8982 & 0.9092 & 0.8699 \\,,,
674,tabular,tab:rm3_configurations,5,0.5,5 & 40 & 0.5 & 0.8982 & 0.9092 & 0.8699 \\,,,
674,tabular,tab:rm3_configurations,5,0.8982,5 & 40 & 0.5 & 0.8982 & 0.9092 & 0.8699 \\,,,
674,tabular,tab:rm3_configurations,5,0.9092,5 & 40 & 0.5 & 0.8982 & 0.9092 & 0.8699 \\,,,
674,tabular,tab:rm3_configurations,5,0.8699,5 & 40 & 0.5 & 0.8982 & 0.9092 & 0.8699 \\,,,
675,tabular,tab:rm3_configurations,10,10,10 & 20 & 0.5 & 0.8983 & 0.9093 & 0.8699 \\,,,
675,tabular,tab:rm3_configurations,10,20,10 & 20 & 0.5 & 0.8983 & 0.9093 & 0.8699 \\,,,
675,tabular,tab:rm3_configurations,10,0.5,10 & 20 & 0.5 & 0.8983 & 0.9093 & 0.8699 \\,,,
675,tabular,tab:rm3_configurations,10,0.8983,10 & 20 & 0.5 & 0.8983 & 0.9093 & 0.8699 \\,,,
675,tabular,tab:rm3_configurations,10,0.9093,10 & 20 & 0.5 & 0.8983 & 0.9093 & 0.8699 \\,,,
675,tabular,tab:rm3_configurations,10,0.8699,10 & 20 & 0.5 & 0.8983 & 0.9093 & 0.8699 \\,,,
676,tabular,tab:rm3_configurations,10,10,10 & 20 & 0.7 & 0.8978 & 0.9089 & 0.8693 \\,,,
676,tabular,tab:rm3_configurations,10,20,10 & 20 & 0.7 & 0.8978 & 0.9089 & 0.8693 \\,,,
676,tabular,tab:rm3_configurations,10,0.7,10 & 20 & 0.7 & 0.8978 & 0.9089 & 0.8693 \\,,,
676,tabular,tab:rm3_configurations,10,0.8978,10 & 20 & 0.7 & 0.8978 & 0.9089 & 0.8693 \\,,,
676,tabular,tab:rm3_configurations,10,0.9089,10 & 20 & 0.7 & 0.8978 & 0.9089 & 0.8693 \\,,,
676,tabular,tab:rm3_configurations,10,0.8693,10 & 20 & 0.7 & 0.8978 & 0.9089 & 0.8693 \\,,,
677,tabular,tab:rm3_configurations,10,10,10 & 40 & 0.5 & 0.8982 & 0.9092 & 0.8699 \\,,,
677,tabular,tab:rm3_configurations,10,40,10 & 40 & 0.5 & 0.8982 & 0.9092 & 0.8699 \\,,,
677,tabular,tab:rm3_configurations,10,0.5,10 & 40 & 0.5 & 0.8982 & 0.9092 & 0.8699 \\,,,
677,tabular,tab:rm3_configurations,10,0.8982,10 & 40 & 0.5 & 0.8982 & 0.9092 & 0.8699 \\,,,
677,tabular,tab:rm3_configurations,10,0.9092,10 & 40 & 0.5 & 0.8982 & 0.9092 & 0.8699 \\,,,
677,tabular,tab:rm3_configurations,10,0.8699,10 & 40 & 0.5 & 0.8982 & 0.9092 & 0.8699 \\,,,
684,prosa,,,"16,590","\captionPerformance of Rocchio configurations at item level on the test set (n=16,590 queries). All configurations use BM25-unigram as the base retriever.",,,
688,tabular,tab:rocchio_configurations,M,10,M & N & \beta & MRR & nDCG@10 & Acc@1 \\,,,
688,tabular,tab:rocchio_configurations,M,1,M & N & \beta & MRR & nDCG@10 & Acc@1 \\,,,
690,tabular,tab:rocchio_configurations,5,5,5 & 20 & 0.5 & 0.8875 & 0.9000 & 0.8565 \\,,,
690,tabular,tab:rocchio_configurations,5,20,5 & 20 & 0.5 & 0.8875 & 0.9000 & 0.8565 \\,,,
690,tabular,tab:rocchio_configurations,5,0.5,5 & 20 & 0.5 & 0.8875 & 0.9000 & 0.8565 \\,,,
690,tabular,tab:rocchio_configurations,5,0.8875,5 & 20 & 0.5 & 0.8875 & 0.9000 & 0.8565 \\,,,
690,tabular,tab:rocchio_configurations,5,0.9000,5 & 20 & 0.5 & 0.8875 & 0.9000 & 0.8565 \\,,,
690,tabular,tab:rocchio_configurations,5,0.8565,5 & 20 & 0.5 & 0.8875 & 0.9000 & 0.8565 \\,,,
691,tabular,tab:rocchio_configurations,5,5,5 & 20 & 0.7 & 0.8874 & 0.8999 & 0.8563 \\,,,
691,tabular,tab:rocchio_configurations,5,20,5 & 20 & 0.7 & 0.8874 & 0.8999 & 0.8563 \\,,,
691,tabular,tab:rocchio_configurations,5,0.7,5 & 20 & 0.7 & 0.8874 & 0.8999 & 0.8563 \\,,,
691,tabular,tab:rocchio_configurations,5,0.8874,5 & 20 & 0.7 & 0.8874 & 0.8999 & 0.8563 \\,,,
691,tabular,tab:rocchio_configurations,5,0.8999,5 & 20 & 0.7 & 0.8874 & 0.8999 & 0.8563 \\,,,
691,tabular,tab:rocchio_configurations,5,0.8563,5 & 20 & 0.7 & 0.8874 & 0.8999 & 0.8563 \\,,,
692,tabular,tab:rocchio_configurations,5,5,5 & 40 & 0.5 & 0.8718 & 0.8877 & 0.8373 \\,,,
692,tabular,tab:rocchio_configurations,5,40,5 & 40 & 0.5 & 0.8718 & 0.8877 & 0.8373 \\,,,
692,tabular,tab:rocchio_configurations,5,0.5,5 & 40 & 0.5 & 0.8718 & 0.8877 & 0.8373 \\,,,
692,tabular,tab:rocchio_configurations,5,0.8718,5 & 40 & 0.5 & 0.8718 & 0.8877 & 0.8373 \\,,,
692,tabular,tab:rocchio_configurations,5,0.8877,5 & 40 & 0.5 & 0.8718 & 0.8877 & 0.8373 \\,,,
692,tabular,tab:rocchio_configurations,5,0.8373,5 & 40 & 0.5 & 0.8718 & 0.8877 & 0.8373 \\,,,
693,tabular,tab:rocchio_configurations,10,10,10 & 20 & 0.5 & 0.8873 & 0.9000 & 0.8559 \\,,,
693,tabular,tab:rocchio_configurations,10,20,10 & 20 & 0.5 & 0.8873 & 0.9000 & 0.8559 \\,,,
693,tabular,tab:rocchio_configurations,10,0.5,10 & 20 & 0.5 & 0.8873 & 0.9000 & 0.8559 \\,,,
693,tabular,tab:rocchio_configurations,10,0.8873,10 & 20 & 0.5 & 0.8873 & 0.9000 & 0.8559 \\,,,
693,tabular,tab:rocchio_configurations,10,0.9000,10 & 20 & 0.5 & 0.8873 & 0.9000 & 0.8559 \\,,,
693,tabular,tab:rocchio_configurations,10,0.8559,10 & 20 & 0.5 & 0.8873 & 0.9000 & 0.8559 \\,,,
694,tabular,tab:rocchio_configurations,10,10,10 & 20 & 0.7 & 0.8872 & 0.8999 & 0.8559 \\,,,
694,tabular,tab:rocchio_configurations,10,20,10 & 20 & 0.7 & 0.8872 & 0.8999 & 0.8559 \\,,,
694,tabular,tab:rocchio_configurations,10,0.7,10 & 20 & 0.7 & 0.8872 & 0.8999 & 0.8559 \\,,,
694,tabular,tab:rocchio_configurations,10,0.8872,10 & 20 & 0.7 & 0.8872 & 0.8999 & 0.8559 \\,,,
694,tabular,tab:rocchio_configurations,10,0.8999,10 & 20 & 0.7 & 0.8872 & 0.8999 & 0.8559 \\,,,
694,tabular,tab:rocchio_configurations,10,0.8559,10 & 20 & 0.7 & 0.8872 & 0.8999 & 0.8559 \\,,,
695,tabular,tab:rocchio_configurations,10,10,10 & 40 & 0.5 & 0.8713 & 0.8873 & 0.8361 \\,,,
695,tabular,tab:rocchio_configurations,10,40,10 & 40 & 0.5 & 0.8713 & 0.8873 & 0.8361 \\,,,
695,tabular,tab:rocchio_configurations,10,0.5,10 & 40 & 0.5 & 0.8713 & 0.8873 & 0.8361 \\,,,
695,tabular,tab:rocchio_configurations,10,0.8713,10 & 40 & 0.5 & 0.8713 & 0.8873 & 0.8361 \\,,,
695,tabular,tab:rocchio_configurations,10,0.8873,10 & 40 & 0.5 & 0.8713 & 0.8873 & 0.8361 \\,,,
695,tabular,tab:rocchio_configurations,10,0.8361,10 & 40 & 0.5 & 0.8713 & 0.8873 & 0.8361 \\,,,
702,prosa,,,"10,000",Table~\reftab:prf_comparison presents the performance comparison between the best PRF methods and their base retriever. Statistical significance testing was conducted using paired bootstrap resampling,,,
702,prosa,,,0.05,Table~\reftab:prf_comparison presents the performance comparison between the best PRF methods and their base retriever. Statistical significance testing was conducted using paired bootstrap resampling,,,
706,prosa,,,"10,000","\captionComparison of best PRF methods versus base retriever at item level. Statistical significance was assessed using bootstrap resampling (10,000 iterations) with Holm--Bonferroni correction.",,,
711,tabular,tab:prf_comparison,Method,10,Method & MRR & nDCG@10 & Acc@1 & Significance \\,,,
711,tabular,tab:prf_comparison,Method,1,Method & MRR & nDCG@10 & Acc@1 & Significance \\,,,
713,tabular,tab:prf_comparison,Base BM25-unigram,0.898,Base BM25-unigram & 0.898 & 0.909 & 0.869 & --- \\,,,
713,tabular,tab:prf_comparison,Base BM25-unigram,0.909,Base BM25-unigram & 0.898 & 0.909 & 0.869 & --- \\,,,
713,tabular,tab:prf_comparison,Base BM25-unigram,0.869,Base BM25-unigram & 0.898 & 0.909 & 0.869 & --- \\,,,
714,tabular,tab:prf_comparison,"Best RM3 (M=10, N=20, \lambda=0.5)",10,"Best RM3 (M=10, N=20, \lambda=0.5) & 0.898 & 0.909 & 0.870 & n.s. \\",,,
714,tabular,tab:prf_comparison,"Best RM3 (M=10, N=20, \lambda=0.5)",20,"Best RM3 (M=10, N=20, \lambda=0.5) & 0.898 & 0.909 & 0.870 & n.s. \\",,,
714,tabular,tab:prf_comparison,"Best RM3 (M=10, N=20, \lambda=0.5)",0.5,"Best RM3 (M=10, N=20, \lambda=0.5) & 0.898 & 0.909 & 0.870 & n.s. \\",,,
714,tabular,tab:prf_comparison,"Best RM3 (M=10, N=20, \lambda=0.5)",0.898,"Best RM3 (M=10, N=20, \lambda=0.5) & 0.898 & 0.909 & 0.870 & n.s. \\",,,
714,tabular,tab:prf_comparison,"Best RM3 (M=10, N=20, \lambda=0.5)",0.909,"Best RM3 (M=10, N=20, \lambda=0.5) & 0.898 & 0.909 & 0.870 & n.s. \\",,,
714,tabular,tab:prf_comparison,"Best RM3 (M=10, N=20, \lambda=0.5)",0.870,"Best RM3 (M=10, N=20, \lambda=0.5) & 0.898 & 0.909 & 0.870 & n.s. \\",,,
715,tabular,tab:prf_comparison,"Best Rocchio (M=5, N=20, \beta=0.5)",5,"Best Rocchio (M=5, N=20, \beta=0.5) & 0.888 & 0.900 & 0.857 & p < 0.05 \\",,,
715,tabular,tab:prf_comparison,"Best Rocchio (M=5, N=20, \beta=0.5)",20,"Best Rocchio (M=5, N=20, \beta=0.5) & 0.888 & 0.900 & 0.857 & p < 0.05 \\",,,
715,tabular,tab:prf_comparison,"Best Rocchio (M=5, N=20, \beta=0.5)",0.5,"Best Rocchio (M=5, N=20, \beta=0.5) & 0.888 & 0.900 & 0.857 & p < 0.05 \\",,,
715,tabular,tab:prf_comparison,"Best Rocchio (M=5, N=20, \beta=0.5)",0.888,"Best Rocchio (M=5, N=20, \beta=0.5) & 0.888 & 0.900 & 0.857 & p < 0.05 \\",,,
715,tabular,tab:prf_comparison,"Best Rocchio (M=5, N=20, \beta=0.5)",0.900,"Best Rocchio (M=5, N=20, \beta=0.5) & 0.888 & 0.900 & 0.857 & p < 0.05 \\",,,
715,tabular,tab:prf_comparison,"Best Rocchio (M=5, N=20, \beta=0.5)",0.857,"Best Rocchio (M=5, N=20, \beta=0.5) & 0.888 & 0.900 & 0.857 & p < 0.05 \\",,,
715,tabular,tab:prf_comparison,"Best Rocchio (M=5, N=20, \beta=0.5)",0.05,"Best Rocchio (M=5, N=20, \beta=0.5) & 0.888 & 0.900 & 0.857 & p < 0.05 \\",,,
721,prosa,,,95%,"Table~\reftab:prf_comparison summarizes the comparison. RM3 showed no statistically significant improvement over the baseline (95% CI: [-0.0005, 0.0021]). Rocchio produced significant degradation (p <",,,
721,prosa,,,0.0005,"Table~\reftab:prf_comparison summarizes the comparison. RM3 showed no statistically significant improvement over the baseline (95% CI: [-0.0005, 0.0021]). Rocchio produced significant degradation (p <",,,
721,prosa,,,0.0021,"Table~\reftab:prf_comparison summarizes the comparison. RM3 showed no statistically significant improvement over the baseline (95% CI: [-0.0005, 0.0021]). Rocchio produced significant degradation (p <",,,
721,prosa,,,0.05,"Table~\reftab:prf_comparison summarizes the comparison. RM3 showed no statistically significant improvement over the baseline (95% CI: [-0.0005, 0.0021]). Rocchio produced significant degradation (p <",,,
721,prosa,,,1.26%,"Table~\reftab:prf_comparison summarizes the comparison. RM3 showed no statistically significant improvement over the baseline (95% CI: [-0.0005, 0.0021]). Rocchio produced significant degradation (p <",,,
727,prosa,,,"16,590","This subsection presents the comparative performance of neural dense retrieval models across three model families: E5, GTE, and BGE-M3. All models were evaluated in zero-shot mode on the same test set",,,
731,prosa,,,1,"Table~\reftab:e5_performance presents the performance comparison across E5 model variants. The multilingual-e5-base model achieved item-level Acc@1 of 0.134 (13.4%), meaning only 1 in 7.5 queries succ",,,
731,prosa,,,0.134,"Table~\reftab:e5_performance presents the performance comparison across E5 model variants. The multilingual-e5-base model achieved item-level Acc@1 of 0.134 (13.4%), meaning only 1 in 7.5 queries succ",,,
731,prosa,,,13.4%,"Table~\reftab:e5_performance presents the performance comparison across E5 model variants. The multilingual-e5-base model achieved item-level Acc@1 of 0.134 (13.4%), meaning only 1 in 7.5 queries succ",,,
731,prosa,,,1,"Table~\reftab:e5_performance presents the performance comparison across E5 model variants. The multilingual-e5-base model achieved item-level Acc@1 of 0.134 (13.4%), meaning only 1 in 7.5 queries succ",,,
731,prosa,,,7.5,"Table~\reftab:e5_performance presents the performance comparison across E5 model variants. The multilingual-e5-base model achieved item-level Acc@1 of 0.134 (13.4%), meaning only 1 in 7.5 queries succ",,,
731,prosa,,,1,"Table~\reftab:e5_performance presents the performance comparison across E5 model variants. The multilingual-e5-base model achieved item-level Acc@1 of 0.134 (13.4%), meaning only 1 in 7.5 queries succ",,,
731,prosa,,,0.982,"Table~\reftab:e5_performance presents the performance comparison across E5 model variants. The multilingual-e5-base model achieved item-level Acc@1 of 0.134 (13.4%), meaning only 1 in 7.5 queries succ",,,
731,prosa,,,98.2%,"Table~\reftab:e5_performance presents the performance comparison across E5 model variants. The multilingual-e5-base model achieved item-level Acc@1 of 0.134 (13.4%), meaning only 1 in 7.5 queries succ",,,
735,prosa,,,"16,589","\captionPerformance comparison of E5 model variants. All models evaluated on 16,589 queries (test set).",,,
739,tabular,tab:e5_performance,Model,1,Model & Acc@1 & Recall@5 & Recall@10 & MRR & nDCG@10 \\,,,
739,tabular,tab:e5_performance,Model,5,Model & Acc@1 & Recall@5 & Recall@10 & MRR & nDCG@10 \\,,,
739,tabular,tab:e5_performance,Model,10,Model & Acc@1 & Recall@5 & Recall@10 & MRR & nDCG@10 \\,,,
739,tabular,tab:e5_performance,Model,10,Model & Acc@1 & Recall@5 & Recall@10 & MRR & nDCG@10 \\,,,
743,tabular,tab:e5_performance,E5-large,0.134,E5-large & 0.134 & 0.376 & 0.518 & 0.251 & 0.303 \\,,,
743,tabular,tab:e5_performance,E5-large,0.376,E5-large & 0.134 & 0.376 & 0.518 & 0.251 & 0.303 \\,,,
743,tabular,tab:e5_performance,E5-large,0.518,E5-large & 0.134 & 0.376 & 0.518 & 0.251 & 0.303 \\,,,
743,tabular,tab:e5_performance,E5-large,0.251,E5-large & 0.134 & 0.376 & 0.518 & 0.251 & 0.303 \\,,,
743,tabular,tab:e5_performance,E5-large,0.303,E5-large & 0.134 & 0.376 & 0.518 & 0.251 & 0.303 \\,,,
747,tabular,tab:e5_performance,E5-large,0.982,E5-large & 0.982 & 0.993 & 0.996 & 0.987 & 0.969 \\,,,
747,tabular,tab:e5_performance,E5-large,0.993,E5-large & 0.982 & 0.993 & 0.996 & 0.987 & 0.969 \\,,,
747,tabular,tab:e5_performance,E5-large,0.996,E5-large & 0.982 & 0.993 & 0.996 & 0.987 & 0.969 \\,,,
747,tabular,tab:e5_performance,E5-large,0.987,E5-large & 0.982 & 0.993 & 0.996 & 0.987 & 0.969 \\,,,
747,tabular,tab:e5_performance,E5-large,0.969,E5-large & 0.982 & 0.993 & 0.996 & 0.987 & 0.969 \\,,,
752,prosa,,,1,"The E5 model demonstrated dramatically different performance between hierarchical levels, with Acc@1 improving 7.3-fold from 13.4% at item-level to 98.2% at parent-level. This pattern suggests that wh",,,
752,prosa,,,7.3,"The E5 model demonstrated dramatically different performance between hierarchical levels, with Acc@1 improving 7.3-fold from 13.4% at item-level to 98.2% at parent-level. This pattern suggests that wh",,,
752,prosa,,,13.4%,"The E5 model demonstrated dramatically different performance between hierarchical levels, with Acc@1 improving 7.3-fold from 13.4% at item-level to 98.2% at parent-level. This pattern suggests that wh",,,
752,prosa,,,98.2%,"The E5 model demonstrated dramatically different performance between hierarchical levels, with Acc@1 improving 7.3-fold from 13.4% at item-level to 98.2% at parent-level. This pattern suggests that wh",,,
754,prosa,,,1,Stratification by query type revealed a critical limitation: queries without numeric parameters achieved Acc@1 of 0.875 versus 0.133 for numeric queries --- a pattern that persists across all neural m,,,
754,prosa,,,0.875,Stratification by query type revealed a critical limitation: queries without numeric parameters achieved Acc@1 of 0.875 versus 0.133 for numeric queries --- a pattern that persists across all neural m,,,
754,prosa,,,0.133,Stratification by query type revealed a critical limitation: queries without numeric parameters achieved Acc@1 of 0.875 versus 0.133 for numeric queries --- a pattern that persists across all neural m,,,
767,tabular,tab:gte_performance,Model,1,Model & Acc@1 & Recall@5 & Recall@10 & MRR & nDCG@10 \\,,,
767,tabular,tab:gte_performance,Model,5,Model & Acc@1 & Recall@5 & Recall@10 & MRR & nDCG@10 \\,,,
767,tabular,tab:gte_performance,Model,10,Model & Acc@1 & Recall@5 & Recall@10 & MRR & nDCG@10 \\,,,
767,tabular,tab:gte_performance,Model,10,Model & Acc@1 & Recall@5 & Recall@10 & MRR & nDCG@10 \\,,,
771,tabular,tab:gte_performance,GTE-large-en-v1.5,0.013,GTE-large-en-v1.5 & 0.013 & 0.044 & 0.066 & 0.030 & 0.036 \\,,,
771,tabular,tab:gte_performance,GTE-large-en-v1.5,0.044,GTE-large-en-v1.5 & 0.013 & 0.044 & 0.066 & 0.030 & 0.036 \\,,,
771,tabular,tab:gte_performance,GTE-large-en-v1.5,0.066,GTE-large-en-v1.5 & 0.013 & 0.044 & 0.066 & 0.030 & 0.036 \\,,,
771,tabular,tab:gte_performance,GTE-large-en-v1.5,0.030,GTE-large-en-v1.5 & 0.013 & 0.044 & 0.066 & 0.030 & 0.036 \\,,,
771,tabular,tab:gte_performance,GTE-large-en-v1.5,0.036,GTE-large-en-v1.5 & 0.013 & 0.044 & 0.066 & 0.030 & 0.036 \\,,,
772,tabular,tab:gte_performance,GTE-Qwen2-instruct,0.014,GTE-Qwen2-instruct & 0.014 & 0.049 & 0.074 & 0.034 & 0.040 \\,,,
772,tabular,tab:gte_performance,GTE-Qwen2-instruct,0.049,GTE-Qwen2-instruct & 0.014 & 0.049 & 0.074 & 0.034 & 0.040 \\,,,
772,tabular,tab:gte_performance,GTE-Qwen2-instruct,0.074,GTE-Qwen2-instruct & 0.014 & 0.049 & 0.074 & 0.034 & 0.040 \\,,,
772,tabular,tab:gte_performance,GTE-Qwen2-instruct,0.034,GTE-Qwen2-instruct & 0.014 & 0.049 & 0.074 & 0.034 & 0.040 \\,,,
772,tabular,tab:gte_performance,GTE-Qwen2-instruct,0.040,GTE-Qwen2-instruct & 0.014 & 0.049 & 0.074 & 0.034 & 0.040 \\,,,
776,tabular,tab:gte_performance,GTE-large-en-v1.5,0.837,GTE-large-en-v1.5 & 0.837 & 0.941 & 0.961 & 0.884 & 0.701 \\,,,
776,tabular,tab:gte_performance,GTE-large-en-v1.5,0.941,GTE-large-en-v1.5 & 0.837 & 0.941 & 0.961 & 0.884 & 0.701 \\,,,
776,tabular,tab:gte_performance,GTE-large-en-v1.5,0.961,GTE-large-en-v1.5 & 0.837 & 0.941 & 0.961 & 0.884 & 0.701 \\,,,
776,tabular,tab:gte_performance,GTE-large-en-v1.5,0.884,GTE-large-en-v1.5 & 0.837 & 0.941 & 0.961 & 0.884 & 0.701 \\,,,
776,tabular,tab:gte_performance,GTE-large-en-v1.5,0.701,GTE-large-en-v1.5 & 0.837 & 0.941 & 0.961 & 0.884 & 0.701 \\,,,
777,tabular,tab:gte_performance,GTE-Qwen2-instruct,0.697,GTE-Qwen2-instruct & 0.697 & 0.938 & 0.978 & 0.798 & 0.651 \\,,,
777,tabular,tab:gte_performance,GTE-Qwen2-instruct,0.938,GTE-Qwen2-instruct & 0.697 & 0.938 & 0.978 & 0.798 & 0.651 \\,,,
777,tabular,tab:gte_performance,GTE-Qwen2-instruct,0.978,GTE-Qwen2-instruct & 0.697 & 0.938 & 0.978 & 0.798 & 0.651 \\,,,
777,tabular,tab:gte_performance,GTE-Qwen2-instruct,0.798,GTE-Qwen2-instruct & 0.697 & 0.938 & 0.978 & 0.798 & 0.651 \\,,,
777,tabular,tab:gte_performance,GTE-Qwen2-instruct,0.651,GTE-Qwen2-instruct & 0.697 & 0.938 & 0.978 & 0.798 & 0.651 \\,,,
783,prosa,,,1,"Both GTE variants achieved the poorest item-level performance among neural families (Acc@1: 1.3--1.4%). At the parent level, GTE-large reached 0.837, but the instruction-tuned variant unexpectedly deg",,,
783,prosa,,,1.3,"Both GTE variants achieved the poorest item-level performance among neural families (Acc@1: 1.3--1.4%). At the parent level, GTE-large reached 0.837, but the instruction-tuned variant unexpectedly deg",,,
783,prosa,,,1.4%,"Both GTE variants achieved the poorest item-level performance among neural families (Acc@1: 1.3--1.4%). At the parent level, GTE-large reached 0.837, but the instruction-tuned variant unexpectedly deg",,,
783,prosa,,,0.837,"Both GTE variants achieved the poorest item-level performance among neural families (Acc@1: 1.3--1.4%). At the parent level, GTE-large reached 0.837, but the instruction-tuned variant unexpectedly deg",,,
783,prosa,,,0.697,"Both GTE variants achieved the poorest item-level performance among neural families (Acc@1: 1.3--1.4%). At the parent level, GTE-large reached 0.837, but the instruction-tuned variant unexpectedly deg",,,
785,prosa,,,37.9%,"Non-numeric queries showed substantial improvements (GTE-Qwen2: 37.9% vs 1.4% overall), reinforcing the numeric precision challenge observed with E5.",,,
785,prosa,,,1.4%,"Non-numeric queries showed substantial improvements (GTE-Qwen2: 37.9% vs 1.4% overall), reinforcing the numeric precision challenge observed with E5.",,,
793,prosa,,,568,\captionPerformance comparison of BGE-M3 retrieval modes. All modes use the same base encoder (568M parameters) with mode-specific output layers.,,,
798,tabular,tab:bgem3_performance,Mode,1,Mode & Acc@1 & Recall@5 & Recall@10 & MRR & nDCG@10 \\,,,
798,tabular,tab:bgem3_performance,Mode,5,Mode & Acc@1 & Recall@5 & Recall@10 & MRR & nDCG@10 \\,,,
798,tabular,tab:bgem3_performance,Mode,10,Mode & Acc@1 & Recall@5 & Recall@10 & MRR & nDCG@10 \\,,,
798,tabular,tab:bgem3_performance,Mode,10,Mode & Acc@1 & Recall@5 & Recall@10 & MRR & nDCG@10 \\,,,
802,tabular,tab:bgem3_performance,BGE-M3-dense,0.127,BGE-M3-dense & 0.127 & 0.349 & 0.464 & 0.233 & 0.278 \\,,,
802,tabular,tab:bgem3_performance,BGE-M3-dense,0.349,BGE-M3-dense & 0.127 & 0.349 & 0.464 & 0.233 & 0.278 \\,,,
802,tabular,tab:bgem3_performance,BGE-M3-dense,0.464,BGE-M3-dense & 0.127 & 0.349 & 0.464 & 0.233 & 0.278 \\,,,
802,tabular,tab:bgem3_performance,BGE-M3-dense,0.233,BGE-M3-dense & 0.127 & 0.349 & 0.464 & 0.233 & 0.278 \\,,,
802,tabular,tab:bgem3_performance,BGE-M3-dense,0.278,BGE-M3-dense & 0.127 & 0.349 & 0.464 & 0.233 & 0.278 \\,,,
803,tabular,tab:bgem3_performance,BGE-M3-sparse,0.125,BGE-M3-sparse & 0.125 & 0.401 & 0.535 & 0.252 & 0.309 \\,,,
803,tabular,tab:bgem3_performance,BGE-M3-sparse,0.401,BGE-M3-sparse & 0.125 & 0.401 & 0.535 & 0.252 & 0.309 \\,,,
803,tabular,tab:bgem3_performance,BGE-M3-sparse,0.535,BGE-M3-sparse & 0.125 & 0.401 & 0.535 & 0.252 & 0.309 \\,,,
803,tabular,tab:bgem3_performance,BGE-M3-sparse,0.252,BGE-M3-sparse & 0.125 & 0.401 & 0.535 & 0.252 & 0.309 \\,,,
803,tabular,tab:bgem3_performance,BGE-M3-sparse,0.309,BGE-M3-sparse & 0.125 & 0.401 & 0.535 & 0.252 & 0.309 \\,,,
804,tabular,tab:bgem3_performance,BGE-M3-colbert,0.448,BGE-M3-colbert & 0.448 & 0.753 & 0.785 & 0.580 & 0.630 \\,,,
804,tabular,tab:bgem3_performance,BGE-M3-colbert,0.753,BGE-M3-colbert & 0.448 & 0.753 & 0.785 & 0.580 & 0.630 \\,,,
804,tabular,tab:bgem3_performance,BGE-M3-colbert,0.785,BGE-M3-colbert & 0.448 & 0.753 & 0.785 & 0.580 & 0.630 \\,,,
804,tabular,tab:bgem3_performance,BGE-M3-colbert,0.580,BGE-M3-colbert & 0.448 & 0.753 & 0.785 & 0.580 & 0.630 \\,,,
804,tabular,tab:bgem3_performance,BGE-M3-colbert,0.630,BGE-M3-colbert & 0.448 & 0.753 & 0.785 & 0.580 & 0.630 \\,,,
808,tabular,tab:bgem3_performance,BGE-M3-dense,0.960,BGE-M3-dense & 0.960 & 0.984 & 0.993 & 0.971 & 0.906 \\,,,
808,tabular,tab:bgem3_performance,BGE-M3-dense,0.984,BGE-M3-dense & 0.960 & 0.984 & 0.993 & 0.971 & 0.906 \\,,,
808,tabular,tab:bgem3_performance,BGE-M3-dense,0.993,BGE-M3-dense & 0.960 & 0.984 & 0.993 & 0.971 & 0.906 \\,,,
808,tabular,tab:bgem3_performance,BGE-M3-dense,0.971,BGE-M3-dense & 0.960 & 0.984 & 0.993 & 0.971 & 0.906 \\,,,
808,tabular,tab:bgem3_performance,BGE-M3-dense,0.906,BGE-M3-dense & 0.960 & 0.984 & 0.993 & 0.971 & 0.906 \\,,,
809,tabular,tab:bgem3_performance,BGE-M3-sparse,0.994,BGE-M3-sparse & 0.994 & 0.999 & 1.000 & 0.996 & 0.983 \\,,,
809,tabular,tab:bgem3_performance,BGE-M3-sparse,0.999,BGE-M3-sparse & 0.994 & 0.999 & 1.000 & 0.996 & 0.983 \\,,,
809,tabular,tab:bgem3_performance,BGE-M3-sparse,1.000,BGE-M3-sparse & 0.994 & 0.999 & 1.000 & 0.996 & 0.983 \\,,,
809,tabular,tab:bgem3_performance,BGE-M3-sparse,0.996,BGE-M3-sparse & 0.994 & 0.999 & 1.000 & 0.996 & 0.983 \\,,,
809,tabular,tab:bgem3_performance,BGE-M3-sparse,0.983,BGE-M3-sparse & 0.994 & 0.999 & 1.000 & 0.996 & 0.983 \\,,,
810,tabular,tab:bgem3_performance,BGE-M3-colbert,0.997,BGE-M3-colbert & 0.997 & 0.999 & 1.000 & 0.998 & 0.958 \\,,,
810,tabular,tab:bgem3_performance,BGE-M3-colbert,0.999,BGE-M3-colbert & 0.997 & 0.999 & 1.000 & 0.998 & 0.958 \\,,,
810,tabular,tab:bgem3_performance,BGE-M3-colbert,1.000,BGE-M3-colbert & 0.997 & 0.999 & 1.000 & 0.998 & 0.958 \\,,,
810,tabular,tab:bgem3_performance,BGE-M3-colbert,0.998,BGE-M3-colbert & 0.997 & 0.999 & 1.000 & 0.998 & 0.958 \\,,,
810,tabular,tab:bgem3_performance,BGE-M3-colbert,0.958,BGE-M3-colbert & 0.997 & 0.999 & 1.000 & 0.998 & 0.958 \\,,,
816,prosa,,,1,"At the item level, BGE-M3-ColBERT achieved Acc@1 of 0.448 (44.8%), dramatically outperforming the dense mode at 0.127 (12.7%) and sparse mode at 0.125 (12.5%). This represents a 3.5-fold improvement o",,,
816,prosa,,,0.448,"At the item level, BGE-M3-ColBERT achieved Acc@1 of 0.448 (44.8%), dramatically outperforming the dense mode at 0.127 (12.7%) and sparse mode at 0.125 (12.5%). This represents a 3.5-fold improvement o",,,
816,prosa,,,44.8%,"At the item level, BGE-M3-ColBERT achieved Acc@1 of 0.448 (44.8%), dramatically outperforming the dense mode at 0.127 (12.7%) and sparse mode at 0.125 (12.5%). This represents a 3.5-fold improvement o",,,
816,prosa,,,0.127,"At the item level, BGE-M3-ColBERT achieved Acc@1 of 0.448 (44.8%), dramatically outperforming the dense mode at 0.127 (12.7%) and sparse mode at 0.125 (12.5%). This represents a 3.5-fold improvement o",,,
816,prosa,,,12.7%,"At the item level, BGE-M3-ColBERT achieved Acc@1 of 0.448 (44.8%), dramatically outperforming the dense mode at 0.127 (12.7%) and sparse mode at 0.125 (12.5%). This represents a 3.5-fold improvement o",,,
816,prosa,,,0.125,"At the item level, BGE-M3-ColBERT achieved Acc@1 of 0.448 (44.8%), dramatically outperforming the dense mode at 0.127 (12.7%) and sparse mode at 0.125 (12.5%). This represents a 3.5-fold improvement o",,,
816,prosa,,,12.5%,"At the item level, BGE-M3-ColBERT achieved Acc@1 of 0.448 (44.8%), dramatically outperforming the dense mode at 0.127 (12.7%) and sparse mode at 0.125 (12.5%). This represents a 3.5-fold improvement o",,,
816,prosa,,,3.5,"At the item level, BGE-M3-ColBERT achieved Acc@1 of 0.448 (44.8%), dramatically outperforming the dense mode at 0.127 (12.7%) and sparse mode at 0.125 (12.5%). This represents a 3.5-fold improvement o",,,
816,prosa,,,3.3,"At the item level, BGE-M3-ColBERT achieved Acc@1 of 0.448 (44.8%), dramatically outperforming the dense mode at 0.127 (12.7%) and sparse mode at 0.125 (12.5%). This represents a 3.5-fold improvement o",,,
816,prosa,,,1,"At the item level, BGE-M3-ColBERT achieved Acc@1 of 0.448 (44.8%), dramatically outperforming the dense mode at 0.127 (12.7%) and sparse mode at 0.125 (12.5%). This represents a 3.5-fold improvement o",,,
816,prosa,,,0.134,"At the item level, BGE-M3-ColBERT achieved Acc@1 of 0.448 (44.8%), dramatically outperforming the dense mode at 0.127 (12.7%) and sparse mode at 0.125 (12.5%). This represents a 3.5-fold improvement o",,,
816,prosa,,,34,"At the item level, BGE-M3-ColBERT achieved Acc@1 of 0.448 (44.8%), dramatically outperforming the dense mode at 0.127 (12.7%) and sparse mode at 0.125 (12.5%). This represents a 3.5-fold improvement o",,,
816,prosa,,,1,"At the item level, BGE-M3-ColBERT achieved Acc@1 of 0.448 (44.8%), dramatically outperforming the dense mode at 0.127 (12.7%) and sparse mode at 0.125 (12.5%). This represents a 3.5-fold improvement o",,,
816,prosa,,,0.013,"At the item level, BGE-M3-ColBERT achieved Acc@1 of 0.448 (44.8%), dramatically outperforming the dense mode at 0.127 (12.7%) and sparse mode at 0.125 (12.5%). This represents a 3.5-fold improvement o",,,
818,prosa,,,12.5,"Dense and sparse modes converged at nearly identical accuracy (12.5--12.7%), suggesting that single-vector compression encounters similar limitations regardless of representation strategy.",,,
818,prosa,,,12.7%,"Dense and sparse modes converged at nearly identical accuracy (12.5--12.7%), suggesting that single-vector compression encounters similar limitations regardless of representation strategy.",,,
820,prosa,,,96%,"At the parent level, all three modes demonstrated strong performance exceeding 96% Acc@1, with the ColBERT mode achieving the highest accuracy at 0.997 (99.7%), followed closely by sparse at 0.994 (99",,,
820,prosa,,,1,"At the parent level, all three modes demonstrated strong performance exceeding 96% Acc@1, with the ColBERT mode achieving the highest accuracy at 0.997 (99.7%), followed closely by sparse at 0.994 (99",,,
820,prosa,,,0.997,"At the parent level, all three modes demonstrated strong performance exceeding 96% Acc@1, with the ColBERT mode achieving the highest accuracy at 0.997 (99.7%), followed closely by sparse at 0.994 (99",,,
820,prosa,,,99.7%,"At the parent level, all three modes demonstrated strong performance exceeding 96% Acc@1, with the ColBERT mode achieving the highest accuracy at 0.997 (99.7%), followed closely by sparse at 0.994 (99",,,
820,prosa,,,0.994,"At the parent level, all three modes demonstrated strong performance exceeding 96% Acc@1, with the ColBERT mode achieving the highest accuracy at 0.997 (99.7%), followed closely by sparse at 0.994 (99",,,
820,prosa,,,99.4%,"At the parent level, all three modes demonstrated strong performance exceeding 96% Acc@1, with the ColBERT mode achieving the highest accuracy at 0.997 (99.7%), followed closely by sparse at 0.994 (99",,,
820,prosa,,,0.960,"At the parent level, all three modes demonstrated strong performance exceeding 96% Acc@1, with the ColBERT mode achieving the highest accuracy at 0.997 (99.7%), followed closely by sparse at 0.994 (99",,,
820,prosa,,,96.0%,"At the parent level, all three modes demonstrated strong performance exceeding 96% Acc@1, with the ColBERT mode achieving the highest accuracy at 0.997 (99.7%), followed closely by sparse at 0.994 (99",,,
820,prosa,,,99.7%,"At the parent level, all three modes demonstrated strong performance exceeding 96% Acc@1, with the ColBERT mode achieving the highest accuracy at 0.997 (99.7%), followed closely by sparse at 0.994 (99",,,
820,prosa,,,99.4%,"At the parent level, all three modes demonstrated strong performance exceeding 96% Acc@1, with the ColBERT mode achieving the highest accuracy at 0.997 (99.7%), followed closely by sparse at 0.994 (99",,,
822,prosa,,,1.000,"On non-numeric queries, ColBERT and sparse modes achieved perfect accuracy (1.000), while numeric query performance dropped substantially (ColBERT: 44.7%, sparse/dense: ~12.5%), confirming ColBERT's r",,,
822,prosa,,,44.7%,"On non-numeric queries, ColBERT and sparse modes achieved perfect accuracy (1.000), while numeric query performance dropped substantially (ColBERT: 44.7%, sparse/dense: ~12.5%), confirming ColBERT's r",,,
822,prosa,,,12.5%,"On non-numeric queries, ColBERT and sparse modes achieved perfect accuracy (1.000), while numeric query performance dropped substantially (ColBERT: 44.7%, sparse/dense: ~12.5%), confirming ColBERT's r",,,
826,prosa,,,1,"Table~\reftab:neural_comparison presents a direct comparison of item-level Acc@1 performance across the best-performing configuration from each model family, revealing substantial performance differen",,,
830,prosa,,,1,\captionItem-level Acc@1 comparison across neural model families. Values shown for best configuration within each family.,,,
834,tabular,tab:neural_comparison,Model Family,1,Model Family & Best Configuration & Acc@1 \\,,,
836,tabular,tab:neural_comparison,BGE-M3,0.448,BGE-M3 & ColBERT (multi-vector) & 0.448 (44.8%) \\,,,
836,tabular,tab:neural_comparison,BGE-M3,44.8%,BGE-M3 & ColBERT (multi-vector) & 0.448 (44.8%) \\,,,
837,tabular,tab:neural_comparison,E5,0.134,E5 & multilingual-e5-large & 0.134 (13.4%) \\,,,
837,tabular,tab:neural_comparison,E5,13.4%,E5 & multilingual-e5-large & 0.134 (13.4%) \\,,,
838,tabular,tab:neural_comparison,GTE,0.013,GTE & gte-large-en-v1.5 & 0.013 (1.3%) \\,,,
838,tabular,tab:neural_comparison,GTE,1.3%,GTE & gte-large-en-v1.5 & 0.013 (1.3%) \\,,,
841,tabular,tab:neural_comparison,BGE-M3,0.125,BGE-M3 & Sparse & 0.125 (12.5%) \\,,,
841,tabular,tab:neural_comparison,BGE-M3,12.5%,BGE-M3 & Sparse & 0.125 (12.5%) \\,,,
842,tabular,tab:neural_comparison,BGE-M3,0.127,BGE-M3 & Dense & 0.127 (12.7%) \\,,,
842,tabular,tab:neural_comparison,BGE-M3,12.7%,BGE-M3 & Dense & 0.127 (12.7%) \\,,,
847,prosa,,,44.8%,The performance hierarchy is clear: BGE-M3-ColBERT (44.8%) outperformed E5-large by 31.4 percentage points and GTE-large by 43.5 percentage points. These substantial differences are meaningful for pra,,,
847,prosa,,,31.4,The performance hierarchy is clear: BGE-M3-ColBERT (44.8%) outperformed E5-large by 31.4 percentage points and GTE-large by 43.5 percentage points. These substantial differences are meaningful for pra,,,
847,prosa,,,43.5,The performance hierarchy is clear: BGE-M3-ColBERT (44.8%) outperformed E5-large by 31.4 percentage points and GTE-large by 43.5 percentage points. These substantial differences are meaningful for pra,,,
851,prosa,,,1,"BGE-M3-ColBERT emerged as the best neural approach (Acc@1=44.8%), achieving 3.3-fold and 34-fold improvements over E5-large and GTE-large respectively. However, even this best neural method retrieved ",,,
851,prosa,,,44.8%,"BGE-M3-ColBERT emerged as the best neural approach (Acc@1=44.8%), achieving 3.3-fold and 34-fold improvements over E5-large and GTE-large respectively. However, even this best neural method retrieved ",,,
851,prosa,,,3.3,"BGE-M3-ColBERT emerged as the best neural approach (Acc@1=44.8%), achieving 3.3-fold and 34-fold improvements over E5-large and GTE-large respectively. However, even this best neural method retrieved ",,,
851,prosa,,,34,"BGE-M3-ColBERT emerged as the best neural approach (Acc@1=44.8%), achieving 3.3-fold and 34-fold improvements over E5-large and GTE-large respectively. However, even this best neural method retrieved ",,,
853,prosa,,,96%,"At the parent level, all neural approaches exceeded 96% Acc@1, confirming that neural models capture broad semantic categories effectively but struggle with fine-grained item-level distinctions.",,,
853,prosa,,,1,"At the parent level, all neural approaches exceeded 96% Acc@1, confirming that neural models capture broad semantic categories effectively but struggle with fine-grained item-level distinctions.",,,
857,prosa,,,0.1,Table~\reftab:hybrid_fusion presents the performance of the best-performing configurations identified through the parameter sweep for each fusion strategy. All optimal configurations converged on \bet,,,
857,prosa,,,0.0,Table~\reftab:hybrid_fusion presents the performance of the best-performing configurations identified through the parameter sweep for each fusion strategy. All optimal configurations converged on \bet,,,
861,prosa,,,0.1,\captionPerformance of hybrid fusion methods with optimized weights. All configurations use \beta_\textexact=0.1 and \beta_\textoverlap=0.0.,,,
861,prosa,,,0.0,\captionPerformance of hybrid fusion methods with optimized weights. All configurations use \beta_\textexact=0.1 and \beta_\textoverlap=0.0.,,,
867,tabular,tab:hybrid_fusion,Fusion Strategy,1,Fusion Strategy & Weight Distribution & Acc@1 & R@5 & R@10 & MRR@10 \\,,,
867,tabular,tab:hybrid_fusion,Fusion Strategy,5,Fusion Strategy & Weight Distribution & Acc@1 & R@5 & R@10 & MRR@10 \\,,,
867,tabular,tab:hybrid_fusion,Fusion Strategy,10,Fusion Strategy & Weight Distribution & Acc@1 & R@5 & R@10 & MRR@10 \\,,,
867,tabular,tab:hybrid_fusion,Fusion Strategy,10,Fusion Strategy & Weight Distribution & Acc@1 & R@5 & R@10 & MRR@10 \\,,,
873,tabular,tab:hybrid_fusion,BM25: 0.879\\,0.879,BM25: 0.879\\,,,
874,tabular,tab:hybrid_fusion,ColBERT: 0.012\\,0.012,ColBERT: 0.012\\,,,
875,tabular,tab:hybrid_fusion,TF-IDF: 0.110,0.110,TF-IDF: 0.110,,,
880,tabular,tab:hybrid_fusion,BM25: 0.879\\,0.879,BM25: 0.879\\,,,
881,tabular,tab:hybrid_fusion,Dense: 0.012\\,0.012,Dense: 0.012\\,,,
882,tabular,tab:hybrid_fusion,TF-IDF: 0.110,0.110,TF-IDF: 0.110,,,
887,tabular,tab:hybrid_fusion,BM25: 0.879\\,0.879,BM25: 0.879\\,,,
888,tabular,tab:hybrid_fusion,Sparse: 0.012\\,0.012,Sparse: 0.012\\,,,
889,tabular,tab:hybrid_fusion,TF-IDF: 0.110,0.110,TF-IDF: 0.110,,,
896,tabular,tab:hybrid_fusion,BM25: 0.450\\,0.450,BM25: 0.450\\,,,
897,tabular,tab:hybrid_fusion,ColBERT: 0.033\\,0.033,ColBERT: 0.033\\,,,
898,tabular,tab:hybrid_fusion,Dense: 0.033\\,0.033,Dense: 0.033\\,,,
899,tabular,tab:hybrid_fusion,Sparse: 0.033\\,0.033,Sparse: 0.033\\,,,
900,tabular,tab:hybrid_fusion,TF-IDF: 0.450,0.450,TF-IDF: 0.450,,,
907,prosa,,,1,"The three-way fusion configurations yielded Acc@1 scores ranging from 0.882 to 0.890, with MRR@10 values between 0.903 and 0.908. The BM25 + ColBERT + TF-IDF combination achieved the highest Acc@1 (0.",,,
907,prosa,,,0.882,"The three-way fusion configurations yielded Acc@1 scores ranging from 0.882 to 0.890, with MRR@10 values between 0.903 and 0.908. The BM25 + ColBERT + TF-IDF combination achieved the highest Acc@1 (0.",,,
907,prosa,,,0.890,"The three-way fusion configurations yielded Acc@1 scores ranging from 0.882 to 0.890, with MRR@10 values between 0.903 and 0.908. The BM25 + ColBERT + TF-IDF combination achieved the highest Acc@1 (0.",,,
907,prosa,,,10,"The three-way fusion configurations yielded Acc@1 scores ranging from 0.882 to 0.890, with MRR@10 values between 0.903 and 0.908. The BM25 + ColBERT + TF-IDF combination achieved the highest Acc@1 (0.",,,
907,prosa,,,0.903,"The three-way fusion configurations yielded Acc@1 scores ranging from 0.882 to 0.890, with MRR@10 values between 0.903 and 0.908. The BM25 + ColBERT + TF-IDF combination achieved the highest Acc@1 (0.",,,
907,prosa,,,0.908,"The three-way fusion configurations yielded Acc@1 scores ranging from 0.882 to 0.890, with MRR@10 values between 0.903 and 0.908. The BM25 + ColBERT + TF-IDF combination achieved the highest Acc@1 (0.",,,
907,prosa,,,1,"The three-way fusion configurations yielded Acc@1 scores ranging from 0.882 to 0.890, with MRR@10 values between 0.903 and 0.908. The BM25 + ColBERT + TF-IDF combination achieved the highest Acc@1 (0.",,,
907,prosa,,,0.890,"The three-way fusion configurations yielded Acc@1 scores ranging from 0.882 to 0.890, with MRR@10 values between 0.903 and 0.908. The BM25 + ColBERT + TF-IDF combination achieved the highest Acc@1 (0.",,,
907,prosa,,,10,"The three-way fusion configurations yielded Acc@1 scores ranging from 0.882 to 0.890, with MRR@10 values between 0.903 and 0.908. The BM25 + ColBERT + TF-IDF combination achieved the highest Acc@1 (0.",,,
907,prosa,,,0.908,"The three-way fusion configurations yielded Acc@1 scores ranging from 0.882 to 0.890, with MRR@10 values between 0.903 and 0.908. The BM25 + ColBERT + TF-IDF combination achieved the highest Acc@1 (0.",,,
909,prosa,,,1,"The five-way fusion produced an Acc@1 of 0.590 and MRR@10 of 0.730, representing substantial decreases of 32.8% and 19.6% respectively compared to the best three-way configuration. However, this strat",,,
909,prosa,,,0.590,"The five-way fusion produced an Acc@1 of 0.590 and MRR@10 of 0.730, representing substantial decreases of 32.8% and 19.6% respectively compared to the best three-way configuration. However, this strat",,,
909,prosa,,,10,"The five-way fusion produced an Acc@1 of 0.590 and MRR@10 of 0.730, representing substantial decreases of 32.8% and 19.6% respectively compared to the best three-way configuration. However, this strat",,,
909,prosa,,,0.730,"The five-way fusion produced an Acc@1 of 0.590 and MRR@10 of 0.730, representing substantial decreases of 32.8% and 19.6% respectively compared to the best three-way configuration. However, this strat",,,
909,prosa,,,32.8%,"The five-way fusion produced an Acc@1 of 0.590 and MRR@10 of 0.730, representing substantial decreases of 32.8% and 19.6% respectively compared to the best three-way configuration. However, this strat",,,
909,prosa,,,19.6%,"The five-way fusion produced an Acc@1 of 0.590 and MRR@10 of 0.730, representing substantial decreases of 32.8% and 19.6% respectively compared to the best three-way configuration. However, this strat",,,
909,prosa,,,10,"The five-way fusion produced an Acc@1 of 0.590 and MRR@10 of 0.730, representing substantial decreases of 32.8% and 19.6% respectively compared to the best three-way configuration. However, this strat",,,
909,prosa,,,0.963,"The five-way fusion produced an Acc@1 of 0.590 and MRR@10 of 0.730, representing substantial decreases of 32.8% and 19.6% respectively compared to the best three-way configuration. However, this strat",,,
909,prosa,,,1,"The five-way fusion produced an Acc@1 of 0.590 and MRR@10 of 0.730, representing substantial decreases of 32.8% and 19.6% respectively compared to the best three-way configuration. However, this strat",,,
909,prosa,,,45.0%,"The five-way fusion produced an Acc@1 of 0.590 and MRR@10 of 0.730, representing substantial decreases of 32.8% and 19.6% respectively compared to the best three-way configuration. However, this strat",,,
909,prosa,,,3.3%,"The five-way fusion produced an Acc@1 of 0.590 and MRR@10 of 0.730, representing substantial decreases of 32.8% and 19.6% respectively compared to the best three-way configuration. However, this strat",,,
910,prosa,,,9.9%,"This weight distribution is itself revealing: the optimizer heavily constrained the neural signals, assigning a collective weight of only 9.9% to all three BGE-M3 variants combined. This distribution ",,,
910,prosa,,,1,"This weight distribution is itself revealing: the optimizer heavily constrained the neural signals, assigning a collective weight of only 9.9% to all three BGE-M3 variants combined. This distribution ",,,
910,prosa,,,10,"This weight distribution is itself revealing: the optimizer heavily constrained the neural signals, assigning a collective weight of only 9.9% to all three BGE-M3 variants combined. This distribution ",,,
914,prosa,,,100,"Cross-encoder reranking was applied to the top-100 candidates from three retrieval systems: BM25 (unigram), the hybrid approach (BM25 + BGE-ColBERT + TF-IDF character n-grams), and BGE-M3-ColBERT. Two",,,
914,prosa,,,0.6,"Cross-encoder reranking was applied to the top-100 candidates from three retrieval systems: BM25 (unigram), the hybrid approach (BM25 + BGE-ColBERT + TF-IDF character n-grams), and BGE-M3-ColBERT. Two",,,
919,prosa,,,0.6,\captionPerformance comparison of cross-encoder reranking strategies. Replace uses CE scores only; Blend combines original retrieval scores with CE scores (\lambda=0.6).,,,
924,tabular,tab:reranking_results,System,1,System & Acc@1 & Recall@5 & Recall@10 & MRR@10 \\,,,
924,tabular,tab:reranking_results,System,5,System & Acc@1 & Recall@5 & Recall@10 & MRR@10 \\,,,
924,tabular,tab:reranking_results,System,10,System & Acc@1 & Recall@5 & Recall@10 & MRR@10 \\,,,
924,tabular,tab:reranking_results,System,10,System & Acc@1 & Recall@5 & Recall@10 & MRR@10 \\,,,
927,tabular,tab:reranking_results,\quad Baseline,0.869,\quad Baseline & 0.869 & 0.931 & 0.950 & 1.000 \\,,,
927,tabular,tab:reranking_results,\quad Baseline,0.931,\quad Baseline & 0.869 & 0.931 & 0.950 & 1.000 \\,,,
927,tabular,tab:reranking_results,\quad Baseline,0.950,\quad Baseline & 0.869 & 0.931 & 0.950 & 1.000 \\,,,
927,tabular,tab:reranking_results,\quad Baseline,1.000,\quad Baseline & 0.869 & 0.931 & 0.950 & 1.000 \\,,,
928,tabular,tab:reranking_results,\quad Replace,0.434,\quad Replace & 0.434 & 0.841 & 0.916 & 0.607 \\,,,
928,tabular,tab:reranking_results,\quad Replace,0.841,\quad Replace & 0.434 & 0.841 & 0.916 & 0.607 \\,,,
928,tabular,tab:reranking_results,\quad Replace,0.916,\quad Replace & 0.434 & 0.841 & 0.916 & 0.607 \\,,,
928,tabular,tab:reranking_results,\quad Replace,0.607,\quad Replace & 0.434 & 0.841 & 0.916 & 0.607 \\,,,
929,tabular,tab:reranking_results,\quad Blend,0.766,\quad Blend & 0.766 & 0.942 & 0.966 & 0.845 \\,,,
929,tabular,tab:reranking_results,\quad Blend,0.942,\quad Blend & 0.766 & 0.942 & 0.966 & 0.845 \\,,,
929,tabular,tab:reranking_results,\quad Blend,0.966,\quad Blend & 0.766 & 0.942 & 0.966 & 0.845 \\,,,
929,tabular,tab:reranking_results,\quad Blend,0.845,\quad Blend & 0.766 & 0.942 & 0.966 & 0.845 \\,,,
932,tabular,tab:reranking_results,\quad Baseline,0.448,\quad Baseline & 0.448 & 0.753 & 0.785 & 0.580 \\,,,
932,tabular,tab:reranking_results,\quad Baseline,0.753,\quad Baseline & 0.448 & 0.753 & 0.785 & 0.580 \\,,,
932,tabular,tab:reranking_results,\quad Baseline,0.785,\quad Baseline & 0.448 & 0.753 & 0.785 & 0.580 \\,,,
932,tabular,tab:reranking_results,\quad Baseline,0.580,\quad Baseline & 0.448 & 0.753 & 0.785 & 0.580 \\,,,
933,tabular,tab:reranking_results,\quad Replace,0.299,\quad Replace & 0.299 & 0.664 & 0.740 & 0.455 \\,,,
933,tabular,tab:reranking_results,\quad Replace,0.664,\quad Replace & 0.299 & 0.664 & 0.740 & 0.455 \\,,,
933,tabular,tab:reranking_results,\quad Replace,0.740,\quad Replace & 0.299 & 0.664 & 0.740 & 0.455 \\,,,
933,tabular,tab:reranking_results,\quad Replace,0.455,\quad Replace & 0.299 & 0.664 & 0.740 & 0.455 \\,,,
934,tabular,tab:reranking_results,\quad Blend,0.475,\quad Blend & 0.475 & 0.764 & 0.786 & 0.601 \\,,,
934,tabular,tab:reranking_results,\quad Blend,0.764,\quad Blend & 0.475 & 0.764 & 0.786 & 0.601 \\,,,
934,tabular,tab:reranking_results,\quad Blend,0.786,\quad Blend & 0.475 & 0.764 & 0.786 & 0.601 \\,,,
934,tabular,tab:reranking_results,\quad Blend,0.601,\quad Blend & 0.475 & 0.764 & 0.786 & 0.601 \\,,,
937,tabular,tab:reranking_results,\quad Baseline,0.590,\quad Baseline & 0.590 & 0.928 & 0.963 & 0.730 \\,,,
937,tabular,tab:reranking_results,\quad Baseline,0.928,\quad Baseline & 0.590 & 0.928 & 0.963 & 0.730 \\,,,
937,tabular,tab:reranking_results,\quad Baseline,0.963,\quad Baseline & 0.590 & 0.928 & 0.963 & 0.730 \\,,,
937,tabular,tab:reranking_results,\quad Baseline,0.730,\quad Baseline & 0.590 & 0.928 & 0.963 & 0.730 \\,,,
938,tabular,tab:reranking_results,\quad Replace,0.430,\quad Replace & 0.430 & 0.858 & 0.932 & 0.608 \\,,,
938,tabular,tab:reranking_results,\quad Replace,0.858,\quad Replace & 0.430 & 0.858 & 0.932 & 0.608 \\,,,
938,tabular,tab:reranking_results,\quad Replace,0.932,\quad Replace & 0.430 & 0.858 & 0.932 & 0.608 \\,,,
938,tabular,tab:reranking_results,\quad Replace,0.608,\quad Replace & 0.430 & 0.858 & 0.932 & 0.608 \\,,,
939,tabular,tab:reranking_results,\quad Blend,0.799,\quad Blend & 0.799 & 0.985 & 0.988 & 0.885 \\,,,
939,tabular,tab:reranking_results,\quad Blend,0.985,\quad Blend & 0.799 & 0.985 & 0.988 & 0.885 \\,,,
939,tabular,tab:reranking_results,\quad Blend,0.988,\quad Blend & 0.799 & 0.985 & 0.988 & 0.885 \\,,,
939,tabular,tab:reranking_results,\quad Blend,0.885,\quad Blend & 0.799 & 0.985 & 0.988 & 0.885 \\,,,
944,prosa,,,1,"The blend strategy consistently outperformed the replace strategy across all three systems. For BM25 (unigram), blend achieved Acc@1 of 0.766 compared to 0.434 for replace, representing an improvement",,,
944,prosa,,,0.766,"The blend strategy consistently outperformed the replace strategy across all three systems. For BM25 (unigram), blend achieved Acc@1 of 0.766 compared to 0.434 for replace, representing an improvement",,,
944,prosa,,,0.434,"The blend strategy consistently outperformed the replace strategy across all three systems. For BM25 (unigram), blend achieved Acc@1 of 0.766 compared to 0.434 for replace, representing an improvement",,,
944,prosa,,,0.332,"The blend strategy consistently outperformed the replace strategy across all three systems. For BM25 (unigram), blend achieved Acc@1 of 0.766 compared to 0.434 for replace, representing an improvement",,,
944,prosa,,,0.799,"The blend strategy consistently outperformed the replace strategy across all three systems. For BM25 (unigram), blend achieved Acc@1 of 0.766 compared to 0.434 for replace, representing an improvement",,,
944,prosa,,,1,"The blend strategy consistently outperformed the replace strategy across all three systems. For BM25 (unigram), blend achieved Acc@1 of 0.766 compared to 0.434 for replace, representing an improvement",,,
944,prosa,,,0.985,"The blend strategy consistently outperformed the replace strategy across all three systems. For BM25 (unigram), blend achieved Acc@1 of 0.766 compared to 0.434 for replace, representing an improvement",,,
944,prosa,,,5,"The blend strategy consistently outperformed the replace strategy across all three systems. For BM25 (unigram), blend achieved Acc@1 of 0.766 compared to 0.434 for replace, representing an improvement",,,
944,prosa,,,0.988,"The blend strategy consistently outperformed the replace strategy across all three systems. For BM25 (unigram), blend achieved Acc@1 of 0.766 compared to 0.434 for replace, representing an improvement",,,
944,prosa,,,10,"The blend strategy consistently outperformed the replace strategy across all three systems. For BM25 (unigram), blend achieved Acc@1 of 0.766 compared to 0.434 for replace, representing an improvement",,,
944,prosa,,,0.885,"The blend strategy consistently outperformed the replace strategy across all three systems. For BM25 (unigram), blend achieved Acc@1 of 0.766 compared to 0.434 for replace, representing an improvement",,,
944,prosa,,,10,"The blend strategy consistently outperformed the replace strategy across all three systems. For BM25 (unigram), blend achieved Acc@1 of 0.766 compared to 0.434 for replace, representing an improvement",,,
944,prosa,,,0.369,"The blend strategy consistently outperformed the replace strategy across all three systems. For BM25 (unigram), blend achieved Acc@1 of 0.766 compared to 0.434 for replace, representing an improvement",,,
944,prosa,,,0.127,"The blend strategy consistently outperformed the replace strategy across all three systems. For BM25 (unigram), blend achieved Acc@1 of 0.766 compared to 0.434 for replace, representing an improvement",,,
944,prosa,,,0.056,"The blend strategy consistently outperformed the replace strategy across all three systems. For BM25 (unigram), blend achieved Acc@1 of 0.766 compared to 0.434 for replace, representing an improvement",,,
944,prosa,,,0.277,"The blend strategy consistently outperformed the replace strategy across all three systems. For BM25 (unigram), blend achieved Acc@1 of 0.766 compared to 0.434 for replace, representing an improvement",,,
944,prosa,,,0.176,"The blend strategy consistently outperformed the replace strategy across all three systems. For BM25 (unigram), blend achieved Acc@1 of 0.766 compared to 0.434 for replace, representing an improvement",,,
944,prosa,,,1,"The blend strategy consistently outperformed the replace strategy across all three systems. For BM25 (unigram), blend achieved Acc@1 of 0.766 compared to 0.434 for replace, representing an improvement",,,
944,prosa,,,0.146,"The blend strategy consistently outperformed the replace strategy across all three systems. For BM25 (unigram), blend achieved Acc@1 of 0.766 compared to 0.434 for replace, representing an improvement",,,
944,prosa,,,10,"The blend strategy consistently outperformed the replace strategy across all three systems. For BM25 (unigram), blend achieved Acc@1 of 0.766 compared to 0.434 for replace, representing an improvement",,,
951,prosa,,,100,"To understand the failure modes of each retrieval approach, we conducted a detailed error analysis on 100 randomly sampled failures per method. Errors were classified into four categories: Numeric Mis",,,
955,prosa,,,98%,"Table~\reftab:error_distribution presents the distribution of error types across the three primary retrieval methods. Both BM25 and BGE-M3 ColBERT showed similar profiles, with numeric mismatches acco",,,
959,prosa,,,100,"\captionError type distribution across retrieval methods (% of failed queries, n=100 per method)",,,
966,tabular,tab:error_distribution,Numeric Mismatch,98.1%,Numeric Mismatch    & 98.1%  & 97.9%  & ---     \\,,,
966,tabular,tab:error_distribution,Numeric Mismatch,97.9%,Numeric Mismatch    & 98.1%  & 97.9%  & ---     \\,,,
967,tabular,tab:error_distribution,Lexical Confusion,0.5%,Lexical Confusion   & 0.5%   & 0.5%   & ---     \\,,,
967,tabular,tab:error_distribution,Lexical Confusion,0.5%,Lexical Confusion   & 0.5%   & 0.5%   & ---     \\,,,
968,tabular,tab:error_distribution,Other,1.3%,Other               & 1.3%   & 1.6%   & 100.0% \\,,,
968,tabular,tab:error_distribution,Other,1.6%,Other               & 1.3%   & 1.6%   & 100.0% \\,,,
968,tabular,tab:error_distribution,Other,100.0%,Other               & 1.3%   & 1.6%   & 100.0% \\,,,
979,prosa,,,100,\captionError type distribution across the three representative retrieval methods (n=100 sampled errors per method). Numeric mismatches dominate both lexical (BM25) and neural (BGE-M3-ColBERT) failure,,,
979,prosa,,,98%,\captionError type distribution across the three representative retrieval methods (n=100 sampled errors per method). Numeric mismatches dominate both lexical (BM25) and neural (BGE-M3-ColBERT) failure,,,
985,prosa,,,40,"Beyond categorical error types, we analyzed failures according to the hierarchical structure of our construction database, where items are organized under parent categories (e.g., OEB280\$ for 40mm po",,,
985,prosa,,,1,"Beyond categorical error types, we analyzed failures according to the hierarchical structure of our construction database, where items are organized under parent categories (e.g., OEB280\$ for 40mm po",,,
985,prosa,,,2,"Beyond categorical error types, we analyzed failures according to the hierarchical structure of our construction database, where items are organized under parent categories (e.g., OEB280\$ for 40mm po",,,
985,prosa,,,3,"Beyond categorical error types, we analyzed failures according to the hierarchical structure of our construction database, where items are organized under parent categories (e.g., OEB280\$ for 40mm po",,,
985,prosa,,,10,"Beyond categorical error types, we analyzed failures according to the hierarchical structure of our construction database, where items are organized under parent categories (e.g., OEB280\$ for 40mm po",,,
996,tabular,tab:hierarchical_errors,"Right parent, wrong item",10.4%,"Right parent, wrong item & 10.4%  & 54.3%  & 36.0% \\",,,
996,tabular,tab:hierarchical_errors,"Right parent, wrong item",54.3%,"Right parent, wrong item & 10.4%  & 54.3%  & 36.0% \\",,,
996,tabular,tab:hierarchical_errors,"Right parent, wrong item",36.0%,"Right parent, wrong item & 10.4%  & 54.3%  & 36.0% \\",,,
997,tabular,tab:hierarchical_errors,Wrong parent,2.6%,Wrong parent             & 2.6%   & 0.3%   & 3.0%  \\,,,
997,tabular,tab:hierarchical_errors,Wrong parent,0.3%,Wrong parent             & 2.6%   & 0.3%   & 3.0%  \\,,,
997,tabular,tab:hierarchical_errors,Wrong parent,3.0%,Wrong parent             & 2.6%   & 0.3%   & 3.0%  \\,,,
998,tabular,tab:hierarchical_errors,Parent not in top-10,10,Parent not in top-10     & 0.1%   & 0.0%   & 0.0%  \\,,,
998,tabular,tab:hierarchical_errors,Parent not in top-10,0.1%,Parent not in top-10     & 0.1%   & 0.0%   & 0.0%  \\,,,
998,tabular,tab:hierarchical_errors,Parent not in top-10,0.0%,Parent not in top-10     & 0.1%   & 0.0%   & 0.0%  \\,,,
998,tabular,tab:hierarchical_errors,Parent not in top-10,0.0%,Parent not in top-10     & 0.1%   & 0.0%   & 0.0%  \\,,,
1003,prosa,,,54.3%,"The neural method (BGE-M3 ColBERT) demonstrated strong performance at the parent category level, with 54.3% of errors involving correct parent identification but incorrect item selection --- more than",,,
1003,prosa,,,5,"The neural method (BGE-M3 ColBERT) demonstrated strong performance at the parent category level, with 54.3% of errors involving correct parent identification but incorrect item selection --- more than",,,
1003,prosa,,,10.4%,"The neural method (BGE-M3 ColBERT) demonstrated strong performance at the parent category level, with 54.3% of errors involving correct parent identification but incorrect item selection --- more than",,,
1003,prosa,,,2.6%,"The neural method (BGE-M3 ColBERT) demonstrated strong performance at the parent category level, with 54.3% of errors involving correct parent identification but incorrect item selection --- more than",,,
1003,prosa,,,0.3%,"The neural method (BGE-M3 ColBERT) demonstrated strong performance at the parent category level, with 54.3% of errors involving correct parent identification but incorrect item selection --- more than",,,
1003,prosa,,,36.0%,"The neural method (BGE-M3 ColBERT) demonstrated strong performance at the parent category level, with 54.3% of errors involving correct parent identification but incorrect item selection --- more than",,,
1007,prosa,,,3,"Table~\reftab:error_examples presents representative examples. Numeric mismatches occurred when systems retrieved variants with different specifications (e.g., ``3 tubos'' vs ``5 tubos'') despite matc",,,
1007,prosa,,,5,"Table~\reftab:error_examples presents representative examples. Numeric mismatches occurred when systems retrieved variants with different specifications (e.g., ``3 tubos'' vs ``5 tubos'') despite matc",,,
1020,tabular,tab:error_examples,OEB290cbebb,3,"OEB290cbebb & Concrete-encased 3 pipes polyethylene 50mm under tracks, any shift, 3 \leq i<5h, low volume & Concrete-encased 5 pipes polyethylene 50mm under tracks, any shift, 3 \leq i<5h, low volume ",,,
1020,tabular,tab:error_examples,OEB290cbebb,50,"OEB290cbebb & Concrete-encased 3 pipes polyethylene 50mm under tracks, any shift, 3 \leq i<5h, low volume & Concrete-encased 5 pipes polyethylene 50mm under tracks, any shift, 3 \leq i<5h, low volume ",,,
1020,tabular,tab:error_examples,OEB290cbebb,3,"OEB290cbebb & Concrete-encased 3 pipes polyethylene 50mm under tracks, any shift, 3 \leq i<5h, low volume & Concrete-encased 5 pipes polyethylene 50mm under tracks, any shift, 3 \leq i<5h, low volume ",,,
1020,tabular,tab:error_examples,OEB290cbebb,5,"OEB290cbebb & Concrete-encased 3 pipes polyethylene 50mm under tracks, any shift, 3 \leq i<5h, low volume & Concrete-encased 5 pipes polyethylene 50mm under tracks, any shift, 3 \leq i<5h, low volume ",,,
1020,tabular,tab:error_examples,OEB290cbebb,5,"OEB290cbebb & Concrete-encased 3 pipes polyethylene 50mm under tracks, any shift, 3 \leq i<5h, low volume & Concrete-encased 5 pipes polyethylene 50mm under tracks, any shift, 3 \leq i<5h, low volume ",,,
1020,tabular,tab:error_examples,OEB290cbebb,50,"OEB290cbebb & Concrete-encased 3 pipes polyethylene 50mm under tracks, any shift, 3 \leq i<5h, low volume & Concrete-encased 5 pipes polyethylene 50mm under tracks, any shift, 3 \leq i<5h, low volume ",,,
1020,tabular,tab:error_examples,OEB290cbebb,3,"OEB290cbebb & Concrete-encased 3 pipes polyethylene 50mm under tracks, any shift, 3 \leq i<5h, low volume & Concrete-encased 5 pipes polyethylene 50mm under tracks, any shift, 3 \leq i<5h, low volume ",,,
1020,tabular,tab:error_examples,OEB290cbebb,5,"OEB290cbebb & Concrete-encased 3 pipes polyethylene 50mm under tracks, any shift, 3 \leq i<5h, low volume & Concrete-encased 5 pipes polyethylene 50mm under tracks, any shift, 3 \leq i<5h, low volume ",,,
1022,tabular,tab:error_examples,OEB280egecb,5,"OEB280egecb & Concrete-encased 5 pipes polyethylene 40mm in ballast, any shift, i<3h, low volume & Concrete-encased 5 pipes polyethylene 40mm in ballast, any shift, 3 \leq i<5h, low volume & BGE-M3 \\",,,
1022,tabular,tab:error_examples,OEB280egecb,40,"OEB280egecb & Concrete-encased 5 pipes polyethylene 40mm in ballast, any shift, i<3h, low volume & Concrete-encased 5 pipes polyethylene 40mm in ballast, any shift, 3 \leq i<5h, low volume & BGE-M3 \\",,,
1022,tabular,tab:error_examples,OEB280egecb,3,"OEB280egecb & Concrete-encased 5 pipes polyethylene 40mm in ballast, any shift, i<3h, low volume & Concrete-encased 5 pipes polyethylene 40mm in ballast, any shift, 3 \leq i<5h, low volume & BGE-M3 \\",,,
1022,tabular,tab:error_examples,OEB280egecb,5,"OEB280egecb & Concrete-encased 5 pipes polyethylene 40mm in ballast, any shift, i<3h, low volume & Concrete-encased 5 pipes polyethylene 40mm in ballast, any shift, 3 \leq i<5h, low volume & BGE-M3 \\",,,
1022,tabular,tab:error_examples,OEB280egecb,40,"OEB280egecb & Concrete-encased 5 pipes polyethylene 40mm in ballast, any shift, i<3h, low volume & Concrete-encased 5 pipes polyethylene 40mm in ballast, any shift, 3 \leq i<5h, low volume & BGE-M3 \\",,,
1022,tabular,tab:error_examples,OEB280egecb,3,"OEB280egecb & Concrete-encased 5 pipes polyethylene 40mm in ballast, any shift, i<3h, low volume & Concrete-encased 5 pipes polyethylene 40mm in ballast, any shift, 3 \leq i<5h, low volume & BGE-M3 \\",,,
1022,tabular,tab:error_examples,OEB280egecb,5,"OEB280egecb & Concrete-encased 5 pipes polyethylene 40mm in ballast, any shift, i<3h, low volume & Concrete-encased 5 pipes polyethylene 40mm in ballast, any shift, 3 \leq i<5h, low volume & BGE-M3 \\",,,
1026,tabular,tab:error_examples,OEB250abaec,4,"OEB250abaec & Supply conduit 4 pipes galv.\ steel 100mm CMS transitions, exceptional daytime, N/A, any condition & Supply conduit 4 pipes galv.\ steel 100mm CMS transitions, shift: N/A, maintenance: N",,,
1026,tabular,tab:error_examples,OEB250abaec,100,"OEB250abaec & Supply conduit 4 pipes galv.\ steel 100mm CMS transitions, exceptional daytime, N/A, any condition & Supply conduit 4 pipes galv.\ steel 100mm CMS transitions, shift: N/A, maintenance: N",,,
1026,tabular,tab:error_examples,OEB250abaec,4,"OEB250abaec & Supply conduit 4 pipes galv.\ steel 100mm CMS transitions, exceptional daytime, N/A, any condition & Supply conduit 4 pipes galv.\ steel 100mm CMS transitions, shift: N/A, maintenance: N",,,
1026,tabular,tab:error_examples,OEB250abaec,100,"OEB250abaec & Supply conduit 4 pipes galv.\ steel 100mm CMS transitions, exceptional daytime, N/A, any condition & Supply conduit 4 pipes galv.\ steel 100mm CMS transitions, shift: N/A, maintenance: N",,,
1028,tabular,tab:error_examples,OEB120aedc,1,"OEB120aedc & Conduit entry 1--2 pipes in chamber, any shift, no interval needed, any condition & Conduit entry 1--2 pipes in chamber, any exceptional shift, no interval needed, any condition & BGE-M3 ",,,
1028,tabular,tab:error_examples,OEB120aedc,2,"OEB120aedc & Conduit entry 1--2 pipes in chamber, any shift, no interval needed, any condition & Conduit entry 1--2 pipes in chamber, any exceptional shift, no interval needed, any condition & BGE-M3 ",,,
1028,tabular,tab:error_examples,OEB120aedc,1,"OEB120aedc & Conduit entry 1--2 pipes in chamber, any shift, no interval needed, any condition & Conduit entry 1--2 pipes in chamber, any exceptional shift, no interval needed, any condition & BGE-M3 ",,,
1028,tabular,tab:error_examples,OEB120aedc,2,"OEB120aedc & Conduit entry 1--2 pipes in chamber, any shift, no interval needed, any condition & Conduit entry 1--2 pipes in chamber, any exceptional shift, no interval needed, any condition & BGE-M3 ",,,
1032,tabular,tab:error_examples,OEB250bbbcc,4,"OEB250bbbcc & Supply and installation conduit 4 pipes steel 100mm CMS, exceptional night, i<3h, any condition & Supply conduit 4 pipes steel 100mm CMS, exceptional night, i<3h, any condition & BM25 \\",,,
1032,tabular,tab:error_examples,OEB250bbbcc,100,"OEB250bbbcc & Supply and installation conduit 4 pipes steel 100mm CMS, exceptional night, i<3h, any condition & Supply conduit 4 pipes steel 100mm CMS, exceptional night, i<3h, any condition & BM25 \\",,,
1032,tabular,tab:error_examples,OEB250bbbcc,3,"OEB250bbbcc & Supply and installation conduit 4 pipes steel 100mm CMS, exceptional night, i<3h, any condition & Supply conduit 4 pipes steel 100mm CMS, exceptional night, i<3h, any condition & BM25 \\",,,
1032,tabular,tab:error_examples,OEB250bbbcc,4,"OEB250bbbcc & Supply and installation conduit 4 pipes steel 100mm CMS, exceptional night, i<3h, any condition & Supply conduit 4 pipes steel 100mm CMS, exceptional night, i<3h, any condition & BM25 \\",,,
1032,tabular,tab:error_examples,OEB250bbbcc,100,"OEB250bbbcc & Supply and installation conduit 4 pipes steel 100mm CMS, exceptional night, i<3h, any condition & Supply conduit 4 pipes steel 100mm CMS, exceptional night, i<3h, any condition & BM25 \\",,,
1032,tabular,tab:error_examples,OEB250bbbcc,3,"OEB250bbbcc & Supply and installation conduit 4 pipes steel 100mm CMS, exceptional night, i<3h, any condition & Supply conduit 4 pipes steel 100mm CMS, exceptional night, i<3h, any condition & BM25 \\",,,
1034,tabular,tab:error_examples,OEB110bda,110,"OEB110bda & PVC pipe 110mm chamber drainage, night shift, no interval needed, high volume & PVC pipe 110mm chamber drainage, exceptional night, no interval needed, high volume & BGE-M3 \\",,,
1034,tabular,tab:error_examples,OEB110bda,110,"OEB110bda & PVC pipe 110mm chamber drainage, night shift, no interval needed, high volume & PVC pipe 110mm chamber drainage, exceptional night, no interval needed, high volume & BGE-M3 \\",,,
1042,prosa,,,"3,276","Analysis of near-duplicate handling revealed stark differences between methods. BM25 produced 3,276 duplicate documents across 1,602 duplicate groups in its embedding space, while BGE-M3 ColBERT produ",,,
1042,prosa,,,"1,602","Analysis of near-duplicate handling revealed stark differences between methods. BM25 produced 3,276 duplicate documents across 1,602 duplicate groups in its embedding space, while BGE-M3 ColBERT produ",,,
1044,prosa,,,36%,"For the hybrid method, the absence of traditional numeric mismatch or lexical confusion errors suggests that its failures occurred at a different stage of processing. The 36% right-parent-wrong-item r",,,
1047,prosa,,,4.7,\labelsec:4.7_Overall Performance Summary,,,
1054,prosa,,,1,"\captionBest Acc@1 per method family at item-level and parent-level on the test set (n=16,590 queries). For each family, the configuration with the highest item-level Acc@1 was selected and both its i",,,
1054,prosa,,,"16,590","\captionBest Acc@1 per method family at item-level and parent-level on the test set (n=16,590 queries). For each family, the configuration with the highest item-level Acc@1 was selected and both its i",,,
1054,prosa,,,1,"\captionBest Acc@1 per method family at item-level and parent-level on the test set (n=16,590 queries). For each family, the configuration with the highest item-level Acc@1 was selected and both its i",,,
1054,prosa,,,52.6,"\captionBest Acc@1 per method family at item-level and parent-level on the test set (n=16,590 queries). For each family, the configuration with the highest item-level Acc@1 was selected and both its i",,,
1054,prosa,,,0.997,"\captionBest Acc@1 per method family at item-level and parent-level on the test set (n=16,590 queries). For each family, the configuration with the highest item-level Acc@1 was selected and both its i",,,
1058,prosa,,,1,"Table~\reftab:overall_performance presents the top-performing configurations across all evaluated retrieval methods, ranked by Acc@1. The table encompasses lexical methods, pseudo-relevance feedback a",,,
1062,prosa,,,10,"\captionTop 10 retrieval configurations ranked by Acc@1 on the test set (n=16,590 queries). MRR values provided for reference.",,,
1062,prosa,,,1,"\captionTop 10 retrieval configurations ranked by Acc@1 on the test set (n=16,590 queries). MRR values provided for reference.",,,
1062,prosa,,,"16,590","\captionTop 10 retrieval configurations ranked by Acc@1 on the test set (n=16,590 queries). MRR values provided for reference.",,,
1066,tabular,tab:overall_performance,Configuration,1,Configuration & Acc@1 & MRR \\,,,
1068,tabular,tab:overall_performance,"BM25-unigram\_params (k1=0.60, b=0.35)",0.60,"BM25-unigram\_params (k1=0.60, b=0.35) & 0.974 & 0.979 \\",,,
1068,tabular,tab:overall_performance,"BM25-unigram\_params (k1=0.60, b=0.35)",0.35,"BM25-unigram\_params (k1=0.60, b=0.35) & 0.974 & 0.979 \\",,,
1068,tabular,tab:overall_performance,"BM25-unigram\_params (k1=0.60, b=0.35)",0.974,"BM25-unigram\_params (k1=0.60, b=0.35) & 0.974 & 0.979 \\",,,
1068,tabular,tab:overall_performance,"BM25-unigram\_params (k1=0.60, b=0.35)",0.979,"BM25-unigram\_params (k1=0.60, b=0.35) & 0.974 & 0.979 \\",,,
1069,tabular,tab:overall_performance,BM25 + ColBERT + TF-IDF (3-way fusion),3,BM25 + ColBERT + TF-IDF (3-way fusion) & 0.890 & 0.908 \\,,,
1069,tabular,tab:overall_performance,BM25 + ColBERT + TF-IDF (3-way fusion),0.890,BM25 + ColBERT + TF-IDF (3-way fusion) & 0.890 & 0.908 \\,,,
1069,tabular,tab:overall_performance,BM25 + ColBERT + TF-IDF (3-way fusion),0.908,BM25 + ColBERT + TF-IDF (3-way fusion) & 0.890 & 0.908 \\,,,
1070,tabular,tab:overall_performance,BM25 + Dense + TF-IDF (3-way fusion),3,BM25 + Dense + TF-IDF (3-way fusion) & 0.889 & 0.907 \\,,,
1070,tabular,tab:overall_performance,BM25 + Dense + TF-IDF (3-way fusion),0.889,BM25 + Dense + TF-IDF (3-way fusion) & 0.889 & 0.907 \\,,,
1070,tabular,tab:overall_performance,BM25 + Dense + TF-IDF (3-way fusion),0.907,BM25 + Dense + TF-IDF (3-way fusion) & 0.889 & 0.907 \\,,,
1071,tabular,tab:overall_performance,BM25 + Sparse + TF-IDF (3-way fusion),3,BM25 + Sparse + TF-IDF (3-way fusion) & 0.882 & 0.903 \\,,,
1071,tabular,tab:overall_performance,BM25 + Sparse + TF-IDF (3-way fusion),0.882,BM25 + Sparse + TF-IDF (3-way fusion) & 0.882 & 0.903 \\,,,
1071,tabular,tab:overall_performance,BM25 + Sparse + TF-IDF (3-way fusion),0.903,BM25 + Sparse + TF-IDF (3-way fusion) & 0.882 & 0.903 \\,,,
1072,tabular,tab:overall_performance,"RM3 (M=5, N=20, \lambda=0.5)",5,"RM3 (M=5, N=20, \lambda=0.5) & 0.870 & 0.898 \\",,,
1072,tabular,tab:overall_performance,"RM3 (M=5, N=20, \lambda=0.5)",20,"RM3 (M=5, N=20, \lambda=0.5) & 0.870 & 0.898 \\",,,
1072,tabular,tab:overall_performance,"RM3 (M=5, N=20, \lambda=0.5)",0.5,"RM3 (M=5, N=20, \lambda=0.5) & 0.870 & 0.898 \\",,,
1072,tabular,tab:overall_performance,"RM3 (M=5, N=20, \lambda=0.5)",0.870,"RM3 (M=5, N=20, \lambda=0.5) & 0.870 & 0.898 \\",,,
1072,tabular,tab:overall_performance,"RM3 (M=5, N=20, \lambda=0.5)",0.898,"RM3 (M=5, N=20, \lambda=0.5) & 0.870 & 0.898 \\",,,
1073,tabular,tab:overall_performance,"BM25-unigram (default, k1=0.80, b=0.35)",0.80,"BM25-unigram (default, k1=0.80, b=0.35) & 0.869 & 0.898 \\",,,
1073,tabular,tab:overall_performance,"BM25-unigram (default, k1=0.80, b=0.35)",0.35,"BM25-unigram (default, k1=0.80, b=0.35) & 0.869 & 0.898 \\",,,
1073,tabular,tab:overall_performance,"BM25-unigram (default, k1=0.80, b=0.35)",0.869,"BM25-unigram (default, k1=0.80, b=0.35) & 0.869 & 0.898 \\",,,
1073,tabular,tab:overall_performance,"BM25-unigram (default, k1=0.80, b=0.35)",0.898,"BM25-unigram (default, k1=0.80, b=0.35) & 0.869 & 0.898 \\",,,
1074,tabular,tab:overall_performance,"Rocchio (M=5, N=20, \beta=0.5)",5,"Rocchio (M=5, N=20, \beta=0.5) & 0.857 & 0.888 \\",,,
1074,tabular,tab:overall_performance,"Rocchio (M=5, N=20, \beta=0.5)",20,"Rocchio (M=5, N=20, \beta=0.5) & 0.857 & 0.888 \\",,,
1074,tabular,tab:overall_performance,"Rocchio (M=5, N=20, \beta=0.5)",0.5,"Rocchio (M=5, N=20, \beta=0.5) & 0.857 & 0.888 \\",,,
1074,tabular,tab:overall_performance,"Rocchio (M=5, N=20, \beta=0.5)",0.857,"Rocchio (M=5, N=20, \beta=0.5) & 0.857 & 0.888 \\",,,
1074,tabular,tab:overall_performance,"Rocchio (M=5, N=20, \beta=0.5)",0.888,"Rocchio (M=5, N=20, \beta=0.5) & 0.857 & 0.888 \\",,,
1075,tabular,tab:overall_performance,"BM25-unibigram (k1=0.80, b=0.35)",0.80,"BM25-unibigram (k1=0.80, b=0.35) & 0.827 & 0.844 \\",,,
1075,tabular,tab:overall_performance,"BM25-unibigram (k1=0.80, b=0.35)",0.35,"BM25-unibigram (k1=0.80, b=0.35) & 0.827 & 0.844 \\",,,
1075,tabular,tab:overall_performance,"BM25-unibigram (k1=0.80, b=0.35)",0.827,"BM25-unibigram (k1=0.80, b=0.35) & 0.827 & 0.844 \\",,,
1075,tabular,tab:overall_performance,"BM25-unibigram (k1=0.80, b=0.35)",0.844,"BM25-unibigram (k1=0.80, b=0.35) & 0.827 & 0.844 \\",,,
1076,tabular,tab:overall_performance,5-way fusion + Blend reranking,5,5-way fusion + Blend reranking & 0.799 & 0.885 \\,,,
1076,tabular,tab:overall_performance,5-way fusion + Blend reranking,0.799,5-way fusion + Blend reranking & 0.799 & 0.885 \\,,,
1076,tabular,tab:overall_performance,5-way fusion + Blend reranking,0.885,5-way fusion + Blend reranking & 0.799 & 0.885 \\,,,
1077,tabular,tab:overall_performance,BM25 + Blend reranking,0.766,BM25 + Blend reranking & 0.766 & 0.845 \\,,,
1077,tabular,tab:overall_performance,BM25 + Blend reranking,0.845,BM25 + Blend reranking & 0.766 & 0.845 \\,,,
1080,tabular,tab:overall_performance,BGE-M3-ColBERT,0.448,BGE-M3-ColBERT & 0.448 & 0.580 \\,,,
1080,tabular,tab:overall_performance,BGE-M3-ColBERT,0.580,BGE-M3-ColBERT & 0.448 & 0.580 \\,,,
1085,prosa,,,100,The evaluation across 100 configurations produced four findings: (1) optimized BM25 achieved the highest performance (Acc@1=97.4%); (2) the best neural approach underperformed by 52.6 percentage point,,,
1085,prosa,,,1,The evaluation across 100 configurations produced four findings: (1) optimized BM25 achieved the highest performance (Acc@1=97.4%); (2) the best neural approach underperformed by 52.6 percentage point,,,
1085,prosa,,,1,The evaluation across 100 configurations produced four findings: (1) optimized BM25 achieved the highest performance (Acc@1=97.4%); (2) the best neural approach underperformed by 52.6 percentage point,,,
1085,prosa,,,97.4%,The evaluation across 100 configurations produced four findings: (1) optimized BM25 achieved the highest performance (Acc@1=97.4%); (2) the best neural approach underperformed by 52.6 percentage point,,,
1085,prosa,,,2,The evaluation across 100 configurations produced four findings: (1) optimized BM25 achieved the highest performance (Acc@1=97.4%); (2) the best neural approach underperformed by 52.6 percentage point,,,
1085,prosa,,,52.6,The evaluation across 100 configurations produced four findings: (1) optimized BM25 achieved the highest performance (Acc@1=97.4%); (2) the best neural approach underperformed by 52.6 percentage point,,,
1085,prosa,,,3,The evaluation across 100 configurations produced four findings: (1) optimized BM25 achieved the highest performance (Acc@1=97.4%); (2) the best neural approach underperformed by 52.6 percentage point,,,
1085,prosa,,,89.0%,The evaluation across 100 configurations produced four findings: (1) optimized BM25 achieved the highest performance (Acc@1=97.4%); (2) the best neural approach underperformed by 52.6 percentage point,,,
1085,prosa,,,44.8%,The evaluation across 100 configurations produced four findings: (1) optimized BM25 achieved the highest performance (Acc@1=97.4%); (2) the best neural approach underperformed by 52.6 percentage point,,,
1085,prosa,,,4,The evaluation across 100 configurations produced four findings: (1) optimized BM25 achieved the highest performance (Acc@1=97.4%); (2) the best neural approach underperformed by 52.6 percentage point,,,
1086,prosa,,,1,"These rankings are based on Acc@1, which reflects automated deployment scenarios where only the top result is used. Practitioners operating in semi-automated workflows — where a human reviewer examine",,,
1086,prosa,,,5,"These rankings are based on Acc@1, which reflects automated deployment scenarios where only the top result is used. Practitioners operating in semi-automated workflows — where a human reviewer examine",,,
1092,prosa,,,97.4%,"Our results reaffirm the strength of lexical methods in specialized technical domains. A well-tuned BM25 configuration significantly outperformed all neural retrievers at the item level, achieving app",,,
1092,prosa,,,1,"Our results reaffirm the strength of lexical methods in specialized technical domains. A well-tuned BM25 configuration significantly outperformed all neural retrievers at the item level, achieving app",,,
1092,prosa,,,"40,000","Our results reaffirm the strength of lexical methods in specialized technical domains. A well-tuned BM25 configuration significantly outperformed all neural retrievers at the item level, achieving app",,,
1094,prosa,,,99.7%,"Neural retrievers, by contrast, excel at high-level semantic categorization but struggle with fine-grained item matching. At the parent level, models like BGE-M3-ColBERT achieved approximately 99.7% a",,,
1098,prosa,,,0.869,"Cross-encoder reranking showed mixed results. The replace strategy degraded BM25 from 0.869 to 0.434 Acc@1, suggesting that general-domain reranking models struggle to distinguish fine-grained technic",,,
1098,prosa,,,0.434,"Cross-encoder reranking showed mixed results. The replace strategy degraded BM25 from 0.869 to 0.434 Acc@1, suggesting that general-domain reranking models struggle to distinguish fine-grained technic",,,
1098,prosa,,,1,"Cross-encoder reranking showed mixed results. The replace strategy degraded BM25 from 0.869 to 0.434 Acc@1, suggesting that general-domain reranking models struggle to distinguish fine-grained technic",,,
1098,prosa,,,0.6,"Cross-encoder reranking showed mixed results. The replace strategy degraded BM25 from 0.869 to 0.434 Acc@1, suggesting that general-domain reranking models struggle to distinguish fine-grained technic",,,
1098,prosa,,,0.799,"Cross-encoder reranking showed mixed results. The replace strategy degraded BM25 from 0.869 to 0.434 Acc@1, suggesting that general-domain reranking models struggle to distinguish fine-grained technic",,,
1098,prosa,,,1,"Cross-encoder reranking showed mixed results. The replace strategy degraded BM25 from 0.869 to 0.434 Acc@1, suggesting that general-domain reranking models struggle to distinguish fine-grained technic",,,
1098,prosa,,,0.766,"Cross-encoder reranking showed mixed results. The replace strategy degraded BM25 from 0.869 to 0.434 Acc@1, suggesting that general-domain reranking models struggle to distinguish fine-grained technic",,,
1100,prosa,,,98%,"Error analysis revealed systematic patterns. Neural retrievers struggled with numeric precision: BERT's subword tokenization breaks numbers into fragments, impairing magnitude representation ~\citewal",,,
1106,prosa,,,2023,"Information retrieval benchmarks must also account for latency and hardware constraints ~\citesanthanam-etal-2023-moving. BM25 offers sub-100ms latency on standard hardware, while neural retrievers re",,,
1106,prosa,,,100,"Information retrieval benchmarks must also account for latency and hardware constraints ~\citesanthanam-etal-2023-moving. BM25 offers sub-100ms latency on standard hardware, while neural retrievers re",,,
1106,prosa,,,2,"Information retrieval benchmarks must also account for latency and hardware constraints ~\citesanthanam-etal-2023-moving. BM25 offers sub-100ms latency on standard hardware, while neural retrievers re",,,
1106,prosa,,,10,"Information retrieval benchmarks must also account for latency and hardware constraints ~\citesanthanam-etal-2023-moving. BM25 offers sub-100ms latency on standard hardware, while neural retrievers re",,,
1106,prosa,,,5,"Information retrieval benchmarks must also account for latency and hardware constraints ~\citesanthanam-etal-2023-moving. BM25 offers sub-100ms latency on standard hardware, while neural retrievers re",,,
1108,prosa,,,"40,000","This study has several limitations that should be considered when interpreting the results. The dataset used in the experiments covers a single subcategory of the ADIF catalog -specifically, the secti",,,
1109,prosa,,,6,"Additional limitations include the zero-shot evaluation of neural models. While this setup reflects realistic deployment constraints where annotated domain-specific data is unavailable, it leaves open",,,
1109,prosa,,,1%,"Additional limitations include the zero-shot evaluation of neural models. While this setup reflects realistic deployment constraints where annotated domain-specific data is unavailable, it leaves open",,,
1109,prosa,,,1,"Additional limitations include the zero-shot evaluation of neural models. While this setup reflects realistic deployment constraints where annotated domain-specific data is unavailable, it leaves open",,,
1115,prosa,,,100,"We presented a systematic evaluation of retrieval methods for construction parametric catalogs, where small lexical or numeric differences determine success. Across 100 configurations and nearly 40,00",,,
1115,prosa,,,"40,000","We presented a systematic evaluation of retrieval methods for construction parametric catalogs, where small lexical or numeric differences determine success. Across 100 configurations and nearly 40,00",,,
1115,prosa,,,97.4%,"We presented a systematic evaluation of retrieval methods for construction parametric catalogs, where small lexical or numeric differences determine success. Across 100 configurations and nearly 40,00",,,
1115,prosa,,,1,"We presented a systematic evaluation of retrieval methods for construction parametric catalogs, where small lexical or numeric differences determine success. Across 100 configurations and nearly 40,00",,,
1115,prosa,,,44.8%,"We presented a systematic evaluation of retrieval methods for construction parametric catalogs, where small lexical or numeric differences determine success. Across 100 configurations and nearly 40,00",,,
1115,prosa,,,52,"We presented a systematic evaluation of retrieval methods for construction parametric catalogs, where small lexical or numeric differences determine success. Across 100 configurations and nearly 40,00",,,
1115,prosa,,,8,"We presented a systematic evaluation of retrieval methods for construction parametric catalogs, where small lexical or numeric differences determine success. Across 100 configurations and nearly 40,00",,,
1118,prosa,,,1,"For practitioners deploying search over construction catalogs, we recommend starting from a strong lexical baseline with domain-aware tokenization, synonym maps, and unit normalization—favoring simple",,,
1133,prosa,,,10.5281,\item https://doi.org/10.5281/zenodo.20277801,,,
1134,prosa,,,10.5281,\item https://doi.org/10.5281/zenodo.20277824,,,
1155,prosa,,,1,"\textBM25(q,d) = \sum_t \in q \textIDF(t) \cdot \fracf(t,d) \cdot (k_1 + 1)f(t,d) + k_1 \cdot (1 - b + b \cdot \frac|d|\textavgdl)",,,
1155,prosa,,,1,"\textBM25(q,d) = \sum_t \in q \textIDF(t) \cdot \fracf(t,d) \cdot (k_1 + 1)f(t,d) + k_1 \cdot (1 - b + b \cdot \frac|d|\textavgdl)",,,
1157,prosa,,,0.9,"where f(t,d) is the frequency of term t in document d, |d| is the document length, \textavgdl is the average document length in the collection, k_1 controls term frequency saturation (typically 0.9--2",,,
1157,prosa,,,2.0,"where f(t,d) is the frequency of term t in document d, |d| is the document length, \textavgdl is the average document length in the collection, k_1 controls term frequency saturation (typically 0.9--2",,,
1157,prosa,,,0.4,"where f(t,d) is the frequency of term t in document d, |d| is the document length, \textavgdl is the average document length in the collection, k_1 controls term frequency saturation (typically 0.9--2",,,
1157,prosa,,,0.8,"where f(t,d) is the frequency of term t in document d, |d| is the document length, \textavgdl is the average document length in the collection, k_1 controls term frequency saturation (typically 0.9--2",,,
1159,prosa,,,3,"Character n-gram variants of TF-IDF provide robustness to spelling variations and partial matches, particularly valuable in technical domains with abbreviations and compound terms ~\citemcnameeCharact",,,
1159,prosa,,,5,"Character n-gram variants of TF-IDF provide robustness to spelling variations and partial matches, particularly valuable in technical domains with abbreviations and compound terms ~\citemcnameeCharact",,,
1165,prosa,,,3,Relevance Model 3 (RM3) interpolates the original query with a relevance model estimated from top-ranked documents ~\citeabdul2004umass:,,,
1167,prosa,,,1,P(t|q') = \lambda P(t|q) + (1-\lambda) \sum_d \in R P(t|d) P(d|q),,,
1207,prosa,,,60,"where \textrank_r(d) is document d's position in ranking r, and k (typically 60) mitigates the impact of high rankings ~\citelin2021pretrained.",,,
1211,prosa,,,1,\textScore(d) = \alpha \cdot \textScore_\textlexical(d) + (1-\alpha) \cdot \textScore_\textdense(d),,,
1222,prosa,,,20,"Cross-encoders consistently outperform bi-encoders in effectiveness but require computing scores for each query-document pair, making them impractical for large collections. The standard approach empl",,,
1222,prosa,,,100,"Cross-encoders consistently outperform bi-encoders in effectiveness but require computing scores for each query-document pair, making them impractical for large collections. The standard approach empl",,,
1236,prosa,,,1,"\textnDCG@k = \frac\textDCG@k\textIDCG@k, \quad \textDCG@k = \sum_i=1^k \frac2^\textrel_i - 1\log_2(i+1)",,,
1236,prosa,,,1,"\textnDCG@k = \frac\textDCG@k\textIDCG@k, \quad \textDCG@k = \sum_i=1^k \frac2^\textrel_i - 1\log_2(i+1)",,,
1236,prosa,,,1,"\textnDCG@k = \frac\textDCG@k\textIDCG@k, \quad \textDCG@k = \sum_i=1^k \frac2^\textrel_i - 1\log_2(i+1)",,,
1240,prosa,,,1,"For technical domains where users expect exact matches, Precision@1 (Success@1) becomes critical, while Recall@k measures the system's ability to retrieve relevant items within reasonable examination ",,,
1240,prosa,,,1,"For technical domains where users expect exact matches, Precision@1 (Success@1) becomes critical, while Recall@k measures the system's ability to retrieve relevant items within reasonable examination ",,,
1246,prosa,,,"10,000","\item Resample queries with replacement B times (typically 10,000)",,,
1283,prosa,,,10.5281,"The BC3CAT benchmark is openly available in two archived repositories: the dataset and BC3/FIEBDC processing pipeline at https://github.com/cga-telice/bc3cat-dataset (archived on Zenodo, DOI: 10.5281/",,,
1283,prosa,,,10.5281,"The BC3CAT benchmark is openly available in two archived repositories: the dataset and BC3/FIEBDC processing pipeline at https://github.com/cga-telice/bc3cat-dataset (archived on Zenodo, DOI: 10.5281/",,,
