query_item_key,llm_condition,rules_hit,llm_hit,rules_error_type,llm_error_type
OEB020aaeba,llama_extract,0,1,E2-PARTIAL_EXTRACT,
OEB020aaebb,llama_extract,0,1,E2-PARTIAL_EXTRACT,
OEB020aaebc,llama_extract,0,1,E2-PARTIAL_EXTRACT,
OEB020aaeda,llama_extract,0,1,E2-PARTIAL_EXTRACT,
OEB020abeab,llama_extract,0,1,E2-PARTIAL_EXTRACT,
OEB020abeca,llama_extract,0,1,E2-PARTIAL_EXTRACT,
OEB020abeda,llama_extract,0,1,E2-PARTIAL_EXTRACT,
OEB020aceaa,llama_extract,0,1,E2-PARTIAL_EXTRACT,
OEB020aceac,llama_extract,0,1,E2-PARTIAL_EXTRACT,
OEB020acebb,llama_extract,0,1,E2-PARTIAL_EXTRACT,
OEB020aceca,llama_extract,0,1,E2-PARTIAL_EXTRACT,
OEB020acecb,llama_extract,0,1,E2-PARTIAL_EXTRACT,
OEB020aceda,llama_extract,0,1,E2-PARTIAL_EXTRACT,
OEB020acfbb,llama_extract,1,0,,E2-UNSPECIFIED
OEB020adeab,llama_extract,0,1,E2-PARTIAL_EXTRACT,
OEB020adecb,llama_extract,0,1,E2-PARTIAL_EXTRACT,
OEB020adedb,llama_extract,0,1,E2-PARTIAL_EXTRACT,
OEB020adfba,llama_extract,1,0,,E2-UNSPECIFIED
OEB020adfbb,llama_extract,1,0,,E2-UNSPECIFIED
OEB020aeeaa,llama_extract,0,1,E2-PARTIAL_EXTRACT,
OEB020aeecb,llama_extract,0,1,E2-PARTIAL_EXTRACT,
OEB020afeac,llama_extract,0,1,E2-PARTIAL_EXTRACT,
OEB020afeba,llama_extract,0,1,E2-PARTIAL_EXTRACT,
OEB020afebb,llama_extract,0,1,E2-PARTIAL_EXTRACT,
OEB020afebc,llama_extract,0,1,E2-PARTIAL_EXTRACT,
OEB020afedb,llama_extract,0,1,E2-PARTIAL_EXTRACT,
OEB020afedc,llama_extract,0,1,E2-PARTIAL_EXTRACT,
OEB020affba,llama_extract,1,0,,E2-UNSPECIFIED
OEB020ageaa,llama_extract,0,1,E2-PARTIAL_EXTRACT,
OEB020ageab,llama_extract,0,1,E2-PARTIAL_EXTRACT,
OEB020ageba,llama_extract,0,1,E2-PARTIAL_EXTRACT,
OEB020agecb,llama_extract,0,1,E2-PARTIAL_EXTRACT,
OEB020agedc,llama_extract,0,1,E2-PARTIAL_EXTRACT,
OEB020aheba,llama_extract,0,1,E2-PARTIAL_EXTRACT,
OEB020ahebb,llama_extract,0,1,E2-PARTIAL_EXTRACT,
OEB020ahecc,llama_extract,0,1,E2-PARTIAL_EXTRACT,
OEB020aheda,llama_extract,0,1,E2-PARTIAL_EXTRACT,
OEB020ahedc,llama_extract,0,1,E2-PARTIAL_EXTRACT,
OEB020ahfbb,llama_extract,1,0,,E2-UNSPECIFIED
OEB020baaac,llama_extract,1,0,,E2-UNSPECIFIED
OEB020baaca,llama_extract,1,0,,E2-UNSPECIFIED
OEB020babac,llama_extract,1,0,,E2-UNSPECIFIED
OEB020babba,llama_extract,1,0,,E2-UNSPECIFIED
OEB020babdb,llama_extract,1,0,,E2-UNSPECIFIED
OEB020bacaa,llama_extract,1,0,,E2-UNSPECIFIED
OEB020bacba,llama_extract,1,0,,E2-UNSPECIFIED
OEB020bacbc,llama_extract,1,0,,E2-UNSPECIFIED
OEB020bacca,llama_extract,1,0,,E2-UNSPECIFIED
OEB020baccb,llama_extract,1,0,,E2-UNSPECIFIED
OEB020baccc,llama_extract,1,0,,E2-UNSPECIFIED
OEB020bacdb,llama_extract,1,0,,E2-UNSPECIFIED
OEB020badaa,llama_extract,1,0,,E2-UNSPECIFIED
OEB020badab,llama_extract,1,0,,E2-UNSPECIFIED
OEB020baddb,llama_extract,1,0,,E2-UNSPECIFIED
OEB020bafab,llama_extract,1,0,,E2-UNSPECIFIED
OEB020bafba,llama_extract,1,0,,E2-UNSPECIFIED
OEB020bafdb,llama_extract,1,0,,E2-UNSPECIFIED
OEB020bbaca,llama_extract,1,0,,E2-UNSPECIFIED
OEB020bbacb,llama_extract,1,0,,E2-UNSPECIFIED
OEB020bbacc,llama_extract,1,0,,E2-UNSPECIFIED
OEB020bbadb,llama_extract,1,0,,E2-UNSPECIFIED
OEB020bbadc,llama_extract,1,0,,E2-UNSPECIFIED
OEB020bbbba,llama_extract,1,0,,E2-UNSPECIFIED
OEB020bbbbb,llama_extract,1,0,,E2-UNSPECIFIED
OEB020bbbcc,llama_extract,1,0,,E2-UNSPECIFIED
OEB020bbccb,llama_extract,1,0,,E2-UNSPECIFIED
OEB020bbdaa,llama_extract,1,0,,E2-UNSPECIFIED
OEB020bbdab,llama_extract,1,0,,E2-UNSPECIFIED
OEB020bbdca,llama_extract,1,0,,E2-UNSPECIFIED
OEB020bbdcb,llama_extract,1,0,,E2-UNSPECIFIED
OEB020bbdcc,llama_extract,1,0,,E2-UNSPECIFIED
OEB020bbddb,llama_extract,1,0,,E2-UNSPECIFIED
OEB020bbfba,llama_extract,1,0,,E2-UNSPECIFIED
OEB020bbfcb,llama_extract,1,0,,E2-UNSPECIFIED
OEB020bbfcc,llama_extract,1,0,,E2-UNSPECIFIED
OEB020bbfdb,llama_extract,1,0,,E2-UNSPECIFIED
OEB020bcaaa,llama_extract,1,0,,E2-UNSPECIFIED
OEB020bcaac,llama_extract,1,0,,E2-UNSPECIFIED
OEB020bcaba,llama_extract,1,0,,E2-UNSPECIFIED
OEB020bcabb,llama_extract,1,0,,E2-UNSPECIFIED
OEB020bcacb,llama_extract,1,0,,E2-UNSPECIFIED
OEB020bcada,llama_extract,1,0,,E2-UNSPECIFIED
OEB020bcadb,llama_extract,1,0,,E2-UNSPECIFIED
OEB020bcbaa,llama_extract,1,0,,E2-UNSPECIFIED
OEB020bcbbb,llama_extract,1,0,,E2-UNSPECIFIED
OEB020bcbca,llama_extract,1,0,,E2-UNSPECIFIED
OEB020bcbcc,llama_extract,1,0,,E2-UNSPECIFIED
OEB020bccaa,llama_extract,1,0,,E2-UNSPECIFIED
OEB020bccac,llama_extract,1,0,,E2-UNSPECIFIED
OEB020bccca,llama_extract,1,0,,E2-UNSPECIFIED
OEB020bcccc,llama_extract,1,0,,E2-UNSPECIFIED
OEB020bccdb,llama_extract,1,0,,E2-UNSPECIFIED
OEB020bccdc,llama_extract,1,0,,E2-UNSPECIFIED
OEB020bcdaa,llama_extract,1,0,,E2-UNSPECIFIED
OEB020bcdab,llama_extract,1,0,,E2-UNSPECIFIED
OEB020bcdac,llama_extract,1,0,,E2-UNSPECIFIED
OEB020bcdbc,llama_extract,1,0,,E2-UNSPECIFIED
OEB020bcdca,llama_extract,1,0,,E2-UNSPECIFIED
OEB020bcfac,llama_extract,1,0,,E2-UNSPECIFIED
OEB020bcfbb,llama_extract,1,0,,E2-UNSPECIFIED
OEB020bdaaa,llama_extract,1,0,,E2-UNSPECIFIED
OEB020bdaab,llama_extract,1,0,,E2-UNSPECIFIED
OEB020bdaca,llama_extract,1,0,,E2-UNSPECIFIED
OEB020bdadc,llama_extract,1,0,,E2-UNSPECIFIED
OEB020bdbba,llama_extract,1,0,,E2-UNSPECIFIED
OEB020bdbbc,llama_extract,1,0,,E2-UNSPECIFIED
OEB020bdbda,llama_extract,1,0,,E2-UNSPECIFIED
OEB020bdbdc,llama_extract,1,0,,E2-UNSPECIFIED
OEB020bdcba,llama_extract,1,0,,E2-UNSPECIFIED
OEB020bdcbc,llama_extract,1,0,,E2-UNSPECIFIED
OEB020bdccc,llama_extract,1,0,,E2-UNSPECIFIED
OEB020bdcda,llama_extract,1,0,,E2-UNSPECIFIED
OEB020bdcdb,llama_extract,1,0,,E2-UNSPECIFIED
OEB020bddab,llama_extract,1,0,,E2-UNSPECIFIED
OEB020bddac,llama_extract,1,0,,E2-UNSPECIFIED
OEB020bddbb,llama_extract,1,0,,E2-UNSPECIFIED
OEB020bddca,llama_extract,1,0,,E2-UNSPECIFIED
OEB020bddcb,llama_extract,1,0,,E2-UNSPECIFIED
OEB020bdddc,llama_extract,1,0,,E2-UNSPECIFIED
OEB020bdfab,llama_extract,1,0,,E2-UNSPECIFIED
OEB020bdfba,llama_extract,1,0,,E2-UNSPECIFIED
OEB020bdfbb,llama_extract,1,0,,E2-UNSPECIFIED
OEB020bdfbc,llama_extract,1,0,,E2-UNSPECIFIED
OEB020bdfda,llama_extract,1,0,,E2-UNSPECIFIED
OEB020beaab,llama_extract,1,0,,E2-UNSPECIFIED
OEB020beaac,llama_extract,1,0,,E2-UNSPECIFIED
OEB020beacc,llama_extract,1,0,,E2-UNSPECIFIED
OEB020beadb,llama_extract,1,0,,E2-UNSPECIFIED
OEB020bebab,llama_extract,1,0,,E2-UNSPECIFIED
OEB020bebac,llama_extract,1,0,,E2-UNSPECIFIED
OEB020bebbb,llama_extract,1,0,,E2-UNSPECIFIED
OEB020bebcc,llama_extract,1,0,,E2-UNSPECIFIED
OEB020bebdb,llama_extract,1,0,,E2-UNSPECIFIED
OEB020becbc,llama_extract,1,0,,E2-UNSPECIFIED
OEB020beccb,llama_extract,1,0,,E2-UNSPECIFIED
OEB020beccc,llama_extract,1,0,,E2-UNSPECIFIED
OEB020bedaa,llama_extract,1,0,,E2-UNSPECIFIED
OEB020bedab,llama_extract,1,0,,E2-UNSPECIFIED
OEB020bedbc,llama_extract,1,0,,E2-UNSPECIFIED
OEB020bedcc,llama_extract,1,0,,E2-UNSPECIFIED
OEB020bedda,llama_extract,1,0,,E2-UNSPECIFIED
OEB020beddb,llama_extract,1,0,,E2-UNSPECIFIED
OEB020befaa,llama_extract,1,0,,E2-UNSPECIFIED
OEB020befab,llama_extract,1,0,,E2-UNSPECIFIED
OEB020befcb,llama_extract,1,0,,E2-UNSPECIFIED
OEB020befcc,llama_extract,1,0,,E2-UNSPECIFIED
OEB020befda,llama_extract,1,0,,E2-UNSPECIFIED
OEB020befdb,llama_extract,1,0,,E2-UNSPECIFIED
OEB020befdc,llama_extract,1,0,,E2-UNSPECIFIED
OEB020bfaba,llama_extract,1,0,,E2-UNSPECIFIED
OEB020bfabc,llama_extract,1,0,,E2-UNSPECIFIED
OEB020bfaca,llama_extract,1,0,,E2-UNSPECIFIED
OEB020bfacb,llama_extract,1,0,,E2-UNSPECIFIED
OEB020bfacc,llama_extract,1,0,,E2-UNSPECIFIED
OEB020bfada,llama_extract,1,0,,E2-UNSPECIFIED
OEB020bfbaa,llama_extract,1,0,,E2-UNSPECIFIED
OEB020bfbab,llama_extract,1,0,,E2-UNSPECIFIED
OEB020bfbbc,llama_extract,1,0,,E2-UNSPECIFIED
OEB020bfbdc,llama_extract,1,0,,E2-UNSPECIFIED
OEB020bfcab,llama_extract,1,0,,E2-UNSPECIFIED
OEB020bfcac,llama_extract,1,0,,E2-UNSPECIFIED
OEB020bfcbc,llama_extract,1,0,,E2-UNSPECIFIED
OEB020bfccb,llama_extract,1,0,,E2-UNSPECIFIED
OEB020bfccc,llama_extract,1,0,,E2-UNSPECIFIED
OEB020bfcdc,llama_extract,1,0,,E2-UNSPECIFIED
OEB020bfdaa,llama_extract,1,0,,E2-UNSPECIFIED
OEB020bfdab,llama_extract,1,0,,E2-UNSPECIFIED
OEB020bfdba,llama_extract,1,0,,E2-UNSPECIFIED
OEB020bfdcc,llama_extract,1,0,,E2-UNSPECIFIED
OEB020bfddb,llama_extract,1,0,,E2-UNSPECIFIED
OEB020bffda,llama_extract,1,0,,E2-UNSPECIFIED
OEB020bffdb,llama_extract,1,0,,E2-UNSPECIFIED
OEB020bgaaa,llama_extract,1,0,,E2-UNSPECIFIED
OEB020bgaba,llama_extract,1,0,,E2-UNSPECIFIED
OEB020bgabb,llama_extract,1,0,,E2-UNSPECIFIED
OEB020bgaca,llama_extract,1,0,,E2-UNSPECIFIED
OEB020bgacb,llama_extract,1,0,,E2-UNSPECIFIED
OEB020bgacc,llama_extract,1,0,,E2-UNSPECIFIED
OEB020bgbab,llama_extract,1,0,,E2-UNSPECIFIED
OEB020bgbbc,llama_extract,1,0,,E2-UNSPECIFIED
OEB020bgbcb,llama_extract,1,0,,E2-UNSPECIFIED
OEB020bgbda,llama_extract,1,0,,E2-UNSPECIFIED
OEB020bgbdb,llama_extract,1,0,,E2-UNSPECIFIED
OEB020bgcac,llama_extract,1,0,,E2-UNSPECIFIED
OEB020bgcba,llama_extract,1,0,,E2-UNSPECIFIED
OEB020bgccb,llama_extract,1,0,,E2-UNSPECIFIED
OEB020bgcdc,llama_extract,1,0,,E2-UNSPECIFIED
OEB020bgdba,llama_extract,1,0,,E2-UNSPECIFIED
OEB020bgdbb,llama_extract,1,0,,E2-UNSPECIFIED
OEB020bgdca,llama_extract,1,0,,E2-UNSPECIFIED
OEB020bgddb,llama_extract,1,0,,E2-UNSPECIFIED
OEB020bgfaa,llama_extract,1,0,,E2-UNSPECIFIED
OEB020bgfbb,llama_extract,1,0,,E2-UNSPECIFIED
OEB020bgfca,llama_extract,1,0,,E2-UNSPECIFIED
OEB020bgfdc,llama_extract,1,0,,E2-UNSPECIFIED
OEB020bhaac,llama_extract,1,0,,E2-UNSPECIFIED
OEB020bhacc,llama_extract,1,0,,E2-UNSPECIFIED
OEB020bhada,llama_extract,1,0,,E2-UNSPECIFIED
OEB020bhadb,llama_extract,1,0,,E2-UNSPECIFIED
OEB020bhadc,llama_extract,1,0,,E2-UNSPECIFIED
OEB020bhbab,llama_extract,1,0,,E2-UNSPECIFIED
OEB020bhbba,llama_extract,1,0,,E2-UNSPECIFIED
OEB020bhbbb,llama_extract,1,0,,E2-UNSPECIFIED
OEB020bhbcc,llama_extract,1,0,,E2-UNSPECIFIED
OEB020bhbdc,llama_extract,1,0,,E2-UNSPECIFIED
OEB020bhcaa,llama_extract,1,0,,E2-UNSPECIFIED
OEB020bhcac,llama_extract,1,0,,E2-UNSPECIFIED
OEB020bhcbb,llama_extract,1,0,,E2-UNSPECIFIED
OEB020bhcbc,llama_extract,1,0,,E2-UNSPECIFIED
OEB020bhcda,llama_extract,1,0,,E2-UNSPECIFIED
OEB020bhcdc,llama_extract,1,0,,E2-UNSPECIFIED
OEB020bhdbb,llama_extract,1,0,,E2-UNSPECIFIED
OEB020bhdbc,llama_extract,1,0,,E2-UNSPECIFIED
OEB020bhdcc,llama_extract,1,0,,E2-UNSPECIFIED
OEB020bhdda,llama_extract,1,0,,E2-UNSPECIFIED
OEB020bhfbb,llama_extract,1,0,,E2-UNSPECIFIED
OEB020bhfbc,llama_extract,1,0,,E2-UNSPECIFIED
OEB020bhfca,llama_extract,1,0,,E2-UNSPECIFIED
OEB020bhfcb,llama_extract,1,0,,E2-UNSPECIFIED
OEB020bhfcc,llama_extract,1,0,,E2-UNSPECIFIED
OEB020caabb,llama_extract,1,0,,E2-UNSPECIFIED
OEB020caabc,llama_extract,1,0,,E2-UNSPECIFIED
OEB020caaca,llama_extract,1,0,,E2-UNSPECIFIED
OEB020caada,llama_extract,1,0,,E2-UNSPECIFIED
OEB020caadb,llama_extract,1,0,,E2-UNSPECIFIED
OEB020caadc,llama_extract,1,0,,E2-UNSPECIFIED
OEB020cabaa,llama_extract,1,0,,E2-UNSPECIFIED
OEB020cabab,llama_extract,1,0,,E2-UNSPECIFIED
OEB020cabba,llama_extract,1,0,,E2-UNSPECIFIED
OEB020cabca,llama_extract,1,0,,E2-UNSPECIFIED
OEB020cabcb,llama_extract,1,0,,E2-UNSPECIFIED
OEB020cabcc,llama_extract,1,0,,E2-UNSPECIFIED
OEB020cacaa,llama_extract,1,0,,E2-UNSPECIFIED
OEB020cacba,llama_extract,1,0,,E2-UNSPECIFIED
OEB020caccc,llama_extract,1,0,,E2-UNSPECIFIED
OEB020cacdb,llama_extract,1,0,,E2-UNSPECIFIED
OEB020cadcb,llama_extract,1,0,,E2-UNSPECIFIED
OEB020cafab,llama_extract,1,0,,E2-UNSPECIFIED
OEB020cafac,llama_extract,1,0,,E2-UNSPECIFIED
OEB020cafdb,llama_extract,1,0,,E2-UNSPECIFIED
OEB020cbaab,llama_extract,1,0,,E2-UNSPECIFIED
OEB020cbabb,llama_extract,1,0,,E2-UNSPECIFIED
OEB020cbabc,llama_extract,1,0,,E2-UNSPECIFIED
OEB020cbaca,llama_extract,1,0,,E2-UNSPECIFIED
OEB020cbada,llama_extract,1,0,,E2-UNSPECIFIED
OEB020cbadc,llama_extract,1,0,,E2-UNSPECIFIED
OEB020cbbca,llama_extract,1,0,,E2-UNSPECIFIED
OEB020cbcbb,llama_extract,1,0,,E2-UNSPECIFIED
OEB020cbcbc,llama_extract,1,0,,E2-UNSPECIFIED
OEB020cbccc,llama_extract,1,0,,E2-UNSPECIFIED
OEB020cbcda,llama_extract,1,0,,E2-UNSPECIFIED
OEB020cbcdb,llama_extract,1,0,,E2-UNSPECIFIED
OEB020cbcdc,llama_extract,1,0,,E2-UNSPECIFIED
OEB020cbdaa,llama_extract,1,0,,E2-UNSPECIFIED
OEB020cbdba,llama_extract,1,0,,E2-UNSPECIFIED
OEB020cbdbb,llama_extract,1,0,,E2-UNSPECIFIED
OEB020cbdca,llama_extract,1,0,,E2-UNSPECIFIED
OEB020cbdcb,llama_extract,1,0,,E2-UNSPECIFIED
OEB020cbddb,llama_extract,1,0,,E2-UNSPECIFIED
OEB020cbddc,llama_extract,1,0,,E2-UNSPECIFIED
OEB020cbfab,llama_extract,1,0,,E2-UNSPECIFIED
OEB020cbfba,llama_extract,1,0,,E2-UNSPECIFIED
OEB020cbfda,llama_extract,1,0,,E2-UNSPECIFIED
OEB020ccaba,llama_extract,1,0,,E2-UNSPECIFIED
OEB020ccabb,llama_extract,1,0,,E2-UNSPECIFIED
OEB020ccabc,llama_extract,1,0,,E2-UNSPECIFIED
OEB020ccacb,llama_extract,1,0,,E2-UNSPECIFIED
OEB020ccada,llama_extract,1,0,,E2-UNSPECIFIED
OEB020ccbbc,llama_extract,1,0,,E2-UNSPECIFIED
OEB020ccbca,llama_extract,1,0,,E2-UNSPECIFIED
OEB020ccbcc,llama_extract,1,0,,E2-UNSPECIFIED
OEB020ccbdb,llama_extract,1,0,,E2-UNSPECIFIED
OEB020ccbdc,llama_extract,1,0,,E2-UNSPECIFIED
OEB020cccaa,llama_extract,1,0,,E2-UNSPECIFIED
OEB020cccab,llama_extract,1,0,,E2-UNSPECIFIED
OEB020cccbc,llama_extract,1,0,,E2-UNSPECIFIED
OEB020cccca,llama_extract,1,0,,E2-UNSPECIFIED
OEB020ccccc,llama_extract,1,0,,E2-UNSPECIFIED
OEB020cccda,llama_extract,1,0,,E2-UNSPECIFIED
OEB020cccdb,llama_extract,1,0,,E2-UNSPECIFIED
OEB020ccdaa,llama_extract,1,0,,E2-UNSPECIFIED
OEB020ccdab,llama_extract,1,0,,E2-UNSPECIFIED
OEB020ccdcb,llama_extract,1,0,,E2-UNSPECIFIED
OEB020ccfba,llama_extract,1,0,,E2-UNSPECIFIED
OEB020ccfda,llama_extract,1,0,,E2-UNSPECIFIED
OEB020ccfdc,llama_extract,1,0,,E2-UNSPECIFIED
OEB020cdaab,llama_extract,1,0,,E2-UNSPECIFIED
OEB020cdaac,llama_extract,1,0,,E2-UNSPECIFIED
OEB020cdabb,llama_extract,1,0,,E2-UNSPECIFIED
OEB020cdaca,llama_extract,1,0,,E2-UNSPECIFIED
OEB020cdada,llama_extract,1,0,,E2-UNSPECIFIED
OEB020cdadb,llama_extract,1,0,,E2-UNSPECIFIED
OEB020cdadc,llama_extract,1,0,,E2-UNSPECIFIED
OEB020cdbaa,llama_extract,1,0,,E2-UNSPECIFIED
OEB020cdbac,llama_extract,1,0,,E2-UNSPECIFIED
OEB020cdbbb,llama_extract,1,0,,E2-UNSPECIFIED
OEB020cdbcc,llama_extract,1,0,,E2-UNSPECIFIED
OEB020cdcaa,llama_extract,1,0,,E2-UNSPECIFIED
OEB020cdcab,llama_extract,1,0,,E2-UNSPECIFIED
OEB020cdcac,llama_extract,1,0,,E2-UNSPECIFIED
OEB020cdcba,llama_extract,1,0,,E2-UNSPECIFIED
OEB020cdcbb,llama_extract,1,0,,E2-UNSPECIFIED
OEB020cdcca,llama_extract,1,0,,E2-UNSPECIFIED
OEB020cdccb,llama_extract,1,0,,E2-UNSPECIFIED
OEB020cdccc,llama_extract,1,0,,E2-UNSPECIFIED
OEB020cddaa,llama_extract,1,0,,E2-UNSPECIFIED
OEB020cddab,llama_extract,1,0,,E2-UNSPECIFIED
OEB020cddbb,llama_extract,1,0,,E2-UNSPECIFIED
OEB020cddbc,llama_extract,1,0,,E2-UNSPECIFIED
OEB020cddcb,llama_extract,1,0,,E2-UNSPECIFIED
OEB020cddcc,llama_extract,1,0,,E2-UNSPECIFIED
OEB020cdddc,llama_extract,1,0,,E2-UNSPECIFIED
OEB020cdfaa,llama_extract,1,0,,E2-UNSPECIFIED
OEB020cdfac,llama_extract,1,0,,E2-UNSPECIFIED
OEB020cdfbc,llama_extract,1,0,,E2-UNSPECIFIED
OEB020cdfcb,llama_extract,1,0,,E2-UNSPECIFIED
OEB020cdfdb,llama_extract,1,0,,E2-UNSPECIFIED
OEB020cdfdc,llama_extract,1,0,,E2-UNSPECIFIED
OEB020ceaaa,llama_extract,1,0,,E2-UNSPECIFIED
OEB020ceabc,llama_extract,1,0,,E2-UNSPECIFIED
OEB020ceaca,llama_extract,1,0,,E2-UNSPECIFIED
OEB020ceacb,llama_extract,1,0,,E2-UNSPECIFIED
OEB020ceada,llama_extract,1,0,,E2-UNSPECIFIED
OEB020cebaa,llama_extract,1,0,,E2-UNSPECIFIED
OEB020cebbb,llama_extract,1,0,,E2-UNSPECIFIED
OEB020cebcc,llama_extract,1,0,,E2-UNSPECIFIED
OEB020cebdb,llama_extract,1,0,,E2-UNSPECIFIED
OEB020cecab,llama_extract,1,0,,E2-UNSPECIFIED
OEB020cecac,llama_extract,1,0,,E2-UNSPECIFIED
OEB020cecbc,llama_extract,1,0,,E2-UNSPECIFIED
OEB020ceccb,llama_extract,1,0,,E2-UNSPECIFIED
OEB020ceccc,llama_extract,1,0,,E2-UNSPECIFIED
OEB020cecda,llama_extract,1,0,,E2-UNSPECIFIED
OEB020cedac,llama_extract,1,0,,E2-UNSPECIFIED
OEB020cedba,llama_extract,1,0,,E2-UNSPECIFIED
OEB020cedbb,llama_extract,1,0,,E2-UNSPECIFIED
OEB020cedca,llama_extract,1,0,,E2-UNSPECIFIED
OEB020cedda,llama_extract,1,0,,E2-UNSPECIFIED
OEB020cefac,llama_extract,1,0,,E2-UNSPECIFIED
OEB020cefba,llama_extract,1,0,,E2-UNSPECIFIED
OEB020cfaaa,llama_extract,1,0,,E2-UNSPECIFIED
OEB020cfabb,llama_extract,1,0,,E2-UNSPECIFIED
OEB020cfaca,llama_extract,1,0,,E2-UNSPECIFIED
OEB020cfadb,llama_extract,1,0,,E2-UNSPECIFIED
OEB020cfbac,llama_extract,1,0,,E2-UNSPECIFIED
OEB020cfbcb,llama_extract,1,0,,E2-UNSPECIFIED
OEB020cfbcc,llama_extract,1,0,,E2-UNSPECIFIED
OEB020cfbdc,llama_extract,1,0,,E2-UNSPECIFIED
OEB020cfcaa,llama_extract,1,0,,E2-UNSPECIFIED
OEB020cfcab,llama_extract,1,0,,E2-UNSPECIFIED
OEB020cfcba,llama_extract,1,0,,E2-UNSPECIFIED
OEB020cfcbb,llama_extract,1,0,,E2-UNSPECIFIED
OEB020cfccc,llama_extract,1,0,,E2-UNSPECIFIED
OEB020cfcda,llama_extract,1,0,,E2-UNSPECIFIED
OEB020cfcdb,llama_extract,1,0,,E2-UNSPECIFIED
OEB020cfcdc,llama_extract,1,0,,E2-UNSPECIFIED
OEB020cfdaa,llama_extract,1,0,,E2-UNSPECIFIED
OEB020cfdbb,llama_extract,1,0,,E2-UNSPECIFIED
OEB020cfdca,llama_extract,1,0,,E2-UNSPECIFIED
OEB020cfdda,llama_extract,1,0,,E2-UNSPECIFIED
OEB020cfddb,llama_extract,1,0,,E2-UNSPECIFIED
OEB020cffaa,llama_extract,1,0,,E2-UNSPECIFIED
OEB020cffba,llama_extract,1,0,,E2-UNSPECIFIED
OEB020cffbb,llama_extract,1,0,,E2-UNSPECIFIED
OEB020cffca,llama_extract,1,0,,E2-UNSPECIFIED
OEB020cffda,llama_extract,1,0,,E2-UNSPECIFIED
OEB020cgaab,llama_extract,1,0,,E2-UNSPECIFIED
OEB020cgaca,llama_extract,1,0,,E2-UNSPECIFIED
OEB020cgacc,llama_extract,1,0,,E2-UNSPECIFIED
OEB020cgadc,llama_extract,1,0,,E2-UNSPECIFIED
OEB020cgbac,llama_extract,1,0,,E2-UNSPECIFIED
OEB020cgbbb,llama_extract,1,0,,E2-UNSPECIFIED
OEB020cgbda,llama_extract,1,0,,E2-UNSPECIFIED
OEB020cgcbc,llama_extract,1,0,,E2-UNSPECIFIED
OEB020cgcca,llama_extract,1,0,,E2-UNSPECIFIED
OEB020cgcda,llama_extract,1,0,,E2-UNSPECIFIED
OEB020cgdaa,llama_extract,1,0,,E2-UNSPECIFIED
OEB020cgdac,llama_extract,1,0,,E2-UNSPECIFIED
OEB020cgdca,llama_extract,1,0,,E2-UNSPECIFIED
OEB020cgdda,llama_extract,1,0,,E2-UNSPECIFIED
OEB020cgfaa,llama_extract,1,0,,E2-UNSPECIFIED
OEB020cgfca,llama_extract,1,0,,E2-UNSPECIFIED
OEB020cgfcc,llama_extract,1,0,,E2-UNSPECIFIED
OEB020cgfda,llama_extract,1,0,,E2-UNSPECIFIED
OEB020cgfdc,llama_extract,1,0,,E2-UNSPECIFIED
OEB020chaab,llama_extract,1,0,,E2-UNSPECIFIED
OEB020chaba,llama_extract,1,0,,E2-UNSPECIFIED
OEB020chaca,llama_extract,1,0,,E2-UNSPECIFIED
OEB020chacb,llama_extract,1,0,,E2-UNSPECIFIED
OEB020chacc,llama_extract,1,0,,E2-UNSPECIFIED
OEB020chadb,llama_extract,1,0,,E2-UNSPECIFIED
OEB020chbab,llama_extract,1,0,,E2-UNSPECIFIED
OEB020chbdb,llama_extract,1,0,,E2-UNSPECIFIED
OEB020chbdc,llama_extract,1,0,,E2-UNSPECIFIED
OEB020chcaa,llama_extract,1,0,,E2-UNSPECIFIED
OEB020chcab,llama_extract,1,0,,E2-UNSPECIFIED
OEB020chcbc,llama_extract,1,0,,E2-UNSPECIFIED
OEB020chcca,llama_extract,1,0,,E2-UNSPECIFIED
OEB020chcda,llama_extract,1,0,,E2-UNSPECIFIED
OEB020chdaa,llama_extract,1,0,,E2-UNSPECIFIED
OEB020chdac,llama_extract,1,0,,E2-UNSPECIFIED
OEB020chdcb,llama_extract,1,0,,E2-UNSPECIFIED
OEB020chdda,llama_extract,1,0,,E2-UNSPECIFIED
OEB020chddc,llama_extract,1,0,,E2-UNSPECIFIED
OEB020chfac,llama_extract,1,0,,E2-UNSPECIFIED
OEB020chfbb,llama_extract,1,0,,E2-UNSPECIFIED
OEB020chfcb,llama_extract,1,0,,E2-UNSPECIFIED
OEB020daaac,llama_extract,1,0,,E2-UNSPECIFIED
OEB020dabaa,llama_extract,1,0,,E2-UNSPECIFIED
OEB020dabba,llama_extract,1,0,,E2-UNSPECIFIED
OEB020dabbc,llama_extract,1,0,,E2-UNSPECIFIED
OEB020dacab,llama_extract,1,0,,E2-UNSPECIFIED
OEB020dacdc,llama_extract,1,0,,E2-UNSPECIFIED
OEB020dadac,llama_extract,1,0,,E2-UNSPECIFIED
OEB020dadbb,llama_extract,1,0,,E2-UNSPECIFIED
OEB020dadca,llama_extract,1,0,,E2-UNSPECIFIED
OEB020dadda,llama_extract,1,0,,E2-UNSPECIFIED
OEB020daddb,llama_extract,1,0,,E2-UNSPECIFIED
OEB020daddc,llama_extract,1,0,,E2-UNSPECIFIED
OEB020dafab,llama_extract,1,0,,E2-UNSPECIFIED
OEB020dafac,llama_extract,1,0,,E2-UNSPECIFIED
OEB020dafbc,llama_extract,1,0,,E2-UNSPECIFIED
OEB020dafca,llama_extract,1,0,,E2-UNSPECIFIED
OEB020dafda,llama_extract,1,0,,E2-UNSPECIFIED
OEB020dafdc,llama_extract,1,0,,E2-UNSPECIFIED
OEB020dbaaa,llama_extract,1,0,,E2-UNSPECIFIED
OEB020dbaab,llama_extract,1,0,,E2-UNSPECIFIED
OEB020dbabb,llama_extract,1,0,,E2-UNSPECIFIED
OEB020dbaca,llama_extract,1,0,,E2-UNSPECIFIED
OEB020dbacc,llama_extract,1,0,,E2-UNSPECIFIED
OEB020dbadc,llama_extract,1,0,,E2-UNSPECIFIED
OEB020dbbaa,llama_extract,1,0,,E2-UNSPECIFIED
OEB020dbbcb,llama_extract,1,0,,E2-UNSPECIFIED
OEB020dbbda,llama_extract,1,0,,E2-UNSPECIFIED
OEB020dbbdc,llama_extract,1,0,,E2-UNSPECIFIED
OEB020dbcbb,llama_extract,1,0,,E2-UNSPECIFIED
OEB020dbccc,llama_extract,1,0,,E2-UNSPECIFIED
OEB020dbcda,llama_extract,1,0,,E2-UNSPECIFIED
OEB020dbdac,llama_extract,1,0,,E2-UNSPECIFIED
OEB020dbdbc,llama_extract,1,0,,E2-UNSPECIFIED
OEB020dbdda,llama_extract,1,0,,E2-UNSPECIFIED
OEB020dbddb,llama_extract,1,0,,E2-UNSPECIFIED
OEB020dbfaa,llama_extract,1,0,,E2-UNSPECIFIED
OEB020dbfbb,llama_extract,1,0,,E2-UNSPECIFIED
OEB020dbfca,llama_extract,1,0,,E2-UNSPECIFIED
OEB020dbfcc,llama_extract,1,0,,E2-UNSPECIFIED
OEB020dbfdb,llama_extract,1,0,,E2-UNSPECIFIED
OEB020dbfdc,llama_extract,1,0,,E2-UNSPECIFIED
OEB020dcabc,llama_extract,1,0,,E2-UNSPECIFIED
OEB020dcaca,llama_extract,1,0,,E2-UNSPECIFIED
OEB020dcacb,llama_extract,1,0,,E2-UNSPECIFIED
OEB020dcadb,llama_extract,1,0,,E2-UNSPECIFIED
OEB020dcadc,llama_extract,1,0,,E2-UNSPECIFIED
OEB020dcbac,llama_extract,1,0,,E2-UNSPECIFIED
OEB020dcbba,llama_extract,1,0,,E2-UNSPECIFIED
OEB020dcbda,llama_extract,1,0,,E2-UNSPECIFIED
OEB020dcbdb,llama_extract,1,0,,E2-UNSPECIFIED
OEB020dccbb,llama_extract,1,0,,E2-UNSPECIFIED
OEB020dcdac,llama_extract,1,0,,E2-UNSPECIFIED
OEB020dcdbb,llama_extract,1,0,,E2-UNSPECIFIED
OEB020dcdbc,llama_extract,1,0,,E2-UNSPECIFIED
OEB020dcfba,llama_extract,1,0,,E2-UNSPECIFIED
OEB020dcfbb,llama_extract,1,0,,E2-UNSPECIFIED
OEB020dcfca,llama_extract,1,0,,E2-UNSPECIFIED
OEB020dcfda,llama_extract,1,0,,E2-UNSPECIFIED
OEB020ddaaa,llama_extract,1,0,,E2-UNSPECIFIED
OEB020ddaca,llama_extract,1,0,,E2-UNSPECIFIED
OEB020ddadb,llama_extract,1,0,,E2-UNSPECIFIED
OEB020ddbaa,llama_extract,1,0,,E2-UNSPECIFIED
OEB020ddbab,llama_extract,1,0,,E2-UNSPECIFIED
OEB020ddbac,llama_extract,1,0,,E2-UNSPECIFIED
OEB020ddbba,llama_extract,1,0,,E2-UNSPECIFIED
OEB020ddbcb,llama_extract,1,0,,E2-UNSPECIFIED
OEB020ddbdc,llama_extract,1,0,,E2-UNSPECIFIED
OEB020ddcbc,llama_extract,1,0,,E2-UNSPECIFIED
OEB020ddcca,llama_extract,1,0,,E2-UNSPECIFIED
OEB020ddccb,llama_extract,1,0,,E2-UNSPECIFIED
OEB020ddccc,llama_extract,1,0,,E2-UNSPECIFIED
OEB020ddcdc,llama_extract,1,0,,E2-UNSPECIFIED
OEB020dddac,llama_extract,1,0,,E2-UNSPECIFIED
OEB020dddba,llama_extract,1,0,,E2-UNSPECIFIED
OEB020dddca,llama_extract,1,0,,E2-UNSPECIFIED
OEB020dddda,llama_extract,1,0,,E2-UNSPECIFIED
OEB020ddddb,llama_extract,1,0,,E2-UNSPECIFIED
OEB020ddddc,llama_extract,1,0,,E2-UNSPECIFIED
OEB020ddfaa,llama_extract,1,0,,E2-UNSPECIFIED
OEB020ddfcb,llama_extract,1,0,,E2-UNSPECIFIED
OEB020deaaa,llama_extract,1,0,,E2-UNSPECIFIED
OEB020deacb,llama_extract,1,0,,E2-UNSPECIFIED
OEB020deada,llama_extract,1,0,,E2-UNSPECIFIED
OEB020debca,llama_extract,1,0,,E2-UNSPECIFIED
OEB020debcb,llama_extract,1,0,,E2-UNSPECIFIED
OEB020debcc,llama_extract,1,0,,E2-UNSPECIFIED
OEB020debda,llama_extract,1,0,,E2-UNSPECIFIED
OEB020decab,llama_extract,1,0,,E2-UNSPECIFIED
OEB020decdc,llama_extract,1,0,,E2-UNSPECIFIED
OEB020dedab,llama_extract,1,0,,E2-UNSPECIFIED
OEB020dedac,llama_extract,1,0,,E2-UNSPECIFIED
OEB020dedbb,llama_extract,1,0,,E2-UNSPECIFIED
OEB020dedbc,llama_extract,1,0,,E2-UNSPECIFIED
OEB020deddc,llama_extract,1,0,,E2-UNSPECIFIED
OEB020defaa,llama_extract,1,0,,E2-UNSPECIFIED
OEB020defab,llama_extract,1,0,,E2-UNSPECIFIED
OEB020defba,llama_extract,1,0,,E2-UNSPECIFIED
OEB020defbb,llama_extract,1,0,,E2-UNSPECIFIED
OEB020defdb,llama_extract,1,0,,E2-UNSPECIFIED
OEB020dfaba,llama_extract,1,0,,E2-UNSPECIFIED
OEB020dfabb,llama_extract,1,0,,E2-UNSPECIFIED
OEB020dfabc,llama_extract,1,0,,E2-UNSPECIFIED
OEB020dfada,llama_extract,1,0,,E2-UNSPECIFIED
OEB020dfadb,llama_extract,1,0,,E2-UNSPECIFIED
OEB020dfadc,llama_extract,1,0,,E2-UNSPECIFIED
OEB020dfbab,llama_extract,1,0,,E2-UNSPECIFIED
OEB020dfbcc,llama_extract,1,0,,E2-UNSPECIFIED
OEB020dfbdc,llama_extract,1,0,,E2-UNSPECIFIED
OEB020dfcac,llama_extract,1,0,,E2-UNSPECIFIED
OEB020dfcba,llama_extract,1,0,,E2-UNSPECIFIED
OEB020dfcbc,llama_extract,1,0,,E2-UNSPECIFIED
OEB020dfccc,llama_extract,1,0,,E2-UNSPECIFIED
OEB020dfcdb,llama_extract,1,0,,E2-UNSPECIFIED
OEB020dfcdc,llama_extract,1,0,,E2-UNSPECIFIED
OEB020dfdaa,llama_extract,1,0,,E2-UNSPECIFIED
OEB020dfdba,llama_extract,1,0,,E2-UNSPECIFIED
OEB020dfdbb,llama_extract,1,0,,E2-UNSPECIFIED
OEB020dfdcb,llama_extract,1,0,,E2-UNSPECIFIED
OEB020dfdcc,llama_extract,1,0,,E2-UNSPECIFIED
OEB020dfddc,llama_extract,1,0,,E2-UNSPECIFIED
OEB020dffaa,llama_extract,1,0,,E2-UNSPECIFIED
OEB020dffac,llama_extract,1,0,,E2-UNSPECIFIED
OEB020dffcc,llama_extract,1,0,,E2-UNSPECIFIED
OEB020dgaac,llama_extract,1,0,,E2-UNSPECIFIED
OEB020dgaba,llama_extract,1,0,,E2-UNSPECIFIED
OEB020dgabb,llama_extract,1,0,,E2-UNSPECIFIED
OEB020dgacb,llama_extract,1,0,,E2-UNSPECIFIED
OEB020dgacc,llama_extract,1,0,,E2-UNSPECIFIED
OEB020dgadc,llama_extract,1,0,,E2-UNSPECIFIED
OEB020dgbab,llama_extract,1,0,,E2-UNSPECIFIED
OEB020dgbbb,llama_extract,1,0,,E2-UNSPECIFIED
OEB020dgbbc,llama_extract,1,0,,E2-UNSPECIFIED
OEB020dgcbc,llama_extract,1,0,,E2-UNSPECIFIED
OEB020dgccc,llama_extract,1,0,,E2-UNSPECIFIED
OEB020dgcda,llama_extract,1,0,,E2-UNSPECIFIED
OEB020dgcdc,llama_extract,1,0,,E2-UNSPECIFIED
OEB020dgdab,llama_extract,1,0,,E2-UNSPECIFIED
OEB020dgdca,llama_extract,1,0,,E2-UNSPECIFIED
OEB020dgdcc,llama_extract,1,0,,E2-UNSPECIFIED
OEB020dgfab,llama_extract,1,0,,E2-UNSPECIFIED
OEB020dgfac,llama_extract,1,0,,E2-UNSPECIFIED
OEB020dgfcb,llama_extract,1,0,,E2-UNSPECIFIED
OEB020dgfda,llama_extract,1,0,,E2-UNSPECIFIED
OEB020dhaac,llama_extract,1,0,,E2-UNSPECIFIED
OEB020dhabb,llama_extract,1,0,,E2-UNSPECIFIED
OEB020dhabc,llama_extract,1,0,,E2-UNSPECIFIED
OEB020dhacc,llama_extract,1,0,,E2-UNSPECIFIED
OEB020dhada,llama_extract,1,0,,E2-UNSPECIFIED
OEB020dhbac,llama_extract,1,0,,E2-UNSPECIFIED
OEB020dhbba,llama_extract,1,0,,E2-UNSPECIFIED
OEB020dhbbb,llama_extract,1,0,,E2-UNSPECIFIED
OEB020dhbcb,llama_extract,1,0,,E2-UNSPECIFIED
OEB020dhbdc,llama_extract,1,0,,E2-UNSPECIFIED
OEB020dhcab,llama_extract,1,0,,E2-UNSPECIFIED
OEB020dhcac,llama_extract,1,0,,E2-UNSPECIFIED
OEB020dhcba,llama_extract,1,0,,E2-UNSPECIFIED
OEB020dhcbc,llama_extract,1,0,,E2-UNSPECIFIED
OEB020dhccb,llama_extract,1,0,,E2-UNSPECIFIED
OEB020dhcdb,llama_extract,1,0,,E2-UNSPECIFIED
OEB020dhdaa,llama_extract,1,0,,E2-UNSPECIFIED
OEB020dhdba,llama_extract,1,0,,E2-UNSPECIFIED
OEB020dhdbb,llama_extract,1,0,,E2-UNSPECIFIED
OEB020dhdcc,llama_extract,1,0,,E2-UNSPECIFIED
OEB020dhdda,llama_extract,1,0,,E2-UNSPECIFIED
OEB020dhddb,llama_extract,1,0,,E2-UNSPECIFIED
OEB020dhfaa,llama_extract,1,0,,E2-UNSPECIFIED
OEB020dhfac,llama_extract,1,0,,E2-UNSPECIFIED
OEB020dhfdb,llama_extract,1,0,,E2-UNSPECIFIED
OEB020eaeac,llama_extract,0,1,E2-PARTIAL_EXTRACT,
OEB020eaeba,llama_extract,0,1,E2-PARTIAL_EXTRACT,
OEB020eaebb,llama_extract,0,1,E2-PARTIAL_EXTRACT,
OEB020eaebc,llama_extract,0,1,E2-PARTIAL_EXTRACT,
OEB020eaeca,llama_extract,0,1,E2-PARTIAL_EXTRACT,
OEB020ebeaa,llama_extract,0,1,E2-PARTIAL_EXTRACT,
OEB020ebeba,llama_extract,0,1,E2-PARTIAL_EXTRACT,
OEB020ebeca,llama_extract,0,1,E2-PARTIAL_EXTRACT,
OEB020ebecb,llama_extract,0,1,E2-PARTIAL_EXTRACT,
OEB020ebedc,llama_extract,0,1,E2-PARTIAL_EXTRACT,
OEB020ebfba,llama_extract,1,0,,E2-UNSPECIFIED
OEB020eceaa,llama_extract,0,1,E2-PARTIAL_EXTRACT,
OEB020eceab,llama_extract,0,1,E2-PARTIAL_EXTRACT,
OEB020eceba,llama_extract,0,1,E2-PARTIAL_EXTRACT,
OEB020ecebb,llama_extract,0,1,E2-PARTIAL_EXTRACT,
OEB020ecedc,llama_extract,0,1,E2-PARTIAL_EXTRACT,
OEB020ecfbb,llama_extract,1,0,,E2-UNSPECIFIED
OEB020ecfbc,llama_extract,1,0,,E2-UNSPECIFIED
OEB020edeac,llama_extract,0,1,E2-PARTIAL_EXTRACT,
OEB020edeca,llama_extract,0,1,E2-PARTIAL_EXTRACT,
OEB020edecb,llama_extract,0,1,E2-PARTIAL_EXTRACT,
OEB020ededa,llama_extract,0,1,E2-PARTIAL_EXTRACT,
OEB020edfba,llama_extract,1,0,,E2-UNSPECIFIED
OEB020edfbb,llama_extract,1,0,,E2-UNSPECIFIED
OEB020eeeaa,llama_extract,0,1,E2-PARTIAL_EXTRACT,
OEB020eeebb,llama_extract,0,1,E2-PARTIAL_EXTRACT,
OEB020eeeca,llama_extract,0,1,E2-PARTIAL_EXTRACT,
OEB020eeecc,llama_extract,0,1,E2-PARTIAL_EXTRACT,
OEB020efeaa,llama_extract,0,1,E2-PARTIAL_EXTRACT,
OEB020efeab,llama_extract,0,1,E2-PARTIAL_EXTRACT,
OEB020efeba,llama_extract,0,1,E2-PARTIAL_EXTRACT,
OEB020efebc,llama_extract,0,1,E2-PARTIAL_EXTRACT,
OEB020efedb,llama_extract,0,1,E2-PARTIAL_EXTRACT,
OEB020efedc,llama_extract,0,1,E2-PARTIAL_EXTRACT,
OEB020effbb,llama_extract,1,0,,E2-UNSPECIFIED
OEB020egebc,llama_extract,0,1,E2-PARTIAL_EXTRACT,
OEB020egedc,llama_extract,0,1,E2-PARTIAL_EXTRACT,
OEB020eheaa,llama_extract,0,1,E2-PARTIAL_EXTRACT,
OEB020eheab,llama_extract,0,1,E2-PARTIAL_EXTRACT,
OEB020eheac,llama_extract,0,1,E2-PARTIAL_EXTRACT,
OEB020eheba,llama_extract,0,1,E2-PARTIAL_EXTRACT,
OEB020ehebc,llama_extract,0,1,E2-PARTIAL_EXTRACT,
OEB020eheda,llama_extract,0,1,E2-PARTIAL_EXTRACT,
OEB020ehedb,llama_extract,0,1,E2-PARTIAL_EXTRACT,
OEB020ehedc,llama_extract,0,1,E2-PARTIAL_EXTRACT,
OEB020ehfbc,llama_extract,1,0,,E2-UNSPECIFIED
OEB020faada,llama_extract,1,0,,E2-UNSPECIFIED
OEB020faeaa,llama_extract,0,1,E2-PARTIAL_EXTRACT,
OEB020faeba,llama_extract,0,1,E2-PARTIAL_EXTRACT,
OEB020faeca,llama_extract,0,1,E2-PARTIAL_EXTRACT,
OEB020faecc,llama_extract,0,1,E2-PARTIAL_EXTRACT,
OEB020faeda,llama_extract,0,1,E2-PARTIAL_EXTRACT,
OEB020fbadb,llama_extract,1,0,,E2-UNSPECIFIED
OEB020fbbcb,llama_extract,1,0,,E2-UNSPECIFIED
OEB020fbbcc,llama_extract,1,0,,E2-UNSPECIFIED
OEB020fbbdb,llama_extract,1,0,,E2-UNSPECIFIED
OEB020fbbdc,llama_extract,1,0,,E2-UNSPECIFIED
OEB020fbcca,llama_extract,1,0,,E2-UNSPECIFIED
OEB020fbccb,llama_extract,1,0,,E2-UNSPECIFIED
OEB020fbccc,llama_extract,1,0,,E2-UNSPECIFIED
OEB020fbcda,llama_extract,1,0,,E2-UNSPECIFIED
OEB020fbcdb,llama_extract,1,0,,E2-UNSPECIFIED
OEB020fbdcb,llama_extract,1,0,,E2-UNSPECIFIED
OEB020fbddb,llama_extract,1,0,,E2-UNSPECIFIED
OEB020fbeaa,llama_extract,0,1,E2-PARTIAL_EXTRACT,
OEB020fbeba,llama_extract,0,1,E2-PARTIAL_EXTRACT,
OEB020fbebb,llama_extract,0,1,E2-PARTIAL_EXTRACT,
OEB020fbfaa,llama_extract,1,0,,E2-UNSPECIFIED
OEB020fbfba,llama_extract,1,0,,E2-UNSPECIFIED
OEB020fbfbc,llama_extract,1,0,,E2-UNSPECIFIED
OEB020fbfca,llama_extract,1,0,,E2-UNSPECIFIED
OEB020fbfcc,llama_extract,1,0,,E2-UNSPECIFIED
OEB020fcbda,llama_extract,1,0,,E2-UNSPECIFIED
OEB020fcbdb,llama_extract,1,0,,E2-UNSPECIFIED
OEB020fccdc,llama_extract,1,0,,E2-UNSPECIFIED
OEB020fcdbb,llama_extract,1,0,,E2-UNSPECIFIED
OEB020fceab,llama_extract,0,1,E2-PARTIAL_EXTRACT,
OEB020fcebc,llama_extract,0,1,E2-PARTIAL_EXTRACT,
OEB020fceca,llama_extract,0,1,E2-PARTIAL_EXTRACT,
OEB020fcedb,llama_extract,0,1,E2-PARTIAL_EXTRACT,
OEB020fcfac,llama_extract,1,0,,E2-UNSPECIFIED
OEB020fcfcc,llama_extract,1,0,,E2-UNSPECIFIED
OEB020fcfdc,llama_extract,1,0,,E2-UNSPECIFIED
OEB020fdabb,llama_extract,1,0,,E2-UNSPECIFIED
OEB020fdaca,llama_extract,1,0,,E2-UNSPECIFIED
OEB020fdacc,llama_extract,1,0,,E2-UNSPECIFIED
OEB020fdadb,llama_extract,1,0,,E2-UNSPECIFIED
OEB020fdbdb,llama_extract,1,0,,E2-UNSPECIFIED
OEB020fdcba,llama_extract,1,0,,E2-UNSPECIFIED
OEB020fdcbb,llama_extract,1,0,,E2-UNSPECIFIED
OEB020fddaa,llama_extract,1,0,,E2-UNSPECIFIED
OEB020fddbb,llama_extract,1,0,,E2-UNSPECIFIED
OEB020fdddb,llama_extract,1,0,,E2-UNSPECIFIED
OEB020fdddc,llama_extract,1,0,,E2-UNSPECIFIED
OEB020fdeab,llama_extract,0,1,E2-PARTIAL_EXTRACT,
OEB020fdfac,llama_extract,1,0,,E2-UNSPECIFIED
OEB020fdfba,llama_extract,1,0,,E2-UNSPECIFIED
OEB020fdfca,llama_extract,1,0,,E2-UNSPECIFIED
OEB020fecda,llama_extract,1,0,,E2-UNSPECIFIED
OEB020feecb,llama_extract,0,1,E2-PARTIAL_EXTRACT,
OEB020feecc,llama_extract,0,1,E2-PARTIAL_EXTRACT,
OEB020feeda,llama_extract,0,1,E2-PARTIAL_EXTRACT,
OEB020feedc,llama_extract,0,1,E2-PARTIAL_EXTRACT,
OEB020fefac,llama_extract,1,0,,E2-UNSPECIFIED
OEB020fefcc,llama_extract,1,0,,E2-UNSPECIFIED
OEB020ffdbb,llama_extract,1,0,,E2-UNSPECIFIED
OEB020ffeac,llama_extract,0,1,E2-PARTIAL_EXTRACT,
OEB020ffeba,llama_extract,0,1,E2-PARTIAL_EXTRACT,
OEB020ffeda,llama_extract,0,1,E2-PARTIAL_EXTRACT,
OEB020ffedb,llama_extract,0,1,E2-PARTIAL_EXTRACT,
OEB020fgeaa,llama_extract,0,1,E2-PARTIAL_EXTRACT,
OEB020fgebb,llama_extract,0,1,E2-PARTIAL_EXTRACT,
OEB020fgebc,llama_extract,0,1,E2-PARTIAL_EXTRACT,
OEB020fgecc,llama_extract,0,1,E2-PARTIAL_EXTRACT,
OEB020fgedb,llama_extract,0,1,E2-PARTIAL_EXTRACT,
OEB020fhacc,llama_extract,1,0,,E2-UNSPECIFIED
OEB020fhbdc,llama_extract,1,0,,E2-UNSPECIFIED
OEB020fhcaa,llama_extract,1,0,,E2-UNSPECIFIED
OEB020fhccc,llama_extract,1,0,,E2-UNSPECIFIED
OEB020fhdca,llama_extract,1,0,,E2-UNSPECIFIED
OEB020fhdcb,llama_extract,1,0,,E2-UNSPECIFIED
OEB020fheab,llama_extract,0,1,E2-PARTIAL_EXTRACT,
OEB020fhfbc,llama_extract,1,0,,E2-UNSPECIFIED
OEB020fhfcc,llama_extract,1,0,,E2-UNSPECIFIED
OEB020gaaaa,llama_extract,1,0,,E2-UNSPECIFIED
OEB020gaacb,llama_extract,1,0,,E2-UNSPECIFIED
OEB020gaada,llama_extract,1,0,,E2-UNSPECIFIED
OEB020gabcb,llama_extract,1,0,,E2-UNSPECIFIED
OEB020gabcc,llama_extract,1,0,,E2-UNSPECIFIED
OEB020gacac,llama_extract,1,0,,E2-UNSPECIFIED
OEB020gacda,llama_extract,1,0,,E2-UNSPECIFIED
OEB020gacdb,llama_extract,1,0,,E2-UNSPECIFIED
OEB020gadaa,llama_extract,1,0,,E2-UNSPECIFIED
OEB020gaeba,llama_extract,0,1,E2-PARTIAL_EXTRACT,
OEB020gaecc,llama_extract,0,1,E2-PARTIAL_EXTRACT,
OEB020gafbc,llama_extract,1,0,,E2-UNSPECIFIED
OEB020gafcc,llama_extract,1,0,,E2-UNSPECIFIED
OEB020gbaab,llama_extract,1,0,,E2-UNSPECIFIED
OEB020gbaac,llama_extract,1,0,,E2-UNSPECIFIED
OEB020gbada,llama_extract,1,0,,E2-UNSPECIFIED
OEB020gbbac,llama_extract,1,0,,E2-UNSPECIFIED
OEB020gbbca,llama_extract,1,0,,E2-UNSPECIFIED
OEB020gbbcc,llama_extract,1,0,,E2-UNSPECIFIED
OEB020gbbdb,llama_extract,1,0,,E2-UNSPECIFIED
OEB020gbcaa,llama_extract,1,0,,E2-UNSPECIFIED
OEB020gbccc,llama_extract,1,0,,E2-UNSPECIFIED
OEB020gbcda,llama_extract,1,0,,E2-UNSPECIFIED
OEB020gbcdb,llama_extract,1,0,,E2-UNSPECIFIED
OEB020gbcdc,llama_extract,1,0,,E2-UNSPECIFIED
OEB020gbdac,llama_extract,1,0,,E2-UNSPECIFIED
OEB020gbdba,llama_extract,1,0,,E2-UNSPECIFIED
OEB020gbdcb,llama_extract,1,0,,E2-UNSPECIFIED
OEB020gbddb,llama_extract,1,0,,E2-UNSPECIFIED
OEB020gbddc,llama_extract,1,0,,E2-UNSPECIFIED
OEB020gbfab,llama_extract,1,0,,E2-UNSPECIFIED
OEB020gbfba,llama_extract,1,0,,E2-UNSPECIFIED
OEB020gbfbb,llama_extract,1,0,,E2-UNSPECIFIED
OEB020gbfbc,llama_extract,1,0,,E2-UNSPECIFIED
OEB020gbfcc,llama_extract,1,0,,E2-UNSPECIFIED
OEB020gbfda,llama_extract,1,0,,E2-UNSPECIFIED
OEB020gbfdc,llama_extract,1,0,,E2-UNSPECIFIED
OEB020gcabb,llama_extract,1,0,,E2-UNSPECIFIED
OEB020gcadb,llama_extract,1,0,,E2-UNSPECIFIED
OEB020gcbcc,llama_extract,1,0,,E2-UNSPECIFIED
OEB020gcbda,llama_extract,1,0,,E2-UNSPECIFIED
OEB020gccab,llama_extract,1,0,,E2-UNSPECIFIED
OEB020gccdc,llama_extract,1,0,,E2-UNSPECIFIED
OEB020gcdca,llama_extract,1,0,,E2-UNSPECIFIED
OEB020gcdcb,llama_extract,1,0,,E2-UNSPECIFIED
OEB020gcdcc,llama_extract,1,0,,E2-UNSPECIFIED
OEB020gdaba,llama_extract,1,0,,E2-UNSPECIFIED
OEB020gdacb,llama_extract,1,0,,E2-UNSPECIFIED
OEB020gdacc,llama_extract,1,0,,E2-UNSPECIFIED
OEB020gdadb,llama_extract,1,0,,E2-UNSPECIFIED
OEB020gdbaa,llama_extract,1,0,,E2-UNSPECIFIED
OEB020gdbab,llama_extract,1,0,,E2-UNSPECIFIED
OEB020gdbac,llama_extract,1,0,,E2-UNSPECIFIED
OEB020gdbba,llama_extract,1,0,,E2-UNSPECIFIED
OEB020gdbbc,llama_extract,1,0,,E2-UNSPECIFIED
OEB020gdcaa,llama_extract,1,0,,E2-UNSPECIFIED
OEB020gdcab,llama_extract,1,0,,E2-UNSPECIFIED
OEB020gdcbc,llama_extract,1,0,,E2-UNSPECIFIED
OEB020gdcda,llama_extract,1,0,,E2-UNSPECIFIED
OEB020gdcdc,llama_extract,1,0,,E2-UNSPECIFIED
OEB020gddca,llama_extract,1,0,,E2-UNSPECIFIED
OEB020gddcc,llama_extract,1,0,,E2-UNSPECIFIED
OEB020gddda,llama_extract,1,0,,E2-UNSPECIFIED
OEB020gdddc,llama_extract,1,0,,E2-UNSPECIFIED
OEB020gdfab,llama_extract,1,0,,E2-UNSPECIFIED
OEB020gdfba,llama_extract,1,0,,E2-UNSPECIFIED
OEB020gdfcc,llama_extract,1,0,,E2-UNSPECIFIED
OEB020gdfdc,llama_extract,1,0,,E2-UNSPECIFIED
OEB020geadb,llama_extract,1,0,,E2-UNSPECIFIED
OEB020geeba,llama_extract,0,1,E2-PARTIAL_EXTRACT,
OEB020gfaac,llama_extract,1,0,,E2-UNSPECIFIED
OEB020gfada,llama_extract,1,0,,E2-UNSPECIFIED
OEB020gfbca,llama_extract,1,0,,E2-UNSPECIFIED
OEB020gfeaa,llama_extract,0,1,E2-PARTIAL_EXTRACT,
OEB020gfeba,llama_extract,0,1,E2-PARTIAL_EXTRACT,
OEB020gfedc,llama_extract,0,1,E2-PARTIAL_EXTRACT,
OEB020gffbc,llama_extract,1,0,,E2-UNSPECIFIED
OEB020ggada,llama_extract,1,0,,E2-UNSPECIFIED
OEB020ggadb,llama_extract,1,0,,E2-UNSPECIFIED
OEB020ggbdb,llama_extract,1,0,,E2-UNSPECIFIED
OEB020ggcda,llama_extract,1,0,,E2-UNSPECIFIED
OEB020ggcdc,llama_extract,1,0,,E2-UNSPECIFIED
OEB020ggddc,llama_extract,1,0,,E2-UNSPECIFIED
OEB020ggeaa,llama_extract,0,1,E2-PARTIAL_EXTRACT,
OEB020ggeba,llama_extract,0,1,E2-PARTIAL_EXTRACT,
OEB020ghaab,llama_extract,1,0,,E2-UNSPECIFIED
OEB020ghacc,llama_extract,1,0,,E2-UNSPECIFIED
OEB020ghadb,llama_extract,1,0,,E2-UNSPECIFIED
OEB020ghbcb,llama_extract,1,0,,E2-UNSPECIFIED
OEB020ghbcc,llama_extract,1,0,,E2-UNSPECIFIED
OEB020ghcab,llama_extract,1,0,,E2-UNSPECIFIED
OEB020ghccb,llama_extract,1,0,,E2-UNSPECIFIED
OEB020ghccc,llama_extract,1,0,,E2-UNSPECIFIED
OEB020ghcdb,llama_extract,1,0,,E2-UNSPECIFIED
OEB020ghdca,llama_extract,1,0,,E2-UNSPECIFIED
OEB020ghdcb,llama_extract,1,0,,E2-UNSPECIFIED
OEB020gheba,llama_extract,0,1,E2-PARTIAL_EXTRACT,
OEB020ghfab,llama_extract,1,0,,E2-UNSPECIFIED
OEB020ghfac,llama_extract,1,0,,E2-UNSPECIFIED
OEB020ghfcb,llama_extract,1,0,,E2-UNSPECIFIED
OEB020ghfda,llama_extract,1,0,,E2-UNSPECIFIED
OEB020ghfdb,llama_extract,1,0,,E2-UNSPECIFIED
OEB020hacba,llama_extract,1,0,,E2-UNSPECIFIED
OEB020haeca,llama_extract,0,1,E2-PARTIAL_EXTRACT,
OEB020haeda,llama_extract,0,1,E2-PARTIAL_EXTRACT,
OEB020haedb,llama_extract,0,1,E2-PARTIAL_EXTRACT,
OEB020hafaa,llama_extract,1,0,,E2-UNSPECIFIED
OEB020hbaca,llama_extract,1,0,,E2-UNSPECIFIED
OEB020hbacc,llama_extract,1,0,,E2-UNSPECIFIED
OEB020hbbca,llama_extract,1,0,,E2-UNSPECIFIED
OEB020hbbdb,llama_extract,1,0,,E2-UNSPECIFIED
OEB020hbcaa,llama_extract,1,0,,E2-UNSPECIFIED
OEB020hbcac,llama_extract,1,0,,E2-UNSPECIFIED
OEB020hbcca,llama_extract,1,0,,E2-UNSPECIFIED
OEB020hbcda,llama_extract,1,0,,E2-UNSPECIFIED
OEB020hbcdb,llama_extract,1,0,,E2-UNSPECIFIED
OEB020hbcdc,llama_extract,1,0,,E2-UNSPECIFIED
OEB020hbdab,llama_extract,1,0,,E2-UNSPECIFIED
OEB020hbdbb,llama_extract,1,0,,E2-UNSPECIFIED
OEB020hbdcb,llama_extract,1,0,,E2-UNSPECIFIED
OEB020hbddc,llama_extract,1,0,,E2-UNSPECIFIED
OEB020hbeaa,llama_extract,0,1,E2-PARTIAL_EXTRACT,
OEB020hbedb,llama_extract,0,1,E2-PARTIAL_EXTRACT,
OEB020hbedc,llama_extract,0,1,E2-PARTIAL_EXTRACT,
OEB020hbfab,llama_extract,1,0,,E2-UNSPECIFIED
OEB020hbfba,llama_extract,1,0,,E2-UNSPECIFIED
OEB020hbfcb,llama_extract,1,0,,E2-UNSPECIFIED
OEB020hbfdc,llama_extract,1,0,,E2-UNSPECIFIED
OEB020hcacb,llama_extract,1,0,,E2-UNSPECIFIED
OEB020hcadb,llama_extract,1,0,,E2-UNSPECIFIED
OEB020hcbca,llama_extract,1,0,,E2-UNSPECIFIED
OEB020hcbda,llama_extract,1,0,,E2-UNSPECIFIED
OEB020hcbdc,llama_extract,1,0,,E2-UNSPECIFIED
OEB020hccdc,llama_extract,1,0,,E2-UNSPECIFIED
OEB020hcdba,llama_extract,1,0,,E2-UNSPECIFIED
OEB020hcdcb,llama_extract,1,0,,E2-UNSPECIFIED
OEB020hceab,llama_extract,0,1,E2-PARTIAL_EXTRACT,
OEB020hceca,llama_extract,0,1,E2-PARTIAL_EXTRACT,
OEB020hceda,llama_extract,0,1,E2-PARTIAL_EXTRACT,
OEB020hcedb,llama_extract,0,1,E2-PARTIAL_EXTRACT,
OEB020hcedc,llama_extract,0,1,E2-PARTIAL_EXTRACT,
OEB020hcfac,llama_extract,1,0,,E2-UNSPECIFIED
OEB020hcfcc,llama_extract,1,0,,E2-UNSPECIFIED
OEB020hcfdc,llama_extract,1,0,,E2-UNSPECIFIED
OEB020hdaba,llama_extract,1,0,,E2-UNSPECIFIED
OEB020hdaca,llama_extract,1,0,,E2-UNSPECIFIED
OEB020hdacb,llama_extract,1,0,,E2-UNSPECIFIED
OEB020hdbcb,llama_extract,1,0,,E2-UNSPECIFIED
OEB020hdbdc,llama_extract,1,0,,E2-UNSPECIFIED
OEB020hdcab,llama_extract,1,0,,E2-UNSPECIFIED
OEB020hdcac,llama_extract,1,0,,E2-UNSPECIFIED
OEB020hdcba,llama_extract,1,0,,E2-UNSPECIFIED
OEB020hdcca,llama_extract,1,0,,E2-UNSPECIFIED
OEB020hddac,llama_extract,1,0,,E2-UNSPECIFIED
OEB020hddba,llama_extract,1,0,,E2-UNSPECIFIED
OEB020hddbb,llama_extract,1,0,,E2-UNSPECIFIED
OEB020hddca,llama_extract,1,0,,E2-UNSPECIFIED
OEB020hdfaa,llama_extract,1,0,,E2-UNSPECIFIED
OEB020hdfbb,llama_extract,1,0,,E2-UNSPECIFIED
OEB020hdfda,llama_extract,1,0,,E2-UNSPECIFIED
OEB020hdfdc,llama_extract,1,0,,E2-UNSPECIFIED
OEB020heeab,llama_extract,0,1,E2-PARTIAL_EXTRACT,
OEB020heecb,llama_extract,0,1,E2-PARTIAL_EXTRACT,
OEB020heedb,llama_extract,0,1,E2-PARTIAL_EXTRACT,
OEB020hefac,llama_extract,1,0,,E2-UNSPECIFIED
OEB020hfdba,llama_extract,1,0,,E2-UNSPECIFIED
OEB020hfdbb,llama_extract,1,0,,E2-UNSPECIFIED
OEB020hfeab,llama_extract,0,1,E2-PARTIAL_EXTRACT,
OEB020hfeba,llama_extract,0,1,E2-PARTIAL_EXTRACT,
OEB020hfebc,llama_extract,0,1,E2-PARTIAL_EXTRACT,
OEB020hfedb,llama_extract,0,1,E2-PARTIAL_EXTRACT,
OEB020hfedc,llama_extract,0,1,E2-PARTIAL_EXTRACT,
OEB020hffac,llama_extract,1,0,,E2-UNSPECIFIED
OEB020hffbc,llama_extract,1,0,,E2-UNSPECIFIED
OEB020hgccb,llama_extract,1,0,,E2-UNSPECIFIED
OEB020hgeaa,llama_extract,0,1,E2-PARTIAL_EXTRACT,
OEB020hgecb,llama_extract,0,1,E2-PARTIAL_EXTRACT,
OEB020hgecc,llama_extract,0,1,E2-PARTIAL_EXTRACT,
OEB020hgedb,llama_extract,0,1,E2-PARTIAL_EXTRACT,
OEB020hgfcc,llama_extract,1,0,,E2-UNSPECIFIED
OEB020hhacc,llama_extract,1,0,,E2-UNSPECIFIED
OEB020hhadb,llama_extract,1,0,,E2-UNSPECIFIED
OEB020hhbcb,llama_extract,1,0,,E2-UNSPECIFIED
OEB020hhcdc,llama_extract,1,0,,E2-UNSPECIFIED
OEB020hheaa,llama_extract,0,1,E2-PARTIAL_EXTRACT,
OEB020hheba,llama_extract,0,1,E2-PARTIAL_EXTRACT,
OEB020hhedc,llama_extract,0,1,E2-PARTIAL_EXTRACT,
OEB020hhfbc,llama_extract,1,0,,E2-UNSPECIFIED
OEB020hhfcc,llama_extract,1,0,,E2-UNSPECIFIED
OEB030aaebb,llama_extract,0,1,E2-PARTIAL_EXTRACT,
OEB030aaebc,llama_extract,0,1,E2-PARTIAL_EXTRACT,
OEB030aaeca,llama_extract,0,1,E2-PARTIAL_EXTRACT,
OEB030abebb,llama_extract,0,1,E2-PARTIAL_EXTRACT,
OEB030abebc,llama_extract,0,1,E2-PARTIAL_EXTRACT,
OEB030abedb,llama_extract,0,1,E2-PARTIAL_EXTRACT,
OEB030acbba,llama_extract,1,0,,E2-UNSPECIFIED
OEB030acdbb,llama_extract,1,0,,E2-UNSPECIFIED
OEB030aceab,llama_extract,0,1,E2-PARTIAL_EXTRACT,
OEB030acebb,llama_extract,0,1,E2-PARTIAL_EXTRACT,
OEB030aceca,llama_extract,0,1,E2-PARTIAL_EXTRACT,
OEB030acecb,llama_extract,0,1,E2-PARTIAL_EXTRACT,
OEB030acecc,llama_extract,0,1,E2-PARTIAL_EXTRACT,
OEB030adeaa,llama_extract,0,1,E2-PARTIAL_EXTRACT,
OEB030adeac,llama_extract,0,1,E2-PARTIAL_EXTRACT,
OEB030adebb,llama_extract,0,1,E2-PARTIAL_EXTRACT,
OEB030adedb,llama_extract,0,1,E2-PARTIAL_EXTRACT,
OEB030aeeaa,llama_extract,0,1,E2-PARTIAL_EXTRACT,
OEB030aeeca,llama_extract,0,1,E2-PARTIAL_EXTRACT,
OEB030aeecb,llama_extract,0,1,E2-PARTIAL_EXTRACT,
OEB030aeecc,llama_extract,0,1,E2-PARTIAL_EXTRACT,
OEB030afeaa,llama_extract,0,1,E2-PARTIAL_EXTRACT,
OEB030afeab,llama_extract,0,1,E2-PARTIAL_EXTRACT,
OEB030afebb,llama_extract,0,1,E2-PARTIAL_EXTRACT,
OEB030afeca,llama_extract,0,1,E2-PARTIAL_EXTRACT,
OEB030afecb,llama_extract,0,1,E2-PARTIAL_EXTRACT,
OEB030afecc,llama_extract,0,1,E2-PARTIAL_EXTRACT,
OEB030afedc,llama_extract,0,1,E2-PARTIAL_EXTRACT,
OEB030ageab,llama_extract,0,1,E2-PARTIAL_EXTRACT,
OEB030agecc,llama_extract,0,1,E2-PARTIAL_EXTRACT,
OEB030ageda,llama_extract,0,1,E2-PARTIAL_EXTRACT,
OEB030agedb,llama_extract,0,1,E2-PARTIAL_EXTRACT,
OEB030agedc,llama_extract,0,1,E2-PARTIAL_EXTRACT,
OEB030ahdbb,llama_extract,1,0,,E2-UNSPECIFIED
OEB030aheab,llama_extract,0,1,E2-PARTIAL_EXTRACT,
OEB030aheba,llama_extract,0,1,E2-PARTIAL_EXTRACT,
OEB030ahebb,llama_extract,0,1,E2-PARTIAL_EXTRACT,
OEB030ahebc,llama_extract,0,1,E2-PARTIAL_EXTRACT,
OEB030ahecc,llama_extract,0,1,E2-PARTIAL_EXTRACT,
OEB030aheda,llama_extract,0,1,E2-PARTIAL_EXTRACT,
OEB030ahedc,llama_extract,0,1,E2-PARTIAL_EXTRACT,
OEB030babbb,llama_extract,1,0,,E2-UNSPECIFIED
OEB030baeba,llama_extract,0,1,E2-PARTIAL_EXTRACT,
OEB030baedb,llama_extract,0,1,E2-PARTIAL_EXTRACT,
OEB030baedc,llama_extract,0,1,E2-PARTIAL_EXTRACT,
OEB030bbeab,llama_extract,0,1,E2-PARTIAL_EXTRACT,
OEB030bbeba,llama_extract,0,1,E2-PARTIAL_EXTRACT,
OEB030bbebb,llama_extract,0,1,E2-PARTIAL_EXTRACT,
OEB030bbebc,llama_extract,0,1,E2-PARTIAL_EXTRACT,
OEB030bbecb,llama_extract,0,1,E2-PARTIAL_EXTRACT,
OEB030bbeda,llama_extract,0,1,E2-PARTIAL_EXTRACT,
OEB030bcdbb,llama_extract,1,0,,E2-UNSPECIFIED
OEB030bceaa,llama_extract,0,1,E2-PARTIAL_EXTRACT,
OEB030bceab,llama_extract,0,1,E2-PARTIAL_EXTRACT,
OEB030bceac,llama_extract,0,1,E2-PARTIAL_EXTRACT,
OEB030bcecb,llama_extract,0,1,E2-PARTIAL_EXTRACT,
OEB030bdbbb,llama_extract,1,0,,E2-UNSPECIFIED
OEB030bdeaa,llama_extract,0,1,E2-PARTIAL_EXTRACT,
OEB030bdeab,llama_extract,0,1,E2-PARTIAL_EXTRACT,
OEB030bdebc,llama_extract,0,1,E2-PARTIAL_EXTRACT,
OEB030bdedb,llama_extract,0,1,E2-PARTIAL_EXTRACT,
OEB030beeac,llama_extract,0,1,E2-PARTIAL_EXTRACT,
OEB030beeba,llama_extract,0,1,E2-PARTIAL_EXTRACT,
OEB030beecb,llama_extract,0,1,E2-PARTIAL_EXTRACT,
OEB030beedb,llama_extract,0,1,E2-PARTIAL_EXTRACT,
OEB030beedc,llama_extract,0,1,E2-PARTIAL_EXTRACT,
OEB030bfeaa,llama_extract,0,1,E2-PARTIAL_EXTRACT,
OEB030bfeba,llama_extract,0,1,E2-PARTIAL_EXTRACT,
OEB030bgeab,llama_extract,0,1,E2-PARTIAL_EXTRACT,
OEB030bgeac,llama_extract,0,1,E2-PARTIAL_EXTRACT,
OEB030bgeba,llama_extract,0,1,E2-PARTIAL_EXTRACT,
OEB030bgebb,llama_extract,0,1,E2-PARTIAL_EXTRACT,
OEB030bgebc,llama_extract,0,1,E2-PARTIAL_EXTRACT,
OEB030bgeca,llama_extract,0,1,E2-PARTIAL_EXTRACT,
OEB030bgedb,llama_extract,0,1,E2-PARTIAL_EXTRACT,
OEB030bheaa,llama_extract,0,1,E2-PARTIAL_EXTRACT,
OEB030bheac,llama_extract,0,1,E2-PARTIAL_EXTRACT,
OEB030bheba,llama_extract,0,1,E2-PARTIAL_EXTRACT,
OEB030bhecc,llama_extract,0,1,E2-PARTIAL_EXTRACT,
OEB030bheda,llama_extract,0,1,E2-PARTIAL_EXTRACT,
OEB030bhedb,llama_extract,0,1,E2-PARTIAL_EXTRACT,
OEB030caaac,llama_extract,1,0,,E2-UNSPECIFIED
OEB030caaca,llama_extract,1,0,,E2-UNSPECIFIED
OEB030caada,llama_extract,1,0,,E2-UNSPECIFIED
OEB030cabbb,llama_extract,1,0,,E2-UNSPECIFIED
OEB030cacab,llama_extract,1,0,,E2-UNSPECIFIED
OEB030caccb,llama_extract,1,0,,E2-UNSPECIFIED
OEB030cadaa,llama_extract,1,0,,E2-UNSPECIFIED
OEB030cadab,llama_extract,1,0,,E2-UNSPECIFIED
OEB030cadcb,llama_extract,1,0,,E2-UNSPECIFIED
OEB030cadcc,llama_extract,1,0,,E2-UNSPECIFIED
OEB030cadda,llama_extract,1,0,,E2-UNSPECIFIED
OEB030caddb,llama_extract,1,0,,E2-UNSPECIFIED
OEB030cafaa,llama_extract,1,0,,E2-UNSPECIFIED
OEB030cafba,llama_extract,1,0,,E2-UNSPECIFIED
OEB030cafbc,llama_extract,1,0,,E2-UNSPECIFIED
OEB030cafda,llama_extract,1,0,,E2-UNSPECIFIED
OEB030cbaba,llama_extract,1,0,,E2-UNSPECIFIED
OEB030cbabb,llama_extract,1,0,,E2-UNSPECIFIED
OEB030cbacb,llama_extract,1,0,,E2-UNSPECIFIED
OEB030cbacc,llama_extract,1,0,,E2-UNSPECIFIED
OEB030cbada,llama_extract,1,0,,E2-UNSPECIFIED
OEB030cbadb,llama_extract,1,0,,E2-UNSPECIFIED
OEB030cbbaa,llama_extract,1,0,,E2-UNSPECIFIED
OEB030cbbab,llama_extract,1,0,,E2-UNSPECIFIED
OEB030cbbac,llama_extract,1,0,,E2-UNSPECIFIED
OEB030cbbba,llama_extract,1,0,,E2-UNSPECIFIED
OEB030cbbcb,llama_extract,1,0,,E2-UNSPECIFIED
OEB030cbbdb,llama_extract,1,0,,E2-UNSPECIFIED
OEB030cbbdc,llama_extract,1,0,,E2-UNSPECIFIED
OEB030cbcaa,llama_extract,1,0,,E2-UNSPECIFIED
OEB030cbcab,llama_extract,1,0,,E2-UNSPECIFIED
OEB030cbcac,llama_extract,1,0,,E2-UNSPECIFIED
OEB030cbcbb,llama_extract,1,0,,E2-UNSPECIFIED
OEB030cbcbc,llama_extract,1,0,,E2-UNSPECIFIED
OEB030cbccb,llama_extract,1,0,,E2-UNSPECIFIED
OEB030cbccc,llama_extract,1,0,,E2-UNSPECIFIED
OEB030cbcda,llama_extract,1,0,,E2-UNSPECIFIED
OEB030cbdaa,llama_extract,1,0,,E2-UNSPECIFIED
OEB030cbdbb,llama_extract,1,0,,E2-UNSPECIFIED
OEB030cbdcb,llama_extract,1,0,,E2-UNSPECIFIED
OEB030cbddc,llama_extract,1,0,,E2-UNSPECIFIED
OEB030cbfaa,llama_extract,1,0,,E2-UNSPECIFIED
OEB030cbfab,llama_extract,1,0,,E2-UNSPECIFIED
OEB030cbfbc,llama_extract,1,0,,E2-UNSPECIFIED
OEB030cbfca,llama_extract,1,0,,E2-UNSPECIFIED
OEB030cbfdb,llama_extract,1,0,,E2-UNSPECIFIED
OEB030cbfdc,llama_extract,1,0,,E2-UNSPECIFIED
OEB030ccaab,llama_extract,1,0,,E2-UNSPECIFIED
OEB030ccaba,llama_extract,1,0,,E2-UNSPECIFIED
OEB030ccacb,llama_extract,1,0,,E2-UNSPECIFIED
OEB030ccada,llama_extract,1,0,,E2-UNSPECIFIED
OEB030ccbab,llama_extract,1,0,,E2-UNSPECIFIED
OEB030ccbcb,llama_extract,1,0,,E2-UNSPECIFIED
OEB030ccbdb,llama_extract,1,0,,E2-UNSPECIFIED
OEB030cccaa,llama_extract,1,0,,E2-UNSPECIFIED
OEB030ccdab,llama_extract,1,0,,E2-UNSPECIFIED
OEB030ccdba,llama_extract,1,0,,E2-UNSPECIFIED
OEB030ccdca,llama_extract,1,0,,E2-UNSPECIFIED
OEB030ccdcc,llama_extract,1,0,,E2-UNSPECIFIED
OEB030ccebc,llama_extract,0,1,E2-PARTIAL_EXTRACT,
OEB030cceca,llama_extract,0,1,E2-PARTIAL_EXTRACT,
OEB030ccecb,llama_extract,0,1,E2-PARTIAL_EXTRACT,
OEB030ccedc,llama_extract,0,1,E2-PARTIAL_EXTRACT,
OEB030ccfbb,llama_extract,1,0,,E2-UNSPECIFIED
OEB030ccfbc,llama_extract,1,0,,E2-UNSPECIFIED
OEB030ccfcb,llama_extract,1,0,,E2-UNSPECIFIED
OEB030ccfda,llama_extract,1,0,,E2-UNSPECIFIED
OEB030cdaaa,llama_extract,1,0,,E2-UNSPECIFIED
OEB030cdaca,llama_extract,1,0,,E2-UNSPECIFIED
OEB030cdacc,llama_extract,1,0,,E2-UNSPECIFIED
OEB030cdada,llama_extract,1,0,,E2-UNSPECIFIED
OEB030cdadc,llama_extract,1,0,,E2-UNSPECIFIED
OEB030cdbaa,llama_extract,1,0,,E2-UNSPECIFIED
OEB030cdbbb,llama_extract,1,0,,E2-UNSPECIFIED
OEB030cdbcb,llama_extract,1,0,,E2-UNSPECIFIED
OEB030cdbcc,llama_extract,1,0,,E2-UNSPECIFIED
OEB030cdbdb,llama_extract,1,0,,E2-UNSPECIFIED
OEB030cdbdc,llama_extract,1,0,,E2-UNSPECIFIED
OEB030cdcaa,llama_extract,1,0,,E2-UNSPECIFIED
OEB030cdcac,llama_extract,1,0,,E2-UNSPECIFIED
OEB030cdcca,llama_extract,1,0,,E2-UNSPECIFIED
OEB030cdccb,llama_extract,1,0,,E2-UNSPECIFIED
OEB030cdcdc,llama_extract,1,0,,E2-UNSPECIFIED
OEB030cddbb,llama_extract,1,0,,E2-UNSPECIFIED
OEB030cddca,llama_extract,1,0,,E2-UNSPECIFIED
OEB030cddda,llama_extract,1,0,,E2-UNSPECIFIED
OEB030cdfac,llama_extract,1,0,,E2-UNSPECIFIED
OEB030cdfbb,llama_extract,1,0,,E2-UNSPECIFIED
OEB030cdfcc,llama_extract,1,0,,E2-UNSPECIFIED
OEB030cdfdc,llama_extract,1,0,,E2-UNSPECIFIED
OEB030cebbb,llama_extract,1,0,,E2-UNSPECIFIED
OEB030cecdb,llama_extract,1,0,,E2-UNSPECIFIED
OEB030cedca,llama_extract,1,0,,E2-UNSPECIFIED
OEB030cedda,llama_extract,1,0,,E2-UNSPECIFIED
OEB030ceeba,llama_extract,0,1,E2-PARTIAL_EXTRACT,
OEB030ceebc,llama_extract,0,1,E2-PARTIAL_EXTRACT,
OEB030cefba,llama_extract,1,0,,E2-UNSPECIFIED
OEB030cefcc,llama_extract,1,0,,E2-UNSPECIFIED
OEB030cfaaa,llama_extract,1,0,,E2-UNSPECIFIED
OEB030cfadb,llama_extract,1,0,,E2-UNSPECIFIED
OEB030cfadc,llama_extract,1,0,,E2-UNSPECIFIED
OEB030cfbca,llama_extract,1,0,,E2-UNSPECIFIED
OEB030cfbdc,llama_extract,1,0,,E2-UNSPECIFIED
OEB030cfcba,llama_extract,1,0,,E2-UNSPECIFIED
OEB030cfcbb,llama_extract,1,0,,E2-UNSPECIFIED
OEB030cfccb,llama_extract,1,0,,E2-UNSPECIFIED
OEB030cfdab,llama_extract,1,0,,E2-UNSPECIFIED
OEB030cfdbb,llama_extract,1,0,,E2-UNSPECIFIED
OEB030cfdbc,llama_extract,1,0,,E2-UNSPECIFIED
OEB030cfdcb,llama_extract,1,0,,E2-UNSPECIFIED
OEB030cfddb,llama_extract,1,0,,E2-UNSPECIFIED
OEB030cfedc,llama_extract,0,1,E2-PARTIAL_EXTRACT,
OEB030cffaa,llama_extract,1,0,,E2-UNSPECIFIED
OEB030cffab,llama_extract,1,0,,E2-UNSPECIFIED
OEB030cffba,llama_extract,1,0,,E2-UNSPECIFIED
OEB030cffbb,llama_extract,1,0,,E2-UNSPECIFIED
OEB030cffca,llama_extract,1,0,,E2-UNSPECIFIED
OEB030cffcc,llama_extract,1,0,,E2-UNSPECIFIED
OEB030cgaab,llama_extract,1,0,,E2-UNSPECIFIED
OEB030cgaca,llama_extract,1,0,,E2-UNSPECIFIED
OEB030cgacb,llama_extract,1,0,,E2-UNSPECIFIED
OEB030cgbba,llama_extract,1,0,,E2-UNSPECIFIED
OEB030cgbdb,llama_extract,1,0,,E2-UNSPECIFIED
OEB030cgcaa,llama_extract,1,0,,E2-UNSPECIFIED
OEB030cgdaa,llama_extract,1,0,,E2-UNSPECIFIED
OEB030cgdab,llama_extract,1,0,,E2-UNSPECIFIED
OEB030cgdca,llama_extract,1,0,,E2-UNSPECIFIED
OEB030cgdcb,llama_extract,1,0,,E2-UNSPECIFIED
OEB030cgebb,llama_extract,0,1,E2-PARTIAL_EXTRACT,
OEB030cgfab,llama_extract,1,0,,E2-UNSPECIFIED
OEB030chaaa,llama_extract,1,0,,E2-UNSPECIFIED
OEB030chacb,llama_extract,1,0,,E2-UNSPECIFIED
OEB030chadc,llama_extract,1,0,,E2-UNSPECIFIED
OEB030chcac,llama_extract,1,0,,E2-UNSPECIFIED
OEB030chcbc,llama_extract,1,0,,E2-UNSPECIFIED
OEB030chcca,llama_extract,1,0,,E2-UNSPECIFIED
OEB030chccc,llama_extract,1,0,,E2-UNSPECIFIED
OEB030chcda,llama_extract,1,0,,E2-UNSPECIFIED
OEB030chcdb,llama_extract,1,0,,E2-UNSPECIFIED
OEB030chdab,llama_extract,1,0,,E2-UNSPECIFIED
OEB030chdbb,llama_extract,1,0,,E2-UNSPECIFIED
OEB030chdca,llama_extract,1,0,,E2-UNSPECIFIED
OEB030chdcc,llama_extract,1,0,,E2-UNSPECIFIED
OEB030chddb,llama_extract,1,0,,E2-UNSPECIFIED
OEB030chddc,llama_extract,1,0,,E2-UNSPECIFIED
OEB030chfaa,llama_extract,1,0,,E2-UNSPECIFIED
OEB030chfab,llama_extract,1,0,,E2-UNSPECIFIED
OEB030chfbb,llama_extract,1,0,,E2-UNSPECIFIED
OEB030chfbc,llama_extract,1,0,,E2-UNSPECIFIED
OEB030chfcc,llama_extract,1,0,,E2-UNSPECIFIED
OEB030chfdb,llama_extract,1,0,,E2-UNSPECIFIED
OEB030daaaa,llama_extract,1,0,,E2-UNSPECIFIED
OEB030daaab,llama_extract,1,0,,E2-UNSPECIFIED
OEB030daacb,llama_extract,1,0,,E2-UNSPECIFIED
OEB030daada,llama_extract,1,0,,E2-UNSPECIFIED
OEB030daadc,llama_extract,1,0,,E2-UNSPECIFIED
OEB030dabaa,llama_extract,1,0,,E2-UNSPECIFIED
OEB030dabab,llama_extract,1,0,,E2-UNSPECIFIED
OEB030dabcb,llama_extract,1,0,,E2-UNSPECIFIED
OEB030dabda,llama_extract,1,0,,E2-UNSPECIFIED
OEB030dacab,llama_extract,1,0,,E2-UNSPECIFIED
OEB030dacba,llama_extract,1,0,,E2-UNSPECIFIED
OEB030dacbc,llama_extract,1,0,,E2-UNSPECIFIED
OEB030dacca,llama_extract,1,0,,E2-UNSPECIFIED
OEB030dacdb,llama_extract,1,0,,E2-UNSPECIFIED
OEB030dadaa,llama_extract,1,0,,E2-UNSPECIFIED
OEB030dadac,llama_extract,1,0,,E2-UNSPECIFIED
OEB030dadbb,llama_extract,1,0,,E2-UNSPECIFIED
OEB030dadda,llama_extract,1,0,,E2-UNSPECIFIED
OEB030daddb,llama_extract,1,0,,E2-UNSPECIFIED
OEB030daddc,llama_extract,1,0,,E2-UNSPECIFIED
OEB030dafab,llama_extract,1,0,,E2-UNSPECIFIED
OEB030dafbb,llama_extract,1,0,,E2-UNSPECIFIED
OEB030dafca,llama_extract,1,0,,E2-UNSPECIFIED
OEB030dafdb,llama_extract,1,0,,E2-UNSPECIFIED
OEB030dafdc,llama_extract,1,0,,E2-UNSPECIFIED
OEB030dbaaa,llama_extract,1,0,,E2-UNSPECIFIED
OEB030dbaab,llama_extract,1,0,,E2-UNSPECIFIED
OEB030dbaac,llama_extract,1,0,,E2-UNSPECIFIED
OEB030dbaba,llama_extract,1,0,,E2-UNSPECIFIED
OEB030dbabc,llama_extract,1,0,,E2-UNSPECIFIED
OEB030dbaca,llama_extract,1,0,,E2-UNSPECIFIED
OEB030dbacb,llama_extract,1,0,,E2-UNSPECIFIED
OEB030dbacc,llama_extract,1,0,,E2-UNSPECIFIED
OEB030dbbbb,llama_extract,1,0,,E2-UNSPECIFIED
OEB030dbcca,llama_extract,1,0,,E2-UNSPECIFIED
OEB030dbcda,llama_extract,1,0,,E2-UNSPECIFIED
OEB030dbdab,llama_extract,1,0,,E2-UNSPECIFIED
OEB030dbdba,llama_extract,1,0,,E2-UNSPECIFIED
OEB030dbdca,llama_extract,1,0,,E2-UNSPECIFIED
OEB030dbfbc,llama_extract,1,0,,E2-UNSPECIFIED
OEB030dbfca,llama_extract,1,0,,E2-UNSPECIFIED
OEB030dbfcb,llama_extract,1,0,,E2-UNSPECIFIED
OEB030dbfdb,llama_extract,1,0,,E2-UNSPECIFIED
OEB030dcabb,llama_extract,1,0,,E2-UNSPECIFIED
OEB030dcbba,llama_extract,1,0,,E2-UNSPECIFIED
OEB030dcbbb,llama_extract,1,0,,E2-UNSPECIFIED
OEB030dcbdc,llama_extract,1,0,,E2-UNSPECIFIED
OEB030dccaa,llama_extract,1,0,,E2-UNSPECIFIED
OEB030dccbb,llama_extract,1,0,,E2-UNSPECIFIED
OEB030dccca,llama_extract,1,0,,E2-UNSPECIFIED
OEB030dcccb,llama_extract,1,0,,E2-UNSPECIFIED
OEB030dcdab,llama_extract,1,0,,E2-UNSPECIFIED
OEB030dcdcb,llama_extract,1,0,,E2-UNSPECIFIED
OEB030dcdcc,llama_extract,1,0,,E2-UNSPECIFIED
OEB030dcfaa,llama_extract,1,0,,E2-UNSPECIFIED
OEB030dcfba,llama_extract,1,0,,E2-UNSPECIFIED
OEB030dcfca,llama_extract,1,0,,E2-UNSPECIFIED
OEB030dcfda,llama_extract,1,0,,E2-UNSPECIFIED
OEB030ddaba,llama_extract,1,0,,E2-UNSPECIFIED
OEB030ddaca,llama_extract,1,0,,E2-UNSPECIFIED
OEB030ddadb,llama_extract,1,0,,E2-UNSPECIFIED
OEB030ddbab,llama_extract,1,0,,E2-UNSPECIFIED
OEB030ddbba,llama_extract,1,0,,E2-UNSPECIFIED
OEB030ddbdb,llama_extract,1,0,,E2-UNSPECIFIED
OEB030ddbdc,llama_extract,1,0,,E2-UNSPECIFIED
OEB030ddcaa,llama_extract,1,0,,E2-UNSPECIFIED
OEB030ddcac,llama_extract,1,0,,E2-UNSPECIFIED
OEB030ddcba,llama_extract,1,0,,E2-UNSPECIFIED
OEB030ddcca,llama_extract,1,0,,E2-UNSPECIFIED
OEB030ddccb,llama_extract,1,0,,E2-UNSPECIFIED
OEB030ddcda,llama_extract,1,0,,E2-UNSPECIFIED
OEB030ddcdb,llama_extract,1,0,,E2-UNSPECIFIED
OEB030ddcdc,llama_extract,1,0,,E2-UNSPECIFIED
OEB030dddca,llama_extract,1,0,,E2-UNSPECIFIED
OEB030ddfab,llama_extract,1,0,,E2-UNSPECIFIED
OEB030ddfba,llama_extract,1,0,,E2-UNSPECIFIED
OEB030deaca,llama_extract,1,0,,E2-UNSPECIFIED
OEB030deacb,llama_extract,1,0,,E2-UNSPECIFIED
OEB030deacc,llama_extract,1,0,,E2-UNSPECIFIED
OEB030deada,llama_extract,1,0,,E2-UNSPECIFIED
OEB030debac,llama_extract,1,0,,E2-UNSPECIFIED
OEB030debbb,llama_extract,1,0,,E2-UNSPECIFIED
OEB030debca,llama_extract,1,0,,E2-UNSPECIFIED
OEB030debcc,llama_extract,1,0,,E2-UNSPECIFIED
OEB030debda,llama_extract,1,0,,E2-UNSPECIFIED
OEB030decaa,llama_extract,1,0,,E2-UNSPECIFIED
OEB030decda,llama_extract,1,0,,E2-UNSPECIFIED
OEB030decdb,llama_extract,1,0,,E2-UNSPECIFIED
OEB030dedbb,llama_extract,1,0,,E2-UNSPECIFIED
OEB030dedca,llama_extract,1,0,,E2-UNSPECIFIED
OEB030dedcc,llama_extract,1,0,,E2-UNSPECIFIED
OEB030deddc,llama_extract,1,0,,E2-UNSPECIFIED
OEB030deeba,llama_extract,0,1,E2-PARTIAL_EXTRACT,
OEB030deeda,llama_extract,0,1,E2-PARTIAL_EXTRACT,
OEB030defaa,llama_extract,1,0,,E2-UNSPECIFIED
OEB030defab,llama_extract,1,0,,E2-UNSPECIFIED
OEB030defba,llama_extract,1,0,,E2-UNSPECIFIED
OEB030defca,llama_extract,1,0,,E2-UNSPECIFIED
OEB030dfaab,llama_extract,1,0,,E2-UNSPECIFIED
OEB030dfaca,llama_extract,1,0,,E2-UNSPECIFIED
OEB030dfadb,llama_extract,1,0,,E2-UNSPECIFIED
OEB030dfadc,llama_extract,1,0,,E2-UNSPECIFIED
OEB030dfbaa,llama_extract,1,0,,E2-UNSPECIFIED
OEB030dfbbb,llama_extract,1,0,,E2-UNSPECIFIED
OEB030dfbda,llama_extract,1,0,,E2-UNSPECIFIED
OEB030dfbdb,llama_extract,1,0,,E2-UNSPECIFIED
OEB030dfcab,llama_extract,1,0,,E2-UNSPECIFIED
OEB030dfcbb,llama_extract,1,0,,E2-UNSPECIFIED
OEB030dfccc,llama_extract,1,0,,E2-UNSPECIFIED
OEB030dfcda,llama_extract,1,0,,E2-UNSPECIFIED
OEB030dfcdb,llama_extract,1,0,,E2-UNSPECIFIED
OEB030dfdaa,llama_extract,1,0,,E2-UNSPECIFIED
OEB030dfdac,llama_extract,1,0,,E2-UNSPECIFIED
OEB030dfdba,llama_extract,1,0,,E2-UNSPECIFIED
OEB030dfdbb,llama_extract,1,0,,E2-UNSPECIFIED
OEB030dfdca,llama_extract,1,0,,E2-UNSPECIFIED
OEB030dfdcb,llama_extract,1,0,,E2-UNSPECIFIED
OEB030dfdcc,llama_extract,1,0,,E2-UNSPECIFIED
OEB030dfdda,llama_extract,1,0,,E2-UNSPECIFIED
OEB030dfddb,llama_extract,1,0,,E2-UNSPECIFIED
OEB030dffba,llama_extract,1,0,,E2-UNSPECIFIED
OEB030dffbb,llama_extract,1,0,,E2-UNSPECIFIED
OEB030dffbc,llama_extract,1,0,,E2-UNSPECIFIED
OEB030dgaac,llama_extract,1,0,,E2-UNSPECIFIED
OEB030dgacb,llama_extract,1,0,,E2-UNSPECIFIED
OEB030dgadc,llama_extract,1,0,,E2-UNSPECIFIED
OEB030dgbbb,llama_extract,1,0,,E2-UNSPECIFIED
OEB030dgbca,llama_extract,1,0,,E2-UNSPECIFIED
OEB030dgbda,llama_extract,1,0,,E2-UNSPECIFIED
OEB030dgbdb,llama_extract,1,0,,E2-UNSPECIFIED
OEB030dgbdc,llama_extract,1,0,,E2-UNSPECIFIED
OEB030dgcaa,llama_extract,1,0,,E2-UNSPECIFIED
OEB030dgcbb,llama_extract,1,0,,E2-UNSPECIFIED
OEB030dgdbb,llama_extract,1,0,,E2-UNSPECIFIED
OEB030dgfab,llama_extract,1,0,,E2-UNSPECIFIED
OEB030dgfac,llama_extract,1,0,,E2-UNSPECIFIED
OEB030dgfbb,llama_extract,1,0,,E2-UNSPECIFIED
OEB030dgfbc,llama_extract,1,0,,E2-UNSPECIFIED
OEB030dhaac,llama_extract,1,0,,E2-UNSPECIFIED
OEB030dhacb,llama_extract,1,0,,E2-UNSPECIFIED
OEB030dhadb,llama_extract,1,0,,E2-UNSPECIFIED
OEB030dhbaa,llama_extract,1,0,,E2-UNSPECIFIED
OEB030dhbab,llama_extract,1,0,,E2-UNSPECIFIED
OEB030dhbac,llama_extract,1,0,,E2-UNSPECIFIED
OEB030dhbbb,llama_extract,1,0,,E2-UNSPECIFIED
OEB030dhbda,llama_extract,1,0,,E2-UNSPECIFIED
OEB030dhcaa,llama_extract,1,0,,E2-UNSPECIFIED
OEB030dhcba,llama_extract,1,0,,E2-UNSPECIFIED
OEB030dhcbc,llama_extract,1,0,,E2-UNSPECIFIED
OEB030dhcca,llama_extract,1,0,,E2-UNSPECIFIED
OEB030dhccb,llama_extract,1,0,,E2-UNSPECIFIED
OEB030dhccc,llama_extract,1,0,,E2-UNSPECIFIED
OEB030dhcdb,llama_extract,1,0,,E2-UNSPECIFIED
OEB030dhdac,llama_extract,1,0,,E2-UNSPECIFIED
OEB030dhdba,llama_extract,1,0,,E2-UNSPECIFIED
OEB030dhdbb,llama_extract,1,0,,E2-UNSPECIFIED
OEB030dhdbc,llama_extract,1,0,,E2-UNSPECIFIED
OEB030dhdcc,llama_extract,1,0,,E2-UNSPECIFIED
OEB030dhddb,llama_extract,1,0,,E2-UNSPECIFIED
OEB030dhfac,llama_extract,1,0,,E2-UNSPECIFIED
OEB030dhfba,llama_extract,1,0,,E2-UNSPECIFIED
OEB030dhfbc,llama_extract,1,0,,E2-UNSPECIFIED
OEB030dhfcb,llama_extract,1,0,,E2-UNSPECIFIED
OEB030dhfcc,llama_extract,1,0,,E2-UNSPECIFIED
OEB030eabbb,llama_extract,1,0,,E2-UNSPECIFIED
OEB030eacaa,llama_extract,1,0,,E2-UNSPECIFIED
OEB030eadba,llama_extract,1,0,,E2-UNSPECIFIED
OEB030eadca,llama_extract,1,0,,E2-UNSPECIFIED
OEB030eaeba,llama_extract,0,1,E2-PARTIAL_EXTRACT,
OEB030eaecb,llama_extract,0,1,E2-PARTIAL_EXTRACT,
OEB030ebaaa,llama_extract,1,0,,E2-UNSPECIFIED
OEB030ebaab,llama_extract,1,0,,E2-UNSPECIFIED
OEB030ebacc,llama_extract,1,0,,E2-UNSPECIFIED
OEB030ebbca,llama_extract,1,0,,E2-UNSPECIFIED
OEB030ebbdb,llama_extract,1,0,,E2-UNSPECIFIED
OEB030ebcab,llama_extract,1,0,,E2-UNSPECIFIED
OEB030ebcac,llama_extract,1,0,,E2-UNSPECIFIED
OEB030ebcbb,llama_extract,1,0,,E2-UNSPECIFIED
OEB030ebccb,llama_extract,1,0,,E2-UNSPECIFIED
OEB030ebdac,llama_extract,1,0,,E2-UNSPECIFIED
OEB030ebddc,llama_extract,1,0,,E2-UNSPECIFIED
OEB030ebfaa,llama_extract,1,0,,E2-UNSPECIFIED
OEB030ebfab,llama_extract,1,0,,E2-UNSPECIFIED
OEB030ebfac,llama_extract,1,0,,E2-UNSPECIFIED
OEB030ebfcc,llama_extract,1,0,,E2-UNSPECIFIED
OEB030ecbbb,llama_extract,1,0,,E2-UNSPECIFIED
OEB030eceaa,llama_extract,0,1,E2-PARTIAL_EXTRACT,
OEB030eceab,llama_extract,0,1,E2-PARTIAL_EXTRACT,
OEB030ecebb,llama_extract,0,1,E2-PARTIAL_EXTRACT,
OEB030ececa,llama_extract,0,1,E2-PARTIAL_EXTRACT,
OEB030ecedb,llama_extract,0,1,E2-PARTIAL_EXTRACT,
OEB030ecedc,llama_extract,0,1,E2-PARTIAL_EXTRACT,
OEB030edada,llama_extract,1,0,,E2-UNSPECIFIED
OEB030edbba,llama_extract,1,0,,E2-UNSPECIFIED
OEB030edbbb,llama_extract,1,0,,E2-UNSPECIFIED
OEB030edbca,llama_extract,1,0,,E2-UNSPECIFIED
OEB030edbdb,llama_extract,1,0,,E2-UNSPECIFIED
OEB030edcbb,llama_extract,1,0,,E2-UNSPECIFIED
OEB030eddaa,llama_extract,1,0,,E2-UNSPECIFIED
OEB030eddab,llama_extract,1,0,,E2-UNSPECIFIED
OEB030edddc,llama_extract,1,0,,E2-UNSPECIFIED
OEB030edfba,llama_extract,1,0,,E2-UNSPECIFIED
OEB030edfca,llama_extract,1,0,,E2-UNSPECIFIED
OEB030edfdc,llama_extract,1,0,,E2-UNSPECIFIED
OEB030eebbb,llama_extract,1,0,,E2-UNSPECIFIED
OEB030eeccb,llama_extract,1,0,,E2-UNSPECIFIED
OEB030eedbb,llama_extract,1,0,,E2-UNSPECIFIED
OEB030eeeaa,llama_extract,0,1,E2-PARTIAL_EXTRACT,
OEB030eeeab,llama_extract,0,1,E2-PARTIAL_EXTRACT,
OEB030eeeac,llama_extract,0,1,E2-PARTIAL_EXTRACT,
OEB030eeebb,llama_extract,0,1,E2-PARTIAL_EXTRACT,
OEB030eeeca,llama_extract,0,1,E2-PARTIAL_EXTRACT,
OEB030eeeda,llama_extract,0,1,E2-PARTIAL_EXTRACT,
OEB030eeedc,llama_extract,0,1,E2-PARTIAL_EXTRACT,
OEB030efbba,llama_extract,1,0,,E2-UNSPECIFIED
OEB030efbbb,llama_extract,1,0,,E2-UNSPECIFIED
OEB030efbca,llama_extract,1,0,,E2-UNSPECIFIED
OEB030efcca,llama_extract,1,0,,E2-UNSPECIFIED
OEB030efccb,llama_extract,1,0,,E2-UNSPECIFIED
OEB030efdbb,llama_extract,1,0,,E2-UNSPECIFIED
OEB030efeab,llama_extract,0,1,E2-PARTIAL_EXTRACT,
OEB030efebb,llama_extract,0,1,E2-PARTIAL_EXTRACT,
OEB030effda,llama_extract,1,0,,E2-UNSPECIFIED
OEB030egeab,llama_extract,0,1,E2-PARTIAL_EXTRACT,
OEB030egebb,llama_extract,0,1,E2-PARTIAL_EXTRACT,
OEB030egeca,llama_extract,0,1,E2-PARTIAL_EXTRACT,
OEB030egeda,llama_extract,0,1,E2-PARTIAL_EXTRACT,
OEB030ehbba,llama_extract,1,0,,E2-UNSPECIFIED
OEB030ehbdb,llama_extract,1,0,,E2-UNSPECIFIED
OEB030ehdbb,llama_extract,1,0,,E2-UNSPECIFIED
OEB030ehebc,llama_extract,0,1,E2-PARTIAL_EXTRACT,
OEB030ehedb,llama_extract,0,1,E2-PARTIAL_EXTRACT,
OEB030ehfbc,llama_extract,1,0,,E2-UNSPECIFIED
OEB030ehfda,llama_extract,1,0,,E2-UNSPECIFIED
OEB030faeab,llama_extract,0,1,E2-PARTIAL_EXTRACT,
OEB030faeba,llama_extract,0,1,E2-PARTIAL_EXTRACT,
OEB030faeca,llama_extract,0,1,E2-PARTIAL_EXTRACT,
OEB030faeda,llama_extract,0,1,E2-PARTIAL_EXTRACT,
OEB030faedc,llama_extract,0,1,E2-PARTIAL_EXTRACT,
OEB030fbbbb,llama_extract,1,0,,E2-UNSPECIFIED
OEB030fbdab,llama_extract,1,0,,E2-UNSPECIFIED
OEB030fbeda,llama_extract,0,1,E2-PARTIAL_EXTRACT,
OEB030fbfaa,llama_extract,1,0,,E2-UNSPECIFIED
OEB030fbfcc,llama_extract,1,0,,E2-UNSPECIFIED
OEB030fcbba,llama_extract,1,0,,E2-UNSPECIFIED
OEB030fceaa,llama_extract,0,1,E2-PARTIAL_EXTRACT,
OEB030fceba,llama_extract,0,1,E2-PARTIAL_EXTRACT,
OEB030fcecb,llama_extract,0,1,E2-PARTIAL_EXTRACT,
OEB030fcecc,llama_extract,0,1,E2-PARTIAL_EXTRACT,
OEB030fceda,llama_extract,0,1,E2-PARTIAL_EXTRACT,
OEB030fcedb,llama_extract,0,1,E2-PARTIAL_EXTRACT,
OEB030fdbbb,llama_extract,1,0,,E2-UNSPECIFIED
OEB030fddbb,llama_extract,1,0,,E2-UNSPECIFIED
OEB030fdeac,llama_extract,0,1,E2-PARTIAL_EXTRACT,
OEB030fdebc,llama_extract,0,1,E2-PARTIAL_EXTRACT,
OEB030fdeca,llama_extract,0,1,E2-PARTIAL_EXTRACT,
OEB030fdecc,llama_extract,0,1,E2-PARTIAL_EXTRACT,
OEB030fdeda,llama_extract,0,1,E2-PARTIAL_EXTRACT,
OEB030fdedb,llama_extract,0,1,E2-PARTIAL_EXTRACT,
OEB030fdedc,llama_extract,0,1,E2-PARTIAL_EXTRACT,
OEB030fecbb,llama_extract,1,0,,E2-UNSPECIFIED
OEB030feeaa,llama_extract,0,1,E2-PARTIAL_EXTRACT,
OEB030feeac,llama_extract,0,1,E2-PARTIAL_EXTRACT,
OEB030feeba,llama_extract,0,1,E2-PARTIAL_EXTRACT,
OEB030feecb,llama_extract,0,1,E2-PARTIAL_EXTRACT,
OEB030feedb,llama_extract,0,1,E2-PARTIAL_EXTRACT,
OEB030ffbba,llama_extract,1,0,,E2-UNSPECIFIED
OEB030ffeab,llama_extract,0,1,E2-PARTIAL_EXTRACT,
OEB030ffeac,llama_extract,0,1,E2-PARTIAL_EXTRACT,
OEB030ffebb,llama_extract,0,1,E2-PARTIAL_EXTRACT,
OEB030ffeca,llama_extract,0,1,E2-PARTIAL_EXTRACT,
OEB030fgbbb,llama_extract,1,0,,E2-UNSPECIFIED
OEB030fgdbb,llama_extract,1,0,,E2-UNSPECIFIED
OEB030fgeaa,llama_extract,0,1,E2-PARTIAL_EXTRACT,
OEB030fgeba,llama_extract,0,1,E2-PARTIAL_EXTRACT,
OEB030fgebb,llama_extract,0,1,E2-PARTIAL_EXTRACT,
OEB030fheab,llama_extract,0,1,E2-PARTIAL_EXTRACT,
OEB030gadbb,llama_extract,1,0,,E2-UNSPECIFIED
OEB030gaeac,llama_extract,0,1,E2-PARTIAL_EXTRACT,
OEB030gaeba,llama_extract,0,1,E2-PARTIAL_EXTRACT,
OEB030gaebb,llama_extract,0,1,E2-PARTIAL_EXTRACT,
OEB030gaebc,llama_extract,0,1,E2-PARTIAL_EXTRACT,
OEB030gaeda,llama_extract,0,1,E2-PARTIAL_EXTRACT,
OEB030gaedb,llama_extract,0,1,E2-PARTIAL_EXTRACT,
OEB030gaedc,llama_extract,0,1,E2-PARTIAL_EXTRACT,
OEB030gbeaa,llama_extract,0,1,E2-PARTIAL_EXTRACT,
OEB030gbebb,llama_extract,0,1,E2-PARTIAL_EXTRACT,
OEB030gcbba,llama_extract,1,0,,E2-UNSPECIFIED
OEB030gceaa,llama_extract,0,1,E2-PARTIAL_EXTRACT,
OEB030gceac,llama_extract,0,1,E2-PARTIAL_EXTRACT,
OEB030gceba,llama_extract,0,1,E2-PARTIAL_EXTRACT,
OEB030gcebb,llama_extract,0,1,E2-PARTIAL_EXTRACT,
OEB030gcebc,llama_extract,0,1,E2-PARTIAL_EXTRACT,
OEB030gcedc,llama_extract,0,1,E2-PARTIAL_EXTRACT,
OEB030gdbba,llama_extract,1,0,,E2-UNSPECIFIED
OEB030gdcbb,llama_extract,1,0,,E2-UNSPECIFIED
OEB030gddba,llama_extract,1,0,,E2-UNSPECIFIED
OEB030gdebb,llama_extract,0,1,E2-PARTIAL_EXTRACT,
OEB030gdeca,llama_extract,0,1,E2-PARTIAL_EXTRACT,
OEB030gdecc,llama_extract,0,1,E2-PARTIAL_EXTRACT,
OEB030gdeda,llama_extract,0,1,E2-PARTIAL_EXTRACT,
OEB030gdedc,llama_extract,0,1,E2-PARTIAL_EXTRACT,
OEB030gdfbc,llama_extract,1,0,,E2-UNSPECIFIED
OEB030gecbb,llama_extract,1,0,,E2-UNSPECIFIED
OEB030gedbb,llama_extract,1,0,,E2-UNSPECIFIED
OEB030geeac,llama_extract,0,1,E2-PARTIAL_EXTRACT,
OEB030geeba,llama_extract,0,1,E2-PARTIAL_EXTRACT,
OEB030geecb,llama_extract,0,1,E2-PARTIAL_EXTRACT,
OEB030geecc,llama_extract,0,1,E2-PARTIAL_EXTRACT,
OEB030gfcbb,llama_extract,1,0,,E2-UNSPECIFIED
OEB030gfdbb,llama_extract,1,0,,E2-UNSPECIFIED
OEB030gfeaa,llama_extract,0,1,E2-PARTIAL_EXTRACT,
OEB030gfeac,llama_extract,0,1,E2-PARTIAL_EXTRACT,
OEB030gfebb,llama_extract,0,1,E2-PARTIAL_EXTRACT,
OEB030gfecb,llama_extract,0,1,E2-PARTIAL_EXTRACT,
OEB030gfeda,llama_extract,0,1,E2-PARTIAL_EXTRACT,
OEB030gfedb,llama_extract,0,1,E2-PARTIAL_EXTRACT,
OEB030gfedc,llama_extract,0,1,E2-PARTIAL_EXTRACT,
OEB030ggeac,llama_extract,0,1,E2-PARTIAL_EXTRACT,
OEB030ggeba,llama_extract,0,1,E2-PARTIAL_EXTRACT,
OEB030ggeca,llama_extract,0,1,E2-PARTIAL_EXTRACT,
OEB030ggecb,llama_extract,0,1,E2-PARTIAL_EXTRACT,
OEB030ggecc,llama_extract,0,1,E2-PARTIAL_EXTRACT,
OEB030gheba,llama_extract,0,1,E2-PARTIAL_EXTRACT,
OEB030ghebc,llama_extract,0,1,E2-PARTIAL_EXTRACT,
OEB030hacbb,llama_extract,1,0,,E2-UNSPECIFIED
OEB030haeab,llama_extract,0,1,E2-PARTIAL_EXTRACT,
OEB030haeac,llama_extract,0,1,E2-PARTIAL_EXTRACT,
OEB030haecb,llama_extract,0,1,E2-PARTIAL_EXTRACT,
OEB030hbeac,llama_extract,0,1,E2-PARTIAL_EXTRACT,
OEB030hbeba,llama_extract,0,1,E2-PARTIAL_EXTRACT,
OEB030hbeca,llama_extract,0,1,E2-PARTIAL_EXTRACT,
OEB030hbecc,llama_extract,0,1,E2-PARTIAL_EXTRACT,
OEB030hceaa,llama_extract,0,1,E2-PARTIAL_EXTRACT,
OEB030hceba,llama_extract,0,1,E2-PARTIAL_EXTRACT,
OEB030hcecb,llama_extract,0,1,E2-PARTIAL_EXTRACT,
OEB030hcecc,llama_extract,0,1,E2-PARTIAL_EXTRACT,
OEB030hcedb,llama_extract,0,1,E2-PARTIAL_EXTRACT,
OEB030hdeab,llama_extract,0,1,E2-PARTIAL_EXTRACT,
OEB030hdeba,llama_extract,0,1,E2-PARTIAL_EXTRACT,
OEB030hdecb,llama_extract,0,1,E2-PARTIAL_EXTRACT,
OEB030hdeda,llama_extract,0,1,E2-PARTIAL_EXTRACT,
OEB030hdedb,llama_extract,0,1,E2-PARTIAL_EXTRACT,
OEB030heeaa,llama_extract,0,1,E2-PARTIAL_EXTRACT,
OEB030heeca,llama_extract,0,1,E2-PARTIAL_EXTRACT,
OEB030heeda,llama_extract,0,1,E2-PARTIAL_EXTRACT,
OEB030hfeac,llama_extract,0,1,E2-PARTIAL_EXTRACT,
OEB030hfeca,llama_extract,0,1,E2-PARTIAL_EXTRACT,
OEB030hfecb,llama_extract,0,1,E2-PARTIAL_EXTRACT,
OEB030hgeba,llama_extract,0,1,E2-PARTIAL_EXTRACT,
OEB030hgecc,llama_extract,0,1,E2-PARTIAL_EXTRACT,
OEB030hgedc,llama_extract,0,1,E2-PARTIAL_EXTRACT,
OEB030hheab,llama_extract,0,1,E2-PARTIAL_EXTRACT,
OEB030iadba,llama_extract,1,0,,E2-UNSPECIFIED
OEB030iaeaa,llama_extract,0,1,E2-PARTIAL_EXTRACT,
OEB030iaeac,llama_extract,0,1,E2-PARTIAL_EXTRACT,
OEB030iaeba,llama_extract,0,1,E2-PARTIAL_EXTRACT,
OEB030iaebc,llama_extract,0,1,E2-PARTIAL_EXTRACT,
OEB030iaeca,llama_extract,0,1,E2-PARTIAL_EXTRACT,
OEB030iaecb,llama_extract,0,1,E2-PARTIAL_EXTRACT,
OEB030iaeda,llama_extract,0,1,E2-PARTIAL_EXTRACT,
OEB030iaedc,llama_extract,0,1,E2-PARTIAL_EXTRACT,
OEB030ibeaa,llama_extract,0,1,E2-PARTIAL_EXTRACT,
OEB030ibebb,llama_extract,0,1,E2-PARTIAL_EXTRACT,
OEB030iceaa,llama_extract,0,1,E2-PARTIAL_EXTRACT,
OEB030iceab,llama_extract,0,1,E2-PARTIAL_EXTRACT,
OEB030icebb,llama_extract,0,1,E2-PARTIAL_EXTRACT,
OEB030icecb,llama_extract,0,1,E2-PARTIAL_EXTRACT,
OEB030idcbb,llama_extract,1,0,,E2-UNSPECIFIED
OEB030ideba,llama_extract,0,1,E2-PARTIAL_EXTRACT,
OEB030idecc,llama_extract,0,1,E2-PARTIAL_EXTRACT,
OEB030ieadb,llama_extract,1,0,,E2-UNSPECIFIED
OEB030ieeab,llama_extract,0,1,E2-PARTIAL_EXTRACT,
OEB030ieeac,llama_extract,0,1,E2-PARTIAL_EXTRACT,
OEB030ieeca,llama_extract,0,1,E2-PARTIAL_EXTRACT,
OEB030ieecb,llama_extract,0,1,E2-PARTIAL_EXTRACT,
OEB030ieeda,llama_extract,0,1,E2-PARTIAL_EXTRACT,
OEB030ieedb,llama_extract,0,1,E2-PARTIAL_EXTRACT,
OEB030ifadb,llama_extract,1,0,,E2-UNSPECIFIED
OEB030ifdbb,llama_extract,1,0,,E2-UNSPECIFIED
OEB030ifeba,llama_extract,0,1,E2-PARTIAL_EXTRACT,
OEB030ifebc,llama_extract,0,1,E2-PARTIAL_EXTRACT,
OEB030ifeca,llama_extract,0,1,E2-PARTIAL_EXTRACT,
OEB030igecc,llama_extract,0,1,E2-PARTIAL_EXTRACT,
OEB030igedb,llama_extract,0,1,E2-PARTIAL_EXTRACT,
OEB030iheaa,llama_extract,0,1,E2-PARTIAL_EXTRACT,
OEB030ihebb,llama_extract,0,1,E2-PARTIAL_EXTRACT,
OEB030iheca,llama_extract,0,1,E2-PARTIAL_EXTRACT,
OEB030ihecb,llama_extract,0,1,E2-PARTIAL_EXTRACT,
OEB030jabbb,llama_extract,1,0,,E2-UNSPECIFIED
OEB030jacbb,llama_extract,1,0,,E2-UNSPECIFIED
OEB030jaeba,llama_extract,0,1,E2-PARTIAL_EXTRACT,
OEB030jbeab,llama_extract,0,1,E2-PARTIAL_EXTRACT,
OEB030jbeac,llama_extract,0,1,E2-PARTIAL_EXTRACT,
OEB030jbebc,llama_extract,0,1,E2-PARTIAL_EXTRACT,
OEB030jbeca,llama_extract,0,1,E2-PARTIAL_EXTRACT,
OEB030jbecb,llama_extract,0,1,E2-PARTIAL_EXTRACT,
OEB030jcdbb,llama_extract,1,0,,E2-UNSPECIFIED
OEB030jceba,llama_extract,0,1,E2-PARTIAL_EXTRACT,
OEB030jcebc,llama_extract,0,1,E2-PARTIAL_EXTRACT,
OEB030jceca,llama_extract,0,1,E2-PARTIAL_EXTRACT,
OEB030jcecb,llama_extract,0,1,E2-PARTIAL_EXTRACT,
OEB030jcedb,llama_extract,0,1,E2-PARTIAL_EXTRACT,
OEB030jcedc,llama_extract,0,1,E2-PARTIAL_EXTRACT,
OEB030jdcbb,llama_extract,1,0,,E2-UNSPECIFIED
OEB030jddba,llama_extract,1,0,,E2-UNSPECIFIED
OEB030jdeaa,llama_extract,0,1,E2-PARTIAL_EXTRACT,
OEB030jdeab,llama_extract,0,1,E2-PARTIAL_EXTRACT,
OEB030jdebc,llama_extract,0,1,E2-PARTIAL_EXTRACT,
OEB030jdecb,llama_extract,0,1,E2-PARTIAL_EXTRACT,
OEB030jdedc,llama_extract,0,1,E2-PARTIAL_EXTRACT,
OEB030jdfbc,llama_extract,1,0,,E2-UNSPECIFIED
OEB030jecbb,llama_extract,1,0,,E2-UNSPECIFIED
OEB030jedbb,llama_extract,1,0,,E2-UNSPECIFIED
OEB030jeeaa,llama_extract,0,1,E2-PARTIAL_EXTRACT,
OEB030jeebc,llama_extract,0,1,E2-PARTIAL_EXTRACT,
OEB030jeecb,llama_extract,0,1,E2-PARTIAL_EXTRACT,
OEB030jeedc,llama_extract,0,1,E2-PARTIAL_EXTRACT,
OEB030jfdbb,llama_extract,1,0,,E2-UNSPECIFIED
OEB030jfeba,llama_extract,0,1,E2-PARTIAL_EXTRACT,
OEB030jfecc,llama_extract,0,1,E2-PARTIAL_EXTRACT,
OEB030jfedc,llama_extract,0,1,E2-PARTIAL_EXTRACT,
OEB030jgdba,llama_extract,1,0,,E2-UNSPECIFIED
OEB030jgeda,llama_extract,0,1,E2-PARTIAL_EXTRACT,
OEB030jhbba,llama_extract,1,0,,E2-UNSPECIFIED
OEB030jheba,llama_extract,0,1,E2-PARTIAL_EXTRACT,
OEB030jheca,llama_extract,0,1,E2-PARTIAL_EXTRACT,
OEB030jhecb,llama_extract,0,1,E2-PARTIAL_EXTRACT,
OEB030jhecc,llama_extract,0,1,E2-PARTIAL_EXTRACT,
OEB030jheda,llama_extract,0,1,E2-PARTIAL_EXTRACT,
OEB030kacba,llama_extract,1,0,,E2-UNSPECIFIED
OEB030kacbb,llama_extract,1,0,,E2-UNSPECIFIED
OEB030kaeac,llama_extract,0,1,E2-PARTIAL_EXTRACT,
OEB030kaebc,llama_extract,0,1,E2-PARTIAL_EXTRACT,
OEB030kaedb,llama_extract,0,1,E2-PARTIAL_EXTRACT,
OEB030kaedc,llama_extract,0,1,E2-PARTIAL_EXTRACT,
OEB030kbeaa,llama_extract,0,1,E2-PARTIAL_EXTRACT,
OEB030kbeac,llama_extract,0,1,E2-PARTIAL_EXTRACT,
OEB030kbeca,llama_extract,0,1,E2-PARTIAL_EXTRACT,
OEB030kcbba,llama_extract,1,0,,E2-UNSPECIFIED
OEB030kcbbb,llama_extract,1,0,,E2-UNSPECIFIED
OEB030kcebc,llama_extract,0,1,E2-PARTIAL_EXTRACT,
OEB030kcecc,llama_extract,0,1,E2-PARTIAL_EXTRACT,
OEB030kceda,llama_extract,0,1,E2-PARTIAL_EXTRACT,
OEB030kdcba,llama_extract,1,0,,E2-UNSPECIFIED
OEB030kdcbb,llama_extract,1,0,,E2-UNSPECIFIED
OEB030kdeaa,llama_extract,0,1,E2-PARTIAL_EXTRACT,
OEB030kdeba,llama_extract,0,1,E2-PARTIAL_EXTRACT,
OEB030kdeca,llama_extract,0,1,E2-PARTIAL_EXTRACT,
OEB030kdecb,llama_extract,0,1,E2-PARTIAL_EXTRACT,
OEB030kdedb,llama_extract,0,1,E2-PARTIAL_EXTRACT,
OEB030kdfba,llama_extract,1,0,,E2-UNSPECIFIED
OEB030kebba,llama_extract,1,0,,E2-UNSPECIFIED
OEB030kedba,llama_extract,1,0,,E2-UNSPECIFIED
OEB030keeab,llama_extract,0,1,E2-PARTIAL_EXTRACT,
OEB030keebc,llama_extract,0,1,E2-PARTIAL_EXTRACT,
OEB030keedb,llama_extract,0,1,E2-PARTIAL_EXTRACT,
OEB030kfbba,llama_extract,1,0,,E2-UNSPECIFIED
OEB030kfeba,llama_extract,0,1,E2-PARTIAL_EXTRACT,
OEB030kfebb,llama_extract,0,1,E2-PARTIAL_EXTRACT,
OEB030kfecb,llama_extract,0,1,E2-PARTIAL_EXTRACT,
OEB030kfecc,llama_extract,0,1,E2-PARTIAL_EXTRACT,
OEB030kfeda,llama_extract,0,1,E2-PARTIAL_EXTRACT,
OEB030kgeba,llama_extract,0,1,E2-PARTIAL_EXTRACT,
OEB030kgecb,llama_extract,0,1,E2-PARTIAL_EXTRACT,
OEB030kgecc,llama_extract,0,1,E2-PARTIAL_EXTRACT,
OEB030kgedc,llama_extract,0,1,E2-PARTIAL_EXTRACT,
OEB030khdbb,llama_extract,1,0,,E2-UNSPECIFIED
OEB030kheba,llama_extract,0,1,E2-PARTIAL_EXTRACT,
OEB030kheca,llama_extract,0,1,E2-PARTIAL_EXTRACT,
OEB030khecb,llama_extract,0,1,E2-PARTIAL_EXTRACT,
OEB030khecc,llama_extract,0,1,E2-PARTIAL_EXTRACT,
OEB030khedc,llama_extract,0,1,E2-PARTIAL_EXTRACT,
OEB040aaeaa,llama_extract,0,1,E2-PARTIAL_EXTRACT,
OEB040aaeab,llama_extract,0,1,E2-PARTIAL_EXTRACT,
OEB040aaebb,llama_extract,0,1,E2-PARTIAL_EXTRACT,
OEB040aaebc,llama_extract,0,1,E2-PARTIAL_EXTRACT,
OEB040aaedb,llama_extract,0,1,E2-PARTIAL_EXTRACT,
OEB040abeaa,llama_extract,0,1,E2-PARTIAL_EXTRACT,
OEB040abebb,llama_extract,0,1,E2-PARTIAL_EXTRACT,
OEB040abecc,llama_extract,0,1,E2-PARTIAL_EXTRACT,
OEB040aceda,llama_extract,0,1,E2-PARTIAL_EXTRACT,
OEB040acedc,llama_extract,0,1,E2-PARTIAL_EXTRACT,
OEB040adeda,llama_extract,0,1,E2-PARTIAL_EXTRACT,
OEB040adedc,llama_extract,0,1,E2-PARTIAL_EXTRACT,
OEB040aeeac,llama_extract,0,1,E2-PARTIAL_EXTRACT,
OEB040aeecc,llama_extract,0,1,E2-PARTIAL_EXTRACT,
OEB040aeedc,llama_extract,0,1,E2-PARTIAL_EXTRACT,
OEB040afeba,llama_extract,0,1,E2-PARTIAL_EXTRACT,
OEB040afeca,llama_extract,0,1,E2-PARTIAL_EXTRACT,
OEB040afecc,llama_extract,0,1,E2-PARTIAL_EXTRACT,
OEB040afedb,llama_extract,0,1,E2-PARTIAL_EXTRACT,
OEB040ageac,llama_extract,0,1,E2-PARTIAL_EXTRACT,
OEB040agecb,llama_extract,0,1,E2-PARTIAL_EXTRACT,
OEB040agecc,llama_extract,0,1,E2-PARTIAL_EXTRACT,
OEB040ageda,llama_extract,0,1,E2-PARTIAL_EXTRACT,
OEB040aheaa,llama_extract,0,1,E2-PARTIAL_EXTRACT,
OEB040aheab,llama_extract,0,1,E2-PARTIAL_EXTRACT,
OEB040badbb,llama_extract,1,0,,E2-UNSPECIFIED
OEB040baebc,llama_extract,0,1,E2-PARTIAL_EXTRACT,
OEB040baeca,llama_extract,0,1,E2-PARTIAL_EXTRACT,
OEB040baecc,llama_extract,0,1,E2-PARTIAL_EXTRACT,
OEB040baedc,llama_extract,0,1,E2-PARTIAL_EXTRACT,
OEB040bbeaa,llama_extract,0,1,E2-PARTIAL_EXTRACT,
OEB040bbeac,llama_extract,0,1,E2-PARTIAL_EXTRACT,
OEB040bbeba,llama_extract,0,1,E2-PARTIAL_EXTRACT,
OEB040bbecb,llama_extract,0,1,E2-PARTIAL_EXTRACT,
OEB040bbecc,llama_extract,0,1,E2-PARTIAL_EXTRACT,
OEB040bbeda,llama_extract,0,1,E2-PARTIAL_EXTRACT,
OEB040bbedb,llama_extract,0,1,E2-PARTIAL_EXTRACT,
OEB040bceaa,llama_extract,0,1,E2-PARTIAL_EXTRACT,
OEB040bceac,llama_extract,0,1,E2-PARTIAL_EXTRACT,
OEB040bceba,llama_extract,0,1,E2-PARTIAL_EXTRACT,
OEB040bcebb,llama_extract,0,1,E2-PARTIAL_EXTRACT,
OEB040bdbbb,llama_extract,1,0,,E2-UNSPECIFIED
OEB040bdebb,llama_extract,0,1,E2-PARTIAL_EXTRACT,
OEB040bdebc,llama_extract,0,1,E2-PARTIAL_EXTRACT,
OEB040bdeca,llama_extract,0,1,E2-PARTIAL_EXTRACT,
OEB040bdecc,llama_extract,0,1,E2-PARTIAL_EXTRACT,
OEB040bdedb,llama_extract,0,1,E2-PARTIAL_EXTRACT,
OEB040bdedc,llama_extract,0,1,E2-PARTIAL_EXTRACT,
OEB040beeab,llama_extract,0,1,E2-PARTIAL_EXTRACT,
OEB040beebb,llama_extract,0,1,E2-PARTIAL_EXTRACT,
OEB040beebc,llama_extract,0,1,E2-PARTIAL_EXTRACT,
OEB040beedb,llama_extract,0,1,E2-PARTIAL_EXTRACT,
OEB040bfeab,llama_extract,0,1,E2-PARTIAL_EXTRACT,
OEB040bfeac,llama_extract,0,1,E2-PARTIAL_EXTRACT,
OEB040bgbbb,llama_extract,1,0,,E2-UNSPECIFIED
OEB040bgdba,llama_extract,1,0,,E2-UNSPECIFIED
OEB040bgdbb,llama_extract,1,0,,E2-UNSPECIFIED
OEB040bgeab,llama_extract,0,1,E2-PARTIAL_EXTRACT,
OEB040bgeca,llama_extract,0,1,E2-PARTIAL_EXTRACT,
OEB040bgecb,llama_extract,0,1,E2-PARTIAL_EXTRACT,
OEB040bgeda,llama_extract,0,1,E2-PARTIAL_EXTRACT,
OEB040bheaa,llama_extract,0,1,E2-PARTIAL_EXTRACT,
OEB040bheac,llama_extract,0,1,E2-PARTIAL_EXTRACT,
OEB040bhecb,llama_extract,0,1,E2-PARTIAL_EXTRACT,
OEB040bhecc,llama_extract,0,1,E2-PARTIAL_EXTRACT,
OEB040bhedc,llama_extract,0,1,E2-PARTIAL_EXTRACT,
OEB040caaaa,llama_extract,1,0,,E2-UNSPECIFIED
OEB040caadb,llama_extract,1,0,,E2-UNSPECIFIED
OEB040cabdb,llama_extract,1,0,,E2-UNSPECIFIED
OEB040cacac,llama_extract,1,0,,E2-UNSPECIFIED
OEB040cacbc,llama_extract,1,0,,E2-UNSPECIFIED
OEB040cacca,llama_extract,1,0,,E2-UNSPECIFIED
OEB040caccc,llama_extract,1,0,,E2-UNSPECIFIED
OEB040cacda,llama_extract,1,0,,E2-UNSPECIFIED
OEB040cadab,llama_extract,1,0,,E2-UNSPECIFIED
OEB040cadba,llama_extract,1,0,,E2-UNSPECIFIED
OEB040cadbb,llama_extract,1,0,,E2-UNSPECIFIED
OEB040cadcb,llama_extract,1,0,,E2-UNSPECIFIED
OEB040caddb,llama_extract,1,0,,E2-UNSPECIFIED
OEB040cafdb,llama_extract,1,0,,E2-UNSPECIFIED
OEB040cbaab,llama_extract,1,0,,E2-UNSPECIFIED
OEB040cbaac,llama_extract,1,0,,E2-UNSPECIFIED
OEB040cbbac,llama_extract,1,0,,E2-UNSPECIFIED
OEB040cbbdb,llama_extract,1,0,,E2-UNSPECIFIED
OEB040cbcac,llama_extract,1,0,,E2-UNSPECIFIED
OEB040cbcbb,llama_extract,1,0,,E2-UNSPECIFIED
OEB040cbcca,llama_extract,1,0,,E2-UNSPECIFIED
OEB040cbcdb,llama_extract,1,0,,E2-UNSPECIFIED
OEB040cbdab,llama_extract,1,0,,E2-UNSPECIFIED
OEB040cbdcb,llama_extract,1,0,,E2-UNSPECIFIED
OEB040cbdcc,llama_extract,1,0,,E2-UNSPECIFIED
OEB040cbdda,llama_extract,1,0,,E2-UNSPECIFIED
OEB040cbddc,llama_extract,1,0,,E2-UNSPECIFIED
OEB040cbfaa,llama_extract,1,0,,E2-UNSPECIFIED
OEB040cbfac,llama_extract,1,0,,E2-UNSPECIFIED
OEB040cbfba,llama_extract,1,0,,E2-UNSPECIFIED
OEB040cbfbb,llama_extract,1,0,,E2-UNSPECIFIED
OEB040cbfdc,llama_extract,1,0,,E2-UNSPECIFIED
OEB040ccaba,llama_extract,1,0,,E2-UNSPECIFIED
OEB040ccada,llama_extract,1,0,,E2-UNSPECIFIED
OEB040ccbca,llama_extract,1,0,,E2-UNSPECIFIED
OEB040ccbcb,llama_extract,1,0,,E2-UNSPECIFIED
OEB040cccab,llama_extract,1,0,,E2-UNSPECIFIED
OEB040ccdcb,llama_extract,1,0,,E2-UNSPECIFIED
OEB040cceab,llama_extract,0,1,E2-PARTIAL_EXTRACT,
OEB040ccebb,llama_extract,0,1,E2-PARTIAL_EXTRACT,
OEB040cceda,llama_extract,0,1,E2-PARTIAL_EXTRACT,
OEB040ccfcb,llama_extract,1,0,,E2-UNSPECIFIED
OEB040cdacb,llama_extract,1,0,,E2-UNSPECIFIED
OEB040cdacc,llama_extract,1,0,,E2-UNSPECIFIED
OEB040cdadb,llama_extract,1,0,,E2-UNSPECIFIED
OEB040cdbbc,llama_extract,1,0,,E2-UNSPECIFIED
OEB040cdbca,llama_extract,1,0,,E2-UNSPECIFIED
OEB040cdbcc,llama_extract,1,0,,E2-UNSPECIFIED
OEB040cdbda,llama_extract,1,0,,E2-UNSPECIFIED
OEB040cdcaa,llama_extract,1,0,,E2-UNSPECIFIED
OEB040cdcbb,llama_extract,1,0,,E2-UNSPECIFIED
OEB040cdccc,llama_extract,1,0,,E2-UNSPECIFIED
OEB040cdcdb,llama_extract,1,0,,E2-UNSPECIFIED
OEB040cddbb,llama_extract,1,0,,E2-UNSPECIFIED
OEB040cddca,llama_extract,1,0,,E2-UNSPECIFIED
OEB040cdddb,llama_extract,1,0,,E2-UNSPECIFIED
OEB040cdedc,llama_extract,0,1,E2-PARTIAL_EXTRACT,
OEB040cdfbc,llama_extract,1,0,,E2-UNSPECIFIED
OEB040cebbb,llama_extract,1,0,,E2-UNSPECIFIED
OEB040cebcb,llama_extract,1,0,,E2-UNSPECIFIED
OEB040cecba,llama_extract,1,0,,E2-UNSPECIFIED
OEB040cedba,llama_extract,1,0,,E2-UNSPECIFIED
OEB040ceecb,llama_extract,0,1,E2-PARTIAL_EXTRACT,
OEB040ceedc,llama_extract,0,1,E2-PARTIAL_EXTRACT,
OEB040cefcb,llama_extract,1,0,,E2-UNSPECIFIED
OEB040cefda,llama_extract,1,0,,E2-UNSPECIFIED
OEB040cefdb,llama_extract,1,0,,E2-UNSPECIFIED
OEB040cfaaa,llama_extract,1,0,,E2-UNSPECIFIED
OEB040cfaab,llama_extract,1,0,,E2-UNSPECIFIED
OEB040cfabb,llama_extract,1,0,,E2-UNSPECIFIED
OEB040cfacb,llama_extract,1,0,,E2-UNSPECIFIED
OEB040cfada,llama_extract,1,0,,E2-UNSPECIFIED
OEB040cfbaa,llama_extract,1,0,,E2-UNSPECIFIED
OEB040cfbab,llama_extract,1,0,,E2-UNSPECIFIED
OEB040cfbac,llama_extract,1,0,,E2-UNSPECIFIED
OEB040cfbca,llama_extract,1,0,,E2-UNSPECIFIED
OEB040cfbda,llama_extract,1,0,,E2-UNSPECIFIED
OEB040cfbdb,llama_extract,1,0,,E2-UNSPECIFIED
OEB040cfcaa,llama_extract,1,0,,E2-UNSPECIFIED
OEB040cfcda,llama_extract,1,0,,E2-UNSPECIFIED
OEB040cfcdb,llama_extract,1,0,,E2-UNSPECIFIED
OEB040cfdaa,llama_extract,1,0,,E2-UNSPECIFIED
OEB040cfdba,llama_extract,1,0,,E2-UNSPECIFIED
OEB040cfdbb,llama_extract,1,0,,E2-UNSPECIFIED
OEB040cfdcc,llama_extract,1,0,,E2-UNSPECIFIED
OEB040cfddb,llama_extract,1,0,,E2-UNSPECIFIED
OEB040cfeba,llama_extract,0,1,E2-PARTIAL_EXTRACT,
OEB040cfebc,llama_extract,0,1,E2-PARTIAL_EXTRACT,
OEB040cfedb,llama_extract,0,1,E2-PARTIAL_EXTRACT,
OEB040cffbb,llama_extract,1,0,,E2-UNSPECIFIED
OEB040cgaab,llama_extract,1,0,,E2-UNSPECIFIED
OEB040cgada,llama_extract,1,0,,E2-UNSPECIFIED
OEB040cgadb,llama_extract,1,0,,E2-UNSPECIFIED
OEB040cgcaa,llama_extract,1,0,,E2-UNSPECIFIED
OEB040cgcab,llama_extract,1,0,,E2-UNSPECIFIED
OEB040cgdbb,llama_extract,1,0,,E2-UNSPECIFIED
OEB040cgdcb,llama_extract,1,0,,E2-UNSPECIFIED
OEB040cgeba,llama_extract,0,1,E2-PARTIAL_EXTRACT,
OEB040cgebc,llama_extract,0,1,E2-PARTIAL_EXTRACT,
OEB040cgfba,llama_extract,1,0,,E2-UNSPECIFIED
OEB040cgfdb,llama_extract,1,0,,E2-UNSPECIFIED
OEB040chaaa,llama_extract,1,0,,E2-UNSPECIFIED
OEB040chaab,llama_extract,1,0,,E2-UNSPECIFIED
OEB040chabb,llama_extract,1,0,,E2-UNSPECIFIED
OEB040chabc,llama_extract,1,0,,E2-UNSPECIFIED
OEB040chada,llama_extract,1,0,,E2-UNSPECIFIED
OEB040chadb,llama_extract,1,0,,E2-UNSPECIFIED
OEB040chadc,llama_extract,1,0,,E2-UNSPECIFIED
OEB040chbcb,llama_extract,1,0,,E2-UNSPECIFIED
OEB040chbda,llama_extract,1,0,,E2-UNSPECIFIED
OEB040chbdb,llama_extract,1,0,,E2-UNSPECIFIED
OEB040chcaa,llama_extract,1,0,,E2-UNSPECIFIED
OEB040chccb,llama_extract,1,0,,E2-UNSPECIFIED
OEB040chccc,llama_extract,1,0,,E2-UNSPECIFIED
OEB040chcdc,llama_extract,1,0,,E2-UNSPECIFIED
OEB040chdaa,llama_extract,1,0,,E2-UNSPECIFIED
OEB040chdac,llama_extract,1,0,,E2-UNSPECIFIED
OEB040chdca,llama_extract,1,0,,E2-UNSPECIFIED
OEB040chdcc,llama_extract,1,0,,E2-UNSPECIFIED
OEB040chebc,llama_extract,0,1,E2-PARTIAL_EXTRACT,
OEB040chfaa,llama_extract,1,0,,E2-UNSPECIFIED
OEB040chfac,llama_extract,1,0,,E2-UNSPECIFIED
OEB040chfba,llama_extract,1,0,,E2-UNSPECIFIED
OEB040chfda,llama_extract,1,0,,E2-UNSPECIFIED
OEB040chfdc,llama_extract,1,0,,E2-UNSPECIFIED
OEB040daaaa,llama_extract,1,0,,E2-UNSPECIFIED
OEB040daaac,llama_extract,1,0,,E2-UNSPECIFIED
OEB040daadc,llama_extract,1,0,,E2-UNSPECIFIED
OEB040dabaa,llama_extract,1,0,,E2-UNSPECIFIED
OEB040dabca,llama_extract,1,0,,E2-UNSPECIFIED
OEB040dabcc,llama_extract,1,0,,E2-UNSPECIFIED
OEB040dabda,llama_extract,1,0,,E2-UNSPECIFIED
OEB040dabdb,llama_extract,1,0,,E2-UNSPECIFIED
OEB040dacdb,llama_extract,1,0,,E2-UNSPECIFIED
OEB040dacdc,llama_extract,1,0,,E2-UNSPECIFIED
OEB040dadab,llama_extract,1,0,,E2-UNSPECIFIED
OEB040dadac,llama_extract,1,0,,E2-UNSPECIFIED
OEB040dadbb,llama_extract,1,0,,E2-UNSPECIFIED
OEB040dadca,llama_extract,1,0,,E2-UNSPECIFIED
OEB040dadcb,llama_extract,1,0,,E2-UNSPECIFIED
OEB040daddb,llama_extract,1,0,,E2-UNSPECIFIED
OEB040daddc,llama_extract,1,0,,E2-UNSPECIFIED
OEB040dafaa,llama_extract,1,0,,E2-UNSPECIFIED
OEB040dafba,llama_extract,1,0,,E2-UNSPECIFIED
OEB040dafcb,llama_extract,1,0,,E2-UNSPECIFIED
OEB040dafcc,llama_extract,1,0,,E2-UNSPECIFIED
OEB040dafda,llama_extract,1,0,,E2-UNSPECIFIED
OEB040dafdb,llama_extract,1,0,,E2-UNSPECIFIED
OEB040dafdc,llama_extract,1,0,,E2-UNSPECIFIED
OEB040dbaca,llama_extract,1,0,,E2-UNSPECIFIED
OEB040dbadc,llama_extract,1,0,,E2-UNSPECIFIED
OEB040dbbaa,llama_extract,1,0,,E2-UNSPECIFIED
OEB040dbbac,llama_extract,1,0,,E2-UNSPECIFIED
OEB040dbbcb,llama_extract,1,0,,E2-UNSPECIFIED
OEB040dbbcc,llama_extract,1,0,,E2-UNSPECIFIED
OEB040dbbda,llama_extract,1,0,,E2-UNSPECIFIED
OEB040dbbdb,llama_extract,1,0,,E2-UNSPECIFIED
OEB040dbcac,llama_extract,1,0,,E2-UNSPECIFIED
OEB040dbcbb,llama_extract,1,0,,E2-UNSPECIFIED
OEB040dbcbc,llama_extract,1,0,,E2-UNSPECIFIED
OEB040dbcca,llama_extract,1,0,,E2-UNSPECIFIED
OEB040dbccb,llama_extract,1,0,,E2-UNSPECIFIED
OEB040dbdac,llama_extract,1,0,,E2-UNSPECIFIED
OEB040dbdbb,llama_extract,1,0,,E2-UNSPECIFIED
OEB040dbdca,llama_extract,1,0,,E2-UNSPECIFIED
OEB040dbdcb,llama_extract,1,0,,E2-UNSPECIFIED
OEB040dbfac,llama_extract,1,0,,E2-UNSPECIFIED
OEB040dbfcb,llama_extract,1,0,,E2-UNSPECIFIED
OEB040dbfcc,llama_extract,1,0,,E2-UNSPECIFIED
OEB040dbfda,llama_extract,1,0,,E2-UNSPECIFIED
OEB040dbfdb,llama_extract,1,0,,E2-UNSPECIFIED
OEB040dbfdc,llama_extract,1,0,,E2-UNSPECIFIED
OEB040dcada,llama_extract,1,0,,E2-UNSPECIFIED
OEB040dcadc,llama_extract,1,0,,E2-UNSPECIFIED
OEB040dcbac,llama_extract,1,0,,E2-UNSPECIFIED
OEB040dcbcc,llama_extract,1,0,,E2-UNSPECIFIED
OEB040dccaa,llama_extract,1,0,,E2-UNSPECIFIED
OEB040dccab,llama_extract,1,0,,E2-UNSPECIFIED
OEB040dcccb,llama_extract,1,0,,E2-UNSPECIFIED
OEB040dccdb,llama_extract,1,0,,E2-UNSPECIFIED
OEB040dcddb,llama_extract,1,0,,E2-UNSPECIFIED
OEB040dcecb,llama_extract,0,1,E2-PARTIAL_EXTRACT,
OEB040dcfab,llama_extract,1,0,,E2-UNSPECIFIED
OEB040dcfbc,llama_extract,1,0,,E2-UNSPECIFIED
OEB040dcfca,llama_extract,1,0,,E2-UNSPECIFIED
OEB040dcfcc,llama_extract,1,0,,E2-UNSPECIFIED
OEB040dcfda,llama_extract,1,0,,E2-UNSPECIFIED
OEB040ddaac,llama_extract,1,0,,E2-UNSPECIFIED
OEB040ddaba,llama_extract,1,0,,E2-UNSPECIFIED
OEB040ddacb,llama_extract,1,0,,E2-UNSPECIFIED
OEB040ddacc,llama_extract,1,0,,E2-UNSPECIFIED
OEB040ddada,llama_extract,1,0,,E2-UNSPECIFIED
OEB040ddadc,llama_extract,1,0,,E2-UNSPECIFIED
OEB040ddbaa,llama_extract,1,0,,E2-UNSPECIFIED
OEB040ddbba,llama_extract,1,0,,E2-UNSPECIFIED
OEB040ddbbc,llama_extract,1,0,,E2-UNSPECIFIED
OEB040ddbdb,llama_extract,1,0,,E2-UNSPECIFIED
OEB040ddbdc,llama_extract,1,0,,E2-UNSPECIFIED
OEB040ddcac,llama_extract,1,0,,E2-UNSPECIFIED
OEB040ddcba,llama_extract,1,0,,E2-UNSPECIFIED
OEB040dddba,llama_extract,1,0,,E2-UNSPECIFIED
OEB040dddbb,llama_extract,1,0,,E2-UNSPECIFIED
OEB040dddbc,llama_extract,1,0,,E2-UNSPECIFIED
OEB040dddcb,llama_extract,1,0,,E2-UNSPECIFIED
OEB040dddcc,llama_extract,1,0,,E2-UNSPECIFIED
OEB040ddfaa,llama_extract,1,0,,E2-UNSPECIFIED
OEB040ddfab,llama_extract,1,0,,E2-UNSPECIFIED
OEB040ddfac,llama_extract,1,0,,E2-UNSPECIFIED
OEB040ddfba,llama_extract,1,0,,E2-UNSPECIFIED
OEB040ddfbc,llama_extract,1,0,,E2-UNSPECIFIED
OEB040deaac,llama_extract,1,0,,E2-UNSPECIFIED
OEB040deadb,llama_extract,1,0,,E2-UNSPECIFIED
OEB040debaa,llama_extract,1,0,,E2-UNSPECIFIED
OEB040debdb,llama_extract,1,0,,E2-UNSPECIFIED
OEB040decca,llama_extract,1,0,,E2-UNSPECIFIED
OEB040dedcc,llama_extract,1,0,,E2-UNSPECIFIED
OEB040deddb,llama_extract,1,0,,E2-UNSPECIFIED
OEB040deecc,llama_extract,0,1,E2-PARTIAL_EXTRACT,
OEB040defab,llama_extract,1,0,,E2-UNSPECIFIED
OEB040defda,llama_extract,1,0,,E2-UNSPECIFIED
OEB040defdb,llama_extract,1,0,,E2-UNSPECIFIED
OEB040dfaba,llama_extract,1,0,,E2-UNSPECIFIED
OEB040dfacc,llama_extract,1,0,,E2-UNSPECIFIED
OEB040dfada,llama_extract,1,0,,E2-UNSPECIFIED
OEB040dfadc,llama_extract,1,0,,E2-UNSPECIFIED
OEB040dfbaa,llama_extract,1,0,,E2-UNSPECIFIED
OEB040dfbab,llama_extract,1,0,,E2-UNSPECIFIED
OEB040dfbac,llama_extract,1,0,,E2-UNSPECIFIED
OEB040dfbbb,llama_extract,1,0,,E2-UNSPECIFIED
OEB040dfbcb,llama_extract,1,0,,E2-UNSPECIFIED
OEB040dfcab,llama_extract,1,0,,E2-UNSPECIFIED
OEB040dfcba,llama_extract,1,0,,E2-UNSPECIFIED
OEB040dfccc,llama_extract,1,0,,E2-UNSPECIFIED
OEB040dfdba,llama_extract,1,0,,E2-UNSPECIFIED
OEB040dfdcc,llama_extract,1,0,,E2-UNSPECIFIED
OEB040dfdda,llama_extract,1,0,,E2-UNSPECIFIED
OEB040dfddc,llama_extract,1,0,,E2-UNSPECIFIED
OEB040dfeba,llama_extract,0,1,E2-PARTIAL_EXTRACT,
OEB040dffbb,llama_extract,1,0,,E2-UNSPECIFIED
OEB040dffcc,llama_extract,1,0,,E2-UNSPECIFIED
OEB040dffdb,llama_extract,1,0,,E2-UNSPECIFIED
OEB040dgaac,llama_extract,1,0,,E2-UNSPECIFIED
OEB040dgaca,llama_extract,1,0,,E2-UNSPECIFIED
OEB040dgacb,llama_extract,1,0,,E2-UNSPECIFIED
OEB040dgada,llama_extract,1,0,,E2-UNSPECIFIED
OEB040dgbda,llama_extract,1,0,,E2-UNSPECIFIED
OEB040dgcac,llama_extract,1,0,,E2-UNSPECIFIED
OEB040dgcbb,llama_extract,1,0,,E2-UNSPECIFIED
OEB040dgcca,llama_extract,1,0,,E2-UNSPECIFIED
OEB040dgccc,llama_extract,1,0,,E2-UNSPECIFIED
OEB040dgdcc,llama_extract,1,0,,E2-UNSPECIFIED
OEB040dgddb,llama_extract,1,0,,E2-UNSPECIFIED
OEB040dgfdb,llama_extract,1,0,,E2-UNSPECIFIED
OEB040dhaac,llama_extract,1,0,,E2-UNSPECIFIED
OEB040dhaba,llama_extract,1,0,,E2-UNSPECIFIED
OEB040dhada,llama_extract,1,0,,E2-UNSPECIFIED
OEB040dhadb,llama_extract,1,0,,E2-UNSPECIFIED
OEB040dhadc,llama_extract,1,0,,E2-UNSPECIFIED
OEB040dhbaa,llama_extract,1,0,,E2-UNSPECIFIED
OEB040dhbcc,llama_extract,1,0,,E2-UNSPECIFIED
OEB040dhccc,llama_extract,1,0,,E2-UNSPECIFIED
OEB040dhdca,llama_extract,1,0,,E2-UNSPECIFIED
OEB040dhdcc,llama_extract,1,0,,E2-UNSPECIFIED
OEB040dhddb,llama_extract,1,0,,E2-UNSPECIFIED
OEB040dhfaa,llama_extract,1,0,,E2-UNSPECIFIED
OEB040dhfac,llama_extract,1,0,,E2-UNSPECIFIED
OEB040dhfbc,llama_extract,1,0,,E2-UNSPECIFIED
OEB040dhfca,llama_extract,1,0,,E2-UNSPECIFIED
OEB040dhfda,llama_extract,1,0,,E2-UNSPECIFIED
OEB040eabbb,llama_extract,1,0,,E2-UNSPECIFIED
OEB040eacaa,llama_extract,1,0,,E2-UNSPECIFIED
OEB040eaccb,llama_extract,1,0,,E2-UNSPECIFIED
OEB040eadca,llama_extract,1,0,,E2-UNSPECIFIED
OEB040eaeaa,llama_extract,0,1,E2-PARTIAL_EXTRACT,
OEB040eaeab,llama_extract,0,1,E2-PARTIAL_EXTRACT,
OEB040eaecb,llama_extract,0,1,E2-PARTIAL_EXTRACT,
OEB040eaedc,llama_extract,0,1,E2-PARTIAL_EXTRACT,
OEB040ebbba,llama_extract,1,0,,E2-UNSPECIFIED
OEB040ebbca,llama_extract,1,0,,E2-UNSPECIFIED
OEB040ebbdb,llama_extract,1,0,,E2-UNSPECIFIED
OEB040ebcab,llama_extract,1,0,,E2-UNSPECIFIED
OEB040ebcac,llama_extract,1,0,,E2-UNSPECIFIED
OEB040ebcba,llama_extract,1,0,,E2-UNSPECIFIED
OEB040ebcda,llama_extract,1,0,,E2-UNSPECIFIED
OEB040ebcdc,llama_extract,1,0,,E2-UNSPECIFIED
OEB040ebdab,llama_extract,1,0,,E2-UNSPECIFIED
OEB040ebedb,llama_extract,0,1,E2-PARTIAL_EXTRACT,
OEB040ebfaa,llama_extract,1,0,,E2-UNSPECIFIED
OEB040ebfab,llama_extract,1,0,,E2-UNSPECIFIED
OEB040ebfac,llama_extract,1,0,,E2-UNSPECIFIED
OEB040ecbbb,llama_extract,1,0,,E2-UNSPECIFIED
OEB040eceaa,llama_extract,0,1,E2-PARTIAL_EXTRACT,
OEB040eceab,llama_extract,0,1,E2-PARTIAL_EXTRACT,
OEB040eceba,llama_extract,0,1,E2-PARTIAL_EXTRACT,
OEB040ecebb,llama_extract,0,1,E2-PARTIAL_EXTRACT,
OEB040ececa,llama_extract,0,1,E2-PARTIAL_EXTRACT,
OEB040ececc,llama_extract,0,1,E2-PARTIAL_EXTRACT,
OEB040ecedb,llama_extract,0,1,E2-PARTIAL_EXTRACT,
OEB040ecedc,llama_extract,0,1,E2-PARTIAL_EXTRACT,
OEB040edaca,llama_extract,1,0,,E2-UNSPECIFIED
OEB040edbba,llama_extract,1,0,,E2-UNSPECIFIED
OEB040eddbb,llama_extract,1,0,,E2-UNSPECIFIED
OEB040eddca,llama_extract,1,0,,E2-UNSPECIFIED
OEB040edeba,llama_extract,0,1,E2-PARTIAL_EXTRACT,
OEB040edebb,llama_extract,0,1,E2-PARTIAL_EXTRACT,
OEB040edecc,llama_extract,0,1,E2-PARTIAL_EXTRACT,
OEB040ededa,llama_extract,0,1,E2-PARTIAL_EXTRACT,
OEB040edfaa,llama_extract,1,0,,E2-UNSPECIFIED
OEB040eeeaa,llama_extract,0,1,E2-PARTIAL_EXTRACT,
OEB040eeeac,llama_extract,0,1,E2-PARTIAL_EXTRACT,
OEB040eeebb,llama_extract,0,1,E2-PARTIAL_EXTRACT,
OEB040eeeca,llama_extract,0,1,E2-PARTIAL_EXTRACT,
OEB040eeecb,llama_extract,0,1,E2-PARTIAL_EXTRACT,
OEB040eeecc,llama_extract,0,1,E2-PARTIAL_EXTRACT,
OEB040eeeda,llama_extract,0,1,E2-PARTIAL_EXTRACT,
OEB040efcca,llama_extract,1,0,,E2-UNSPECIFIED
OEB040efeaa,llama_extract,0,1,E2-PARTIAL_EXTRACT,
OEB040efeac,llama_extract,0,1,E2-PARTIAL_EXTRACT,
OEB040efecb,llama_extract,0,1,E2-PARTIAL_EXTRACT,
OEB040efeda,llama_extract,0,1,E2-PARTIAL_EXTRACT,
OEB040efedc,llama_extract,0,1,E2-PARTIAL_EXTRACT,
OEB040effcc,llama_extract,1,0,,E2-UNSPECIFIED
OEB040egdbb,llama_extract,1,0,,E2-UNSPECIFIED
OEB040egeac,llama_extract,0,1,E2-PARTIAL_EXTRACT,
OEB040egeca,llama_extract,0,1,E2-PARTIAL_EXTRACT,
OEB040egedc,llama_extract,0,1,E2-PARTIAL_EXTRACT,
OEB040ehcca,llama_extract,1,0,,E2-UNSPECIFIED
OEB040eheab,llama_extract,0,1,E2-PARTIAL_EXTRACT,
OEB040ehebb,llama_extract,0,1,E2-PARTIAL_EXTRACT,
OEB040ehecb,llama_extract,0,1,E2-PARTIAL_EXTRACT,
OEB040eheda,llama_extract,0,1,E2-PARTIAL_EXTRACT,
OEB040ehfab,llama_extract,1,0,,E2-UNSPECIFIED
OEB040fabba,llama_extract,1,0,,E2-UNSPECIFIED
OEB040fabbb,llama_extract,1,0,,E2-UNSPECIFIED
OEB040facbb,llama_extract,1,0,,E2-UNSPECIFIED
OEB040faecb,llama_extract,0,1,E2-PARTIAL_EXTRACT,
OEB040fbaca,llama_extract,1,0,,E2-UNSPECIFIED
OEB040fbacc,llama_extract,1,0,,E2-UNSPECIFIED
OEB040fbeac,llama_extract,0,1,E2-PARTIAL_EXTRACT,
OEB040fbebb,llama_extract,0,1,E2-PARTIAL_EXTRACT,
OEB040fbecb,llama_extract,0,1,E2-PARTIAL_EXTRACT,
OEB040fbecc,llama_extract,0,1,E2-PARTIAL_EXTRACT,
OEB040fbedb,llama_extract,0,1,E2-PARTIAL_EXTRACT,
OEB040fcbba,llama_extract,1,0,,E2-UNSPECIFIED
OEB040fccbb,llama_extract,1,0,,E2-UNSPECIFIED
OEB040fceac,llama_extract,0,1,E2-PARTIAL_EXTRACT,
OEB040fcedb,llama_extract,0,1,E2-PARTIAL_EXTRACT,
OEB040fcedc,llama_extract,0,1,E2-PARTIAL_EXTRACT,
OEB040fdbba,llama_extract,1,0,,E2-UNSPECIFIED
OEB040fdbbb,llama_extract,1,0,,E2-UNSPECIFIED
OEB040fdcba,llama_extract,1,0,,E2-UNSPECIFIED
OEB040fdeba,llama_extract,0,1,E2-PARTIAL_EXTRACT,
OEB040fdebc,llama_extract,0,1,E2-PARTIAL_EXTRACT,
OEB040fdeda,llama_extract,0,1,E2-PARTIAL_EXTRACT,
OEB040febbb,llama_extract,1,0,,E2-UNSPECIFIED
OEB040fecbb,llama_extract,1,0,,E2-UNSPECIFIED
OEB040fedbb,llama_extract,1,0,,E2-UNSPECIFIED
OEB040feeac,llama_extract,0,1,E2-PARTIAL_EXTRACT,
OEB040feeba,llama_extract,0,1,E2-PARTIAL_EXTRACT,
OEB040feebb,llama_extract,0,1,E2-PARTIAL_EXTRACT,
OEB040feebc,llama_extract,0,1,E2-PARTIAL_EXTRACT,
OEB040feedb,llama_extract,0,1,E2-PARTIAL_EXTRACT,
OEB040feedc,llama_extract,0,1,E2-PARTIAL_EXTRACT,
OEB040ffbba,llama_extract,1,0,,E2-UNSPECIFIED
OEB040ffeaa,llama_extract,0,1,E2-PARTIAL_EXTRACT,
OEB040ffedc,llama_extract,0,1,E2-PARTIAL_EXTRACT,
OEB040fgcbb,llama_extract,1,0,,E2-UNSPECIFIED
OEB040fgdba,llama_extract,1,0,,E2-UNSPECIFIED
OEB040fgdbb,llama_extract,1,0,,E2-UNSPECIFIED
OEB040fgebb,llama_extract,0,1,E2-PARTIAL_EXTRACT,
OEB040fhebb,llama_extract,0,1,E2-PARTIAL_EXTRACT,
OEB040fhebc,llama_extract,0,1,E2-PARTIAL_EXTRACT,
OEB040fheca,llama_extract,0,1,E2-PARTIAL_EXTRACT,
OEB040fhecb,llama_extract,0,1,E2-PARTIAL_EXTRACT,
OEB040fhecc,llama_extract,0,1,E2-PARTIAL_EXTRACT,
OEB040fheda,llama_extract,0,1,E2-PARTIAL_EXTRACT,
OEB040gacbb,llama_extract,1,0,,E2-UNSPECIFIED
OEB040gadbb,llama_extract,1,0,,E2-UNSPECIFIED
OEB040gaeab,llama_extract,0,1,E2-PARTIAL_EXTRACT,
OEB040gaebb,llama_extract,0,1,E2-PARTIAL_EXTRACT,
OEB040gaebc,llama_extract,0,1,E2-PARTIAL_EXTRACT,
OEB040gaecb,llama_extract,0,1,E2-PARTIAL_EXTRACT,
OEB040gaecc,llama_extract,0,1,E2-PARTIAL_EXTRACT,
OEB040gaeda,llama_extract,0,1,E2-PARTIAL_EXTRACT,
OEB040gbeab,llama_extract,0,1,E2-PARTIAL_EXTRACT,
OEB040gbeac,llama_extract,0,1,E2-PARTIAL_EXTRACT,
OEB040gbebc,llama_extract,0,1,E2-PARTIAL_EXTRACT,
OEB040gbecb,llama_extract,0,1,E2-PARTIAL_EXTRACT,
OEB040gceab,llama_extract,0,1,E2-PARTIAL_EXTRACT,
OEB040gcebb,llama_extract,0,1,E2-PARTIAL_EXTRACT,
OEB040gcecb,llama_extract,0,1,E2-PARTIAL_EXTRACT,
OEB040gdbba,llama_extract,1,0,,E2-UNSPECIFIED
OEB040gddba,llama_extract,1,0,,E2-UNSPECIFIED
OEB040gdeaa,llama_extract,0,1,E2-PARTIAL_EXTRACT,
OEB040gdebb,llama_extract,0,1,E2-PARTIAL_EXTRACT,
OEB040gecbb,llama_extract,1,0,,E2-UNSPECIFIED
OEB040geeaa,llama_extract,0,1,E2-PARTIAL_EXTRACT,
OEB040geeac,llama_extract,0,1,E2-PARTIAL_EXTRACT,
OEB040geeba,llama_extract,0,1,E2-PARTIAL_EXTRACT,
OEB040geebc,llama_extract,0,1,E2-PARTIAL_EXTRACT,
OEB040geecb,llama_extract,0,1,E2-PARTIAL_EXTRACT,
OEB040geeda,llama_extract,0,1,E2-PARTIAL_EXTRACT,
OEB040geedb,llama_extract,0,1,E2-PARTIAL_EXTRACT,
OEB040geedc,llama_extract,0,1,E2-PARTIAL_EXTRACT,
OEB040gfcbb,llama_extract,1,0,,E2-UNSPECIFIED
OEB040gfeab,llama_extract,0,1,E2-PARTIAL_EXTRACT,
OEB040gfeac,llama_extract,0,1,E2-PARTIAL_EXTRACT,
OEB040gfeba,llama_extract,0,1,E2-PARTIAL_EXTRACT,
OEB040gfebb,llama_extract,0,1,E2-PARTIAL_EXTRACT,
OEB040gfebc,llama_extract,0,1,E2-PARTIAL_EXTRACT,
OEB040gfeca,llama_extract,0,1,E2-PARTIAL_EXTRACT,
OEB040gfeda,llama_extract,0,1,E2-PARTIAL_EXTRACT,
OEB040gfedb,llama_extract,0,1,E2-PARTIAL_EXTRACT,
OEB040ggeaa,llama_extract,0,1,E2-PARTIAL_EXTRACT,
OEB040ggeda,llama_extract,0,1,E2-PARTIAL_EXTRACT,
OEB040gheab,llama_extract,0,1,E2-PARTIAL_EXTRACT,
OEB040gheac,llama_extract,0,1,E2-PARTIAL_EXTRACT,
OEB040gheca,llama_extract,0,1,E2-PARTIAL_EXTRACT,
OEB040ghecb,llama_extract,0,1,E2-PARTIAL_EXTRACT,
OEB040ghedc,llama_extract,0,1,E2-PARTIAL_EXTRACT,
OEB040haeac,llama_extract,0,1,E2-PARTIAL_EXTRACT,
OEB040haeba,llama_extract,0,1,E2-PARTIAL_EXTRACT,
OEB040haebb,llama_extract,0,1,E2-PARTIAL_EXTRACT,
OEB040hbebb,llama_extract,0,1,E2-PARTIAL_EXTRACT,
OEB040hbebc,llama_extract,0,1,E2-PARTIAL_EXTRACT,
OEB040hbecb,llama_extract,0,1,E2-PARTIAL_EXTRACT,
OEB040hbecc,llama_extract,0,1,E2-PARTIAL_EXTRACT,
OEB040hbedb,llama_extract,0,1,E2-PARTIAL_EXTRACT,
OEB040hbedc,llama_extract,0,1,E2-PARTIAL_EXTRACT,
OEB040hbfbb,llama_extract,1,0,,E2-UNSPECIFIED
OEB040hcdbb,llama_extract,1,0,,E2-UNSPECIFIED
OEB040hceac,llama_extract,0,1,E2-PARTIAL_EXTRACT,
OEB040hceba,llama_extract,0,1,E2-PARTIAL_EXTRACT,
OEB040hcebb,llama_extract,0,1,E2-PARTIAL_EXTRACT,
OEB040hcebc,llama_extract,0,1,E2-PARTIAL_EXTRACT,
OEB040hceca,llama_extract,0,1,E2-PARTIAL_EXTRACT,
OEB040hdeaa,llama_extract,0,1,E2-PARTIAL_EXTRACT,
OEB040hdeab,llama_extract,0,1,E2-PARTIAL_EXTRACT,
OEB040hdebb,llama_extract,0,1,E2-PARTIAL_EXTRACT,
OEB040hdeda,llama_extract,0,1,E2-PARTIAL_EXTRACT,
OEB040hdedc,llama_extract,0,1,E2-PARTIAL_EXTRACT,
OEB040heeab,llama_extract,0,1,E2-PARTIAL_EXTRACT,
OEB040heebb,llama_extract,0,1,E2-PARTIAL_EXTRACT,
OEB040heebc,llama_extract,0,1,E2-PARTIAL_EXTRACT,
OEB040heedc,llama_extract,0,1,E2-PARTIAL_EXTRACT,
OEB040hfeab,llama_extract,0,1,E2-PARTIAL_EXTRACT,
OEB040hfeac,llama_extract,0,1,E2-PARTIAL_EXTRACT,
OEB040hfeda,llama_extract,0,1,E2-PARTIAL_EXTRACT,
OEB040hgeca,llama_extract,0,1,E2-PARTIAL_EXTRACT,
OEB040hgecb,llama_extract,0,1,E2-PARTIAL_EXTRACT,
OEB040hgecc,llama_extract,0,1,E2-PARTIAL_EXTRACT,
OEB040hgeda,llama_extract,0,1,E2-PARTIAL_EXTRACT,
OEB040hgedb,llama_extract,0,1,E2-PARTIAL_EXTRACT,
OEB040hhebb,llama_extract,0,1,E2-PARTIAL_EXTRACT,
OEB040hhebc,llama_extract,0,1,E2-PARTIAL_EXTRACT,
OEB040hhecb,llama_extract,0,1,E2-PARTIAL_EXTRACT,
OEB040hheda,llama_extract,0,1,E2-PARTIAL_EXTRACT,
OEB040hhedc,llama_extract,0,1,E2-PARTIAL_EXTRACT,
OEB040iacba,llama_extract,1,0,,E2-UNSPECIFIED
OEB040iadbb,llama_extract,1,0,,E2-UNSPECIFIED
OEB040iaeaa,llama_extract,0,1,E2-PARTIAL_EXTRACT,
OEB040iaeba,llama_extract,0,1,E2-PARTIAL_EXTRACT,
OEB040iaecb,llama_extract,0,1,E2-PARTIAL_EXTRACT,
OEB040ibebb,llama_extract,0,1,E2-PARTIAL_EXTRACT,
OEB040ibebc,llama_extract,0,1,E2-PARTIAL_EXTRACT,
OEB040ibeda,llama_extract,0,1,E2-PARTIAL_EXTRACT,
OEB040icebc,llama_extract,0,1,E2-PARTIAL_EXTRACT,
OEB040icecb,llama_extract,0,1,E2-PARTIAL_EXTRACT,
OEB040iceda,llama_extract,0,1,E2-PARTIAL_EXTRACT,
OEB040idcbb,llama_extract,1,0,,E2-UNSPECIFIED
OEB040iddba,llama_extract,1,0,,E2-UNSPECIFIED
OEB040ideba,llama_extract,0,1,E2-PARTIAL_EXTRACT,
OEB040idebb,llama_extract,0,1,E2-PARTIAL_EXTRACT,
OEB040idecc,llama_extract,0,1,E2-PARTIAL_EXTRACT,
OEB040idfbc,llama_extract,1,0,,E2-UNSPECIFIED
OEB040ieeac,llama_extract,0,1,E2-PARTIAL_EXTRACT,
OEB040ieebb,llama_extract,0,1,E2-PARTIAL_EXTRACT,
OEB040ieecc,llama_extract,0,1,E2-PARTIAL_EXTRACT,
OEB040ieedc,llama_extract,0,1,E2-PARTIAL_EXTRACT,
OEB040ifdbb,llama_extract,1,0,,E2-UNSPECIFIED
OEB040ifeaa,llama_extract,0,1,E2-PARTIAL_EXTRACT,
OEB040ifeac,llama_extract,0,1,E2-PARTIAL_EXTRACT,
OEB040ifeba,llama_extract,0,1,E2-PARTIAL_EXTRACT,
OEB040ifebc,llama_extract,0,1,E2-PARTIAL_EXTRACT,
OEB040ifeca,llama_extract,0,1,E2-PARTIAL_EXTRACT,
OEB040ifecb,llama_extract,0,1,E2-PARTIAL_EXTRACT,
OEB040igeaa,llama_extract,0,1,E2-PARTIAL_EXTRACT,
OEB040igeab,llama_extract,0,1,E2-PARTIAL_EXTRACT,
OEB040igebb,llama_extract,0,1,E2-PARTIAL_EXTRACT,
OEB040igebc,llama_extract,0,1,E2-PARTIAL_EXTRACT,
OEB040ihdbb,llama_extract,1,0,,E2-UNSPECIFIED
OEB040iheab,llama_extract,0,1,E2-PARTIAL_EXTRACT,
OEB040iheac,llama_extract,0,1,E2-PARTIAL_EXTRACT,
OEB040iheba,llama_extract,0,1,E2-PARTIAL_EXTRACT,
OEB040ihedb,llama_extract,0,1,E2-PARTIAL_EXTRACT,
OEB040ihedc,llama_extract,0,1,E2-PARTIAL_EXTRACT,
OEB040jacbb,llama_extract,1,0,,E2-UNSPECIFIED
OEB040jadba,llama_extract,1,0,,E2-UNSPECIFIED
OEB040jaeac,llama_extract,0,1,E2-PARTIAL_EXTRACT,
OEB040jaecb,llama_extract,0,1,E2-PARTIAL_EXTRACT,
OEB040jbeaa,llama_extract,0,1,E2-PARTIAL_EXTRACT,
OEB040jbeac,llama_extract,0,1,E2-PARTIAL_EXTRACT,
OEB040jbeba,llama_extract,0,1,E2-PARTIAL_EXTRACT,
OEB040jbebb,llama_extract,0,1,E2-PARTIAL_EXTRACT,
OEB040jbecc,llama_extract,0,1,E2-PARTIAL_EXTRACT,
OEB040jbeda,llama_extract,0,1,E2-PARTIAL_EXTRACT,
OEB040jbedb,llama_extract,0,1,E2-PARTIAL_EXTRACT,
OEB040jcdba,llama_extract,1,0,,E2-UNSPECIFIED
OEB040jcdbb,llama_extract,1,0,,E2-UNSPECIFIED
OEB040jceaa,llama_extract,0,1,E2-PARTIAL_EXTRACT,
OEB040jceab,llama_extract,0,1,E2-PARTIAL_EXTRACT,
OEB040jceba,llama_extract,0,1,E2-PARTIAL_EXTRACT,
OEB040jcebb,llama_extract,0,1,E2-PARTIAL_EXTRACT,
OEB040jceca,llama_extract,0,1,E2-PARTIAL_EXTRACT,
OEB040jcecb,llama_extract,0,1,E2-PARTIAL_EXTRACT,
OEB040jcedb,llama_extract,0,1,E2-PARTIAL_EXTRACT,
OEB040jdbba,llama_extract,1,0,,E2-UNSPECIFIED
OEB040jdeba,llama_extract,0,1,E2-PARTIAL_EXTRACT,
OEB040jdeca,llama_extract,0,1,E2-PARTIAL_EXTRACT,
OEB040jdecc,llama_extract,0,1,E2-PARTIAL_EXTRACT,
OEB040jdeda,llama_extract,0,1,E2-PARTIAL_EXTRACT,
OEB040jdedb,llama_extract,0,1,E2-PARTIAL_EXTRACT,
OEB040jdedc,llama_extract,0,1,E2-PARTIAL_EXTRACT,
OEB040jeeab,llama_extract,0,1,E2-PARTIAL_EXTRACT,
OEB040jeedb,llama_extract,0,1,E2-PARTIAL_EXTRACT,
OEB040jfdba,llama_extract,1,0,,E2-UNSPECIFIED
OEB040jfeda,llama_extract,0,1,E2-PARTIAL_EXTRACT,
OEB040jgdba,llama_extract,1,0,,E2-UNSPECIFIED
OEB040jgdbb,llama_extract,1,0,,E2-UNSPECIFIED
OEB040jgeba,llama_extract,0,1,E2-PARTIAL_EXTRACT,
OEB040jgeda,llama_extract,0,1,E2-PARTIAL_EXTRACT,
OEB040jheba,llama_extract,0,1,E2-PARTIAL_EXTRACT,
OEB040jhebc,llama_extract,0,1,E2-PARTIAL_EXTRACT,
OEB040jheda,llama_extract,0,1,E2-PARTIAL_EXTRACT,
OEB040kacba,llama_extract,1,0,,E2-UNSPECIFIED
OEB040kacbb,llama_extract,1,0,,E2-UNSPECIFIED
OEB040kaeba,llama_extract,0,1,E2-PARTIAL_EXTRACT,
OEB040kaeca,llama_extract,0,1,E2-PARTIAL_EXTRACT,
OEB040kaedb,llama_extract,0,1,E2-PARTIAL_EXTRACT,
OEB040kaedc,llama_extract,0,1,E2-PARTIAL_EXTRACT,
OEB040kbeaa,llama_extract,0,1,E2-PARTIAL_EXTRACT,
OEB040kbebb,llama_extract,0,1,E2-PARTIAL_EXTRACT,
OEB040kbecb,llama_extract,0,1,E2-PARTIAL_EXTRACT,
OEB040kbedb,llama_extract,0,1,E2-PARTIAL_EXTRACT,
OEB040kceaa,llama_extract,0,1,E2-PARTIAL_EXTRACT,
OEB040kceac,llama_extract,0,1,E2-PARTIAL_EXTRACT,
OEB040kceba,llama_extract,0,1,E2-PARTIAL_EXTRACT,
OEB040kcebb,llama_extract,0,1,E2-PARTIAL_EXTRACT,
OEB040kcecb,llama_extract,0,1,E2-PARTIAL_EXTRACT,
OEB040kcecc,llama_extract,0,1,E2-PARTIAL_EXTRACT,
OEB040kdbba,llama_extract,1,0,,E2-UNSPECIFIED
OEB040kdbbb,llama_extract,1,0,,E2-UNSPECIFIED
OEB040kdcbb,llama_extract,1,0,,E2-UNSPECIFIED
OEB040kdeab,llama_extract,0,1,E2-PARTIAL_EXTRACT,
OEB040kdecb,llama_extract,0,1,E2-PARTIAL_EXTRACT,
OEB040kdedb,llama_extract,0,1,E2-PARTIAL_EXTRACT,
OEB040kdfbc,llama_extract,1,0,,E2-UNSPECIFIED
OEB040kecba,llama_extract,1,0,,E2-UNSPECIFIED
OEB040kedba,llama_extract,1,0,,E2-UNSPECIFIED
OEB040kedbb,llama_extract,1,0,,E2-UNSPECIFIED
OEB040keecc,llama_extract,0,1,E2-PARTIAL_EXTRACT,
OEB040kefbc,llama_extract,1,0,,E2-UNSPECIFIED
OEB040kfdba,llama_extract,1,0,,E2-UNSPECIFIED
OEB040kfdbb,llama_extract,1,0,,E2-UNSPECIFIED
OEB040kfeac,llama_extract,0,1,E2-PARTIAL_EXTRACT,
OEB040kfebb,llama_extract,0,1,E2-PARTIAL_EXTRACT,
OEB040kfebc,llama_extract,0,1,E2-PARTIAL_EXTRACT,
OEB040kfeca,llama_extract,0,1,E2-PARTIAL_EXTRACT,
OEB040kfedc,llama_extract,0,1,E2-PARTIAL_EXTRACT,
OEB040kgeaa,llama_extract,0,1,E2-PARTIAL_EXTRACT,
OEB040kgeab,llama_extract,0,1,E2-PARTIAL_EXTRACT,
OEB040kgeac,llama_extract,0,1,E2-PARTIAL_EXTRACT,
OEB040kgeca,llama_extract,0,1,E2-PARTIAL_EXTRACT,
OEB040kgecc,llama_extract,0,1,E2-PARTIAL_EXTRACT,
OEB040kgedb,llama_extract,0,1,E2-PARTIAL_EXTRACT,
OEB040kheba,llama_extract,0,1,E2-PARTIAL_EXTRACT,
OEB040khebb,llama_extract,0,1,E2-PARTIAL_EXTRACT,
OEB040kheca,llama_extract,0,1,E2-PARTIAL_EXTRACT,
OEB040khecb,llama_extract,0,1,E2-PARTIAL_EXTRACT,
OEB040khfbc,llama_extract,1,0,,E2-UNSPECIFIED
OEB070aeab,llama_extract,0,1,E2-PARTIAL_EXTRACT,
OEB070aecb,llama_extract,0,1,E2-PARTIAL_EXTRACT,
OEB070afbb,llama_extract,1,0,,E2-UNSPECIFIED
OEB070babc,llama_extract,1,0,,E2-UNSPECIFIED
OEB070bbbc,llama_extract,1,0,,E2-UNSPECIFIED
OEB070bcba,llama_extract,1,0,,E2-UNSPECIFIED
OEB070beaa,llama_extract,0,1,E2-PARTIAL_EXTRACT,
OEB070beac,llama_extract,0,1,E2-PARTIAL_EXTRACT,
OEB070becb,llama_extract,0,1,E2-PARTIAL_EXTRACT,
OEB070beda,llama_extract,0,1,E2-PARTIAL_EXTRACT,
OEB070bedb,llama_extract,0,1,E2-PARTIAL_EXTRACT,
OEB070bfba,llama_extract,1,0,,E2-UNSPECIFIED
OEB090aaba,llama_extract,1,0,,E2-UNSPECIFIED
OEB090aacb,llama_extract,1,0,,E2-UNSPECIFIED
OEB090aacc,llama_extract,1,0,,E2-UNSPECIFIED
OEB090abba,llama_extract,1,0,,E2-UNSPECIFIED
OEB090abcc,llama_extract,1,0,,E2-UNSPECIFIED
OEB090babb,llama_extract,1,0,,E2-UNSPECIFIED
OEB090baca,llama_extract,1,0,,E2-UNSPECIFIED
OEB090bacb,llama_extract,1,0,,E2-UNSPECIFIED
OEB090bbca,llama_extract,1,0,,E2-UNSPECIFIED
OEB090bbcb,llama_extract,1,0,,E2-UNSPECIFIED
OEB090bbdc,llama_extract,1,0,,E2-UNSPECIFIED
OEB090bcbc,llama_extract,1,0,,E2-UNSPECIFIED
OEB090bcda,llama_extract,1,0,,E2-UNSPECIFIED
OEB090bcdb,llama_extract,1,0,,E2-UNSPECIFIED
OEB090bcdc,llama_extract,1,0,,E2-UNSPECIFIED
OEB090bdbb,llama_extract,1,0,,E2-UNSPECIFIED
OEB090bdda,llama_extract,1,0,,E2-UNSPECIFIED
OEB090beac,llama_extract,1,0,,E2-UNSPECIFIED
OEB090beba,llama_extract,1,0,,E2-UNSPECIFIED
OEB090beda,llama_extract,1,0,,E2-UNSPECIFIED
OEB090bfaa,llama_extract,1,0,,E2-UNSPECIFIED
OEB090bfab,llama_extract,1,0,,E2-UNSPECIFIED
OEB090bfbb,llama_extract,1,0,,E2-UNSPECIFIED
OEB090bfda,llama_extract,1,0,,E2-UNSPECIFIED
OEB100bca,llama_extract,1,0,,E2-UNSPECIFIED
OEB100fba,llama_extract,1,0,,E2-UNSPECIFIED
OEB120bfca,llama_extract,1,0,,E2-UNSPECIFIED
OEB120cfdc,llama_extract,1,0,,E2-UNSPECIFIED
OEB130fbb,llama_extract,1,0,,E2-UNSPECIFIED
OEB130fbc,llama_extract,1,0,,E2-UNSPECIFIED
OEB140fbc,llama_extract,1,0,,E2-UNSPECIFIED
OEB150bab,llama_extract,1,0,,E2-UNSPECIFIED
OEB150bac,llama_extract,1,0,,E2-UNSPECIFIED
OEB150bca,llama_extract,1,0,,E2-UNSPECIFIED
OEB150bcb,llama_extract,1,0,,E2-UNSPECIFIED
OEB150eba,llama_extract,1,0,,E2-UNSPECIFIED
OEB150fbb,llama_extract,1,0,,E2-UNSPECIFIED
OEB170adaca,llama_extract,1,0,,E2-UNSPECIFIED
OEB170adbaa,llama_extract,1,0,,E2-UNSPECIFIED
OEB170adbba,llama_extract,1,0,,E2-UNSPECIFIED
OEB170adbbc,llama_extract,1,0,,E2-UNSPECIFIED
OEB170adbcb,llama_extract,1,0,,E2-UNSPECIFIED
OEB170adbcc,llama_extract,1,0,,E2-UNSPECIFIED
OEB170adcba,llama_extract,1,0,,E2-UNSPECIFIED
OEB170adcbc,llama_extract,1,0,,E2-UNSPECIFIED
OEB170adccb,llama_extract,1,0,,E2-UNSPECIFIED
OEB170addaa,llama_extract,1,0,,E2-UNSPECIFIED
OEB170addbb,llama_extract,1,0,,E2-UNSPECIFIED
OEB170addca,llama_extract,1,0,,E2-UNSPECIFIED
OEB170adddb,llama_extract,1,0,,E2-UNSPECIFIED
OEB170adeaa,llama_extract,1,0,,E2-UNSPECIFIED
OEB170adeab,llama_extract,1,0,,E2-UNSPECIFIED
OEB170adeac,llama_extract,1,0,,E2-UNSPECIFIED
OEB170adeba,llama_extract,1,0,,E2-UNSPECIFIED
OEB170adeca,llama_extract,1,0,,E2-UNSPECIFIED
OEB170adecb,llama_extract,1,0,,E2-UNSPECIFIED
OEB170adecc,llama_extract,1,0,,E2-UNSPECIFIED
OEB170adfaa,llama_extract,1,0,,E2-UNSPECIFIED
OEB170adfab,llama_extract,1,0,,E2-UNSPECIFIED
OEB170adfba,llama_extract,1,0,,E2-UNSPECIFIED
OEB170adfbb,llama_extract,1,0,,E2-UNSPECIFIED
OEB170adfbc,llama_extract,1,0,,E2-UNSPECIFIED
OEB170adfca,llama_extract,1,0,,E2-UNSPECIFIED
OEB170adfcc,llama_extract,1,0,,E2-UNSPECIFIED
OEB170adfdc,llama_extract,1,0,,E2-UNSPECIFIED
OEB170aeadc,llama_extract,1,0,,E2-UNSPECIFIED
OEB170agcca,llama_extract,1,0,,E2-UNSPECIFIED
OEB170bbadc,llama_extract,1,0,,E2-UNSPECIFIED
OEB170bcada,llama_extract,1,0,,E2-UNSPECIFIED
OEB170bcadc,llama_extract,1,0,,E2-UNSPECIFIED
OEB170bcbbb,llama_extract,1,0,,E2-UNSPECIFIED
OEB170bcbda,llama_extract,1,0,,E2-UNSPECIFIED
OEB170bcbdc,llama_extract,1,0,,E2-UNSPECIFIED
OEB170bdaab,llama_extract,1,0,,E2-UNSPECIFIED
OEB170bdaac,llama_extract,1,0,,E2-UNSPECIFIED
OEB170bdaca,llama_extract,1,0,,E2-UNSPECIFIED
OEB170bdbca,llama_extract,1,0,,E2-UNSPECIFIED
OEB170bdfbb,llama_extract,1,0,,E2-UNSPECIFIED
OEB170bdfcb,llama_extract,1,0,,E2-UNSPECIFIED
OEB170beadc,llama_extract,1,0,,E2-UNSPECIFIED
OEB170ccbbb,llama_extract,1,0,,E2-UNSPECIFIED
OEB170cdaca,llama_extract,1,0,,E2-UNSPECIFIED
OEB170cdacc,llama_extract,1,0,,E2-UNSPECIFIED
OEB170cdbac,llama_extract,1,0,,E2-UNSPECIFIED
OEB170cdbba,llama_extract,1,0,,E2-UNSPECIFIED
OEB170cdbcb,llama_extract,1,0,,E2-UNSPECIFIED
OEB170cdbcc,llama_extract,1,0,,E2-UNSPECIFIED
OEB170cdcca,llama_extract,1,0,,E2-UNSPECIFIED
OEB170cdccb,llama_extract,1,0,,E2-UNSPECIFIED
OEB170cddac,llama_extract,1,0,,E2-UNSPECIFIED
OEB170cddbb,llama_extract,1,0,,E2-UNSPECIFIED
OEB170cddcb,llama_extract,1,0,,E2-UNSPECIFIED
OEB170cdddb,llama_extract,1,0,,E2-UNSPECIFIED
OEB170cdeba,llama_extract,1,0,,E2-UNSPECIFIED
OEB170cdecb,llama_extract,1,0,,E2-UNSPECIFIED
OEB170cdedc,llama_extract,1,0,,E2-UNSPECIFIED
OEB170cdfab,llama_extract,1,0,,E2-UNSPECIFIED
OEB170cdfbb,llama_extract,1,0,,E2-UNSPECIFIED
OEB170cdfcb,llama_extract,1,0,,E2-UNSPECIFIED
OEB170cebbb,llama_extract,1,0,,E2-UNSPECIFIED
OEB170ddaaa,llama_extract,1,0,,E2-UNSPECIFIED
OEB170ddabb,llama_extract,1,0,,E2-UNSPECIFIED
OEB170ddada,llama_extract,1,0,,E2-UNSPECIFIED
OEB170ddbaa,llama_extract,1,0,,E2-UNSPECIFIED
OEB170ddbcb,llama_extract,1,0,,E2-UNSPECIFIED
OEB170ddbdb,llama_extract,1,0,,E2-UNSPECIFIED
OEB170ddcaa,llama_extract,1,0,,E2-UNSPECIFIED
OEB170ddcca,llama_extract,1,0,,E2-UNSPECIFIED
OEB170ddccb,llama_extract,1,0,,E2-UNSPECIFIED
OEB170dddab,llama_extract,1,0,,E2-UNSPECIFIED
OEB170dddba,llama_extract,1,0,,E2-UNSPECIFIED
OEB170dddbb,llama_extract,1,0,,E2-UNSPECIFIED
OEB170dddca,llama_extract,1,0,,E2-UNSPECIFIED
OEB170dddda,llama_extract,1,0,,E2-UNSPECIFIED
OEB170ddeab,llama_extract,1,0,,E2-UNSPECIFIED
OEB170ddebb,llama_extract,1,0,,E2-UNSPECIFIED
OEB170ddecc,llama_extract,1,0,,E2-UNSPECIFIED
OEB170ddedb,llama_extract,1,0,,E2-UNSPECIFIED
OEB170ddedc,llama_extract,1,0,,E2-UNSPECIFIED
OEB170ddfba,llama_extract,1,0,,E2-UNSPECIFIED
OEB170ddfdc,llama_extract,1,0,,E2-UNSPECIFIED
OEB170dfadc,llama_extract,1,0,,E2-UNSPECIFIED
OEB170dgada,llama_extract,1,0,,E2-UNSPECIFIED
OEB170eaadc,llama_extract,1,0,,E2-UNSPECIFIED
OEB170ebada,llama_extract,1,0,,E2-UNSPECIFIED
OEB170ecadc,llama_extract,1,0,,E2-UNSPECIFIED
OEB170ecbbb,llama_extract,1,0,,E2-UNSPECIFIED
OEB170ecbdc,llama_extract,1,0,,E2-UNSPECIFIED
OEB170ecfdc,llama_extract,1,0,,E2-UNSPECIFIED
OEB170edaac,llama_extract,1,0,,E2-UNSPECIFIED
OEB170edabc,llama_extract,1,0,,E2-UNSPECIFIED
OEB170edacb,llama_extract,1,0,,E2-UNSPECIFIED
OEB170edada,llama_extract,1,0,,E2-UNSPECIFIED
OEB170edbaa,llama_extract,1,0,,E2-UNSPECIFIED
OEB170edbab,llama_extract,1,0,,E2-UNSPECIFIED
OEB170edbcb,llama_extract,1,0,,E2-UNSPECIFIED
OEB170edbdb,llama_extract,1,0,,E2-UNSPECIFIED
OEB170edcac,llama_extract,1,0,,E2-UNSPECIFIED
OEB170edcda,llama_extract,1,0,,E2-UNSPECIFIED
OEB170edcdb,llama_extract,1,0,,E2-UNSPECIFIED
OEB170eddab,llama_extract,1,0,,E2-UNSPECIFIED
OEB170eddcc,llama_extract,1,0,,E2-UNSPECIFIED
OEB170edddb,llama_extract,1,0,,E2-UNSPECIFIED
OEB170edeaa,llama_extract,1,0,,E2-UNSPECIFIED
OEB170edeab,llama_extract,1,0,,E2-UNSPECIFIED
OEB170edeac,llama_extract,1,0,,E2-UNSPECIFIED
OEB170edeba,llama_extract,1,0,,E2-UNSPECIFIED
OEB170edebb,llama_extract,1,0,,E2-UNSPECIFIED
OEB170edecc,llama_extract,1,0,,E2-UNSPECIFIED
OEB170ededb,llama_extract,1,0,,E2-UNSPECIFIED
OEB170ededc,llama_extract,1,0,,E2-UNSPECIFIED
OEB170edfab,llama_extract,1,0,,E2-UNSPECIFIED
OEB170edfba,llama_extract,1,0,,E2-UNSPECIFIED
OEB170edfbb,llama_extract,1,0,,E2-UNSPECIFIED
OEB170edfcc,llama_extract,1,0,,E2-UNSPECIFIED
OEB170edfda,llama_extract,1,0,,E2-UNSPECIFIED
OEB180fbb,llama_extract,1,0,,E2-UNSPECIFIED
OEB190aaaba,llama_extract,0,1,E2-PARTIAL_EXTRACT,
OEB190aaabb,llama_extract,0,1,E2-PARTIAL_EXTRACT,
OEB190aabbb,llama_extract,0,1,E2-PARTIAL_EXTRACT,
OEB190aabdc,llama_extract,0,1,E2-PARTIAL_EXTRACT,
OEB190aacaa,llama_extract,0,1,E2-PARTIAL_EXTRACT,
OEB190aacba,llama_extract,0,1,E2-PARTIAL_EXTRACT,
OEB190aacdb,llama_extract,0,1,E2-PARTIAL_EXTRACT,
OEB190aadbb,llama_extract,0,1,E2-PARTIAL_EXTRACT,
OEB190aadbc,llama_extract,0,1,E2-PARTIAL_EXTRACT,
OEB190aaeab,llama_extract,0,1,E2-PARTIAL_EXTRACT,
OEB190aaedb,llama_extract,0,1,E2-PARTIAL_EXTRACT,
OEB190aaedc,llama_extract,0,1,E2-PARTIAL_EXTRACT,
OEB190abaab,llama_extract,0,1,E2-PARTIAL_EXTRACT,
OEB190abaac,llama_extract,0,1,E2-PARTIAL_EXTRACT,
OEB190ababb,llama_extract,0,1,E2-PARTIAL_EXTRACT,
OEB190ababc,llama_extract,0,1,E2-PARTIAL_EXTRACT,
OEB190abadb,llama_extract,0,1,E2-PARTIAL_EXTRACT,
OEB190abbab,llama_extract,0,1,E2-PARTIAL_EXTRACT,
OEB190abbac,llama_extract,0,1,E2-PARTIAL_EXTRACT,
OEB190abbbb,llama_extract,0,1,E2-PARTIAL_EXTRACT,
OEB190abbdb,llama_extract,0,1,E2-PARTIAL_EXTRACT,
OEB190abcbc,llama_extract,0,1,E2-PARTIAL_EXTRACT,
OEB190abcda,llama_extract,0,1,E2-PARTIAL_EXTRACT,
OEB190abdaa,llama_extract,0,1,E2-PARTIAL_EXTRACT,
OEB190abdbb,llama_extract,0,1,E2-PARTIAL_EXTRACT,
OEB190abdbc,llama_extract,0,1,E2-PARTIAL_EXTRACT,
OEB190abddb,llama_extract,0,1,E2-PARTIAL_EXTRACT,
OEB190abeaa,llama_extract,0,1,E2-PARTIAL_EXTRACT,
OEB190abeab,llama_extract,0,1,E2-PARTIAL_EXTRACT,
OEB190abebb,llama_extract,0,1,E2-PARTIAL_EXTRACT,
OEB190abebc,llama_extract,0,1,E2-PARTIAL_EXTRACT,
OEB190abeda,llama_extract,0,1,E2-PARTIAL_EXTRACT,
OEB190abfab,llama_extract,0,1,E2-PARTIAL_EXTRACT,
OEB190abfba,llama_extract,0,1,E2-PARTIAL_EXTRACT,
OEB190abfbc,llama_extract,0,1,E2-PARTIAL_EXTRACT,
OEB190abfdb,llama_extract,0,1,E2-PARTIAL_EXTRACT,
OEB190acaaa,llama_extract,0,1,E2-PARTIAL_EXTRACT,
OEB190acaac,llama_extract,0,1,E2-PARTIAL_EXTRACT,
OEB190acaba,llama_extract,0,1,E2-PARTIAL_EXTRACT,
OEB190acada,llama_extract,0,1,E2-PARTIAL_EXTRACT,
OEB190acadb,llama_extract,0,1,E2-PARTIAL_EXTRACT,
OEB190acbbc,llama_extract,0,1,E2-PARTIAL_EXTRACT,
OEB190acbda,llama_extract,0,1,E2-PARTIAL_EXTRACT,
OEB190acbdc,llama_extract,0,1,E2-PARTIAL_EXTRACT,
OEB190accaa,llama_extract,0,1,E2-PARTIAL_EXTRACT,
OEB190accdb,llama_extract,0,1,E2-PARTIAL_EXTRACT,
OEB190acdaa,llama_extract,0,1,E2-PARTIAL_EXTRACT,
OEB190acdac,llama_extract,0,1,E2-PARTIAL_EXTRACT,
OEB190aceab,llama_extract,0,1,E2-PARTIAL_EXTRACT,
OEB190aceac,llama_extract,0,1,E2-PARTIAL_EXTRACT,
OEB190acebb,llama_extract,0,1,E2-PARTIAL_EXTRACT,
OEB190acfab,llama_extract,0,1,E2-PARTIAL_EXTRACT,
OEB190acfbb,llama_extract,0,1,E2-PARTIAL_EXTRACT,
OEB190acfdc,llama_extract,0,1,E2-PARTIAL_EXTRACT,
OEB200aaaab,llama_extract,0,1,E2-PARTIAL_EXTRACT,
OEB200aaaac,llama_extract,0,1,E2-PARTIAL_EXTRACT,
OEB200aaabc,llama_extract,0,1,E2-PARTIAL_EXTRACT,
OEB200aaadb,llama_extract,0,1,E2-PARTIAL_EXTRACT,
OEB200aabaa,llama_extract,0,1,E2-PARTIAL_EXTRACT,
OEB200aabac,llama_extract,0,1,E2-PARTIAL_EXTRACT,
OEB200aabba,llama_extract,0,1,E2-PARTIAL_EXTRACT,
OEB200aadac,llama_extract,0,1,E2-PARTIAL_EXTRACT,
OEB200aadba,llama_extract,0,1,E2-PARTIAL_EXTRACT,
OEB200aadbb,llama_extract,0,1,E2-PARTIAL_EXTRACT,
OEB200aadbc,llama_extract,0,1,E2-PARTIAL_EXTRACT,
OEB200aaeaa,llama_extract,0,1,E2-PARTIAL_EXTRACT,
OEB200aaeab,llama_extract,0,1,E2-PARTIAL_EXTRACT,
OEB200aaeac,llama_extract,0,1,E2-PARTIAL_EXTRACT,
OEB200aaeba,llama_extract,0,1,E2-PARTIAL_EXTRACT,
OEB200aaebb,llama_extract,0,1,E2-PARTIAL_EXTRACT,
OEB200aaebc,llama_extract,0,1,E2-PARTIAL_EXTRACT,
OEB200aaeda,llama_extract,0,1,E2-PARTIAL_EXTRACT,
OEB200aafaa,llama_extract,0,1,E2-PARTIAL_EXTRACT,
OEB200aafac,llama_extract,0,1,E2-PARTIAL_EXTRACT,
OEB200aafba,llama_extract,0,1,E2-PARTIAL_EXTRACT,
OEB200aafbb,llama_extract,0,1,E2-PARTIAL_EXTRACT,
OEB200abaab,llama_extract,0,1,E2-PARTIAL_EXTRACT,
OEB200abadc,llama_extract,0,1,E2-PARTIAL_EXTRACT,
OEB200abbac,llama_extract,0,1,E2-PARTIAL_EXTRACT,
OEB200abbda,llama_extract,0,1,E2-PARTIAL_EXTRACT,
OEB200abbdb,llama_extract,0,1,E2-PARTIAL_EXTRACT,
OEB200abcba,llama_extract,0,1,E2-PARTIAL_EXTRACT,
OEB200abcbb,llama_extract,0,1,E2-PARTIAL_EXTRACT,
OEB200abcda,llama_extract,0,1,E2-PARTIAL_EXTRACT,
OEB200abcdc,llama_extract,0,1,E2-PARTIAL_EXTRACT,
OEB200abdaa,llama_extract,0,1,E2-PARTIAL_EXTRACT,
OEB200abddc,llama_extract,0,1,E2-PARTIAL_EXTRACT,
OEB200abeba,llama_extract,0,1,E2-PARTIAL_EXTRACT,
OEB200abebc,llama_extract,0,1,E2-PARTIAL_EXTRACT,
OEB200abfaa,llama_extract,0,1,E2-PARTIAL_EXTRACT,
OEB200abfdc,llama_extract,0,1,E2-PARTIAL_EXTRACT,
OEB230caaaa,llama_extract,1,0,,E2-UNSPECIFIED
OEB230cabca,llama_extract,1,0,,E2-UNSPECIFIED
OEB230cadcb,llama_extract,1,0,,E2-UNSPECIFIED
OEB230caeab,llama_extract,1,0,,E2-UNSPECIFIED
OEB230caeac,llama_extract,1,0,,E2-UNSPECIFIED
OEB230cafda,llama_extract,1,0,,E2-UNSPECIFIED
OEB230cbada,llama_extract,1,0,,E2-UNSPECIFIED
OEB230cbbaa,llama_extract,1,0,,E2-UNSPECIFIED
OEB230cbbca,llama_extract,1,0,,E2-UNSPECIFIED
OEB230cbbdc,llama_extract,1,0,,E2-UNSPECIFIED
OEB230cbcbb,llama_extract,1,0,,E2-UNSPECIFIED
OEB230cbcca,llama_extract,1,0,,E2-UNSPECIFIED
OEB230cbdcc,llama_extract,1,0,,E2-UNSPECIFIED
OEB230cbddb,llama_extract,1,0,,E2-UNSPECIFIED
OEB230cbddc,llama_extract,1,0,,E2-UNSPECIFIED
OEB230cbeab,llama_extract,1,0,,E2-UNSPECIFIED
OEB230cbedc,llama_extract,1,0,,E2-UNSPECIFIED
OEB230cbfbc,llama_extract,1,0,,E2-UNSPECIFIED
OEB230cbfca,llama_extract,1,0,,E2-UNSPECIFIED
OEB230cbfda,llama_extract,1,0,,E2-UNSPECIFIED
OEB230ccebc,llama_extract,1,0,,E2-UNSPECIFIED
OEB230cdaab,llama_extract,1,0,,E2-UNSPECIFIED
OEB230cdada,llama_extract,1,0,,E2-UNSPECIFIED
OEB230cdadb,llama_extract,1,0,,E2-UNSPECIFIED
OEB230cdbab,llama_extract,1,0,,E2-UNSPECIFIED
OEB230cdbbb,llama_extract,1,0,,E2-UNSPECIFIED
OEB230cdbcb,llama_extract,1,0,,E2-UNSPECIFIED
OEB230cdbdb,llama_extract,1,0,,E2-UNSPECIFIED
OEB230cdcba,llama_extract,1,0,,E2-UNSPECIFIED
OEB230cdcbb,llama_extract,1,0,,E2-UNSPECIFIED
OEB230cdcca,llama_extract,1,0,,E2-UNSPECIFIED
OEB230cdccb,llama_extract,1,0,,E2-UNSPECIFIED
OEB230cddaa,llama_extract,1,0,,E2-UNSPECIFIED
OEB230cddab,llama_extract,1,0,,E2-UNSPECIFIED
OEB230cddcc,llama_extract,1,0,,E2-UNSPECIFIED
OEB230cdddc,llama_extract,1,0,,E2-UNSPECIFIED
OEB230cdebc,llama_extract,1,0,,E2-UNSPECIFIED
OEB230cdfab,llama_extract,1,0,,E2-UNSPECIFIED
OEB230cdfbb,llama_extract,1,0,,E2-UNSPECIFIED
OEB230cdfca,llama_extract,1,0,,E2-UNSPECIFIED
OEB230cdfcc,llama_extract,1,0,,E2-UNSPECIFIED
OEB230cdfda,llama_extract,1,0,,E2-UNSPECIFIED
OEB230cecca,llama_extract,1,0,,E2-UNSPECIFIED
OEB230ceeac,llama_extract,1,0,,E2-UNSPECIFIED
OEB230cfacb,llama_extract,1,0,,E2-UNSPECIFIED
OEB230cfbdb,llama_extract,1,0,,E2-UNSPECIFIED
OEB230cfeaa,llama_extract,1,0,,E2-UNSPECIFIED
OEB230cffbb,llama_extract,1,0,,E2-UNSPECIFIED
OEB230cffda,llama_extract,1,0,,E2-UNSPECIFIED
OEB230chacb,llama_extract,1,0,,E2-UNSPECIFIED
OEB230chadb,llama_extract,1,0,,E2-UNSPECIFIED
OEB230chbab,llama_extract,1,0,,E2-UNSPECIFIED
OEB230chdca,llama_extract,1,0,,E2-UNSPECIFIED
OEB230cheab,llama_extract,1,0,,E2-UNSPECIFIED
OEB230cheac,llama_extract,1,0,,E2-UNSPECIFIED
OEB230chedb,llama_extract,1,0,,E2-UNSPECIFIED
OEB230chfac,llama_extract,1,0,,E2-UNSPECIFIED
OEB230daaaa,llama_extract,1,0,,E2-UNSPECIFIED
OEB230daacc,llama_extract,1,0,,E2-UNSPECIFIED
OEB230dabaa,llama_extract,1,0,,E2-UNSPECIFIED
OEB230dabab,llama_extract,1,0,,E2-UNSPECIFIED
OEB230dabac,llama_extract,1,0,,E2-UNSPECIFIED
OEB230dabca,llama_extract,1,0,,E2-UNSPECIFIED
OEB230dabda,llama_extract,1,0,,E2-UNSPECIFIED
OEB230dabdb,llama_extract,1,0,,E2-UNSPECIFIED
OEB230dacab,llama_extract,1,0,,E2-UNSPECIFIED
OEB230dacac,llama_extract,1,0,,E2-UNSPECIFIED
OEB230dacbb,llama_extract,1,0,,E2-UNSPECIFIED
OEB230daccb,llama_extract,1,0,,E2-UNSPECIFIED
OEB230dacdb,llama_extract,1,0,,E2-UNSPECIFIED
OEB230dadac,llama_extract,1,0,,E2-UNSPECIFIED
OEB230dadbc,llama_extract,1,0,,E2-UNSPECIFIED
OEB230dadda,llama_extract,1,0,,E2-UNSPECIFIED
OEB230daeac,llama_extract,1,0,,E2-UNSPECIFIED
OEB230dafaa,llama_extract,1,0,,E2-UNSPECIFIED
OEB230dafab,llama_extract,1,0,,E2-UNSPECIFIED
OEB230dbabb,llama_extract,1,0,,E2-UNSPECIFIED
OEB230dbaca,llama_extract,1,0,,E2-UNSPECIFIED
OEB230dbacb,llama_extract,1,0,,E2-UNSPECIFIED
OEB230dbacc,llama_extract,1,0,,E2-UNSPECIFIED
OEB230dbadb,llama_extract,1,0,,E2-UNSPECIFIED
OEB230dbbab,llama_extract,1,0,,E2-UNSPECIFIED
OEB230dbbac,llama_extract,1,0,,E2-UNSPECIFIED
OEB230dbbbb,llama_extract,1,0,,E2-UNSPECIFIED
OEB230dbbcb,llama_extract,1,0,,E2-UNSPECIFIED
OEB230dbbdb,llama_extract,1,0,,E2-UNSPECIFIED
OEB230dbcba,llama_extract,1,0,,E2-UNSPECIFIED
OEB230dbcbc,llama_extract,1,0,,E2-UNSPECIFIED
OEB230dbdaa,llama_extract,1,0,,E2-UNSPECIFIED
OEB230dbdba,llama_extract,1,0,,E2-UNSPECIFIED
OEB230dbdbb,llama_extract,1,0,,E2-UNSPECIFIED
OEB230dbdcb,llama_extract,1,0,,E2-UNSPECIFIED
OEB230dbddb,llama_extract,1,0,,E2-UNSPECIFIED
OEB230dbeba,llama_extract,1,0,,E2-UNSPECIFIED
OEB230dbebb,llama_extract,1,0,,E2-UNSPECIFIED
OEB230dbeca,llama_extract,1,0,,E2-UNSPECIFIED
OEB230dbecb,llama_extract,1,0,,E2-UNSPECIFIED
OEB230dbeda,llama_extract,1,0,,E2-UNSPECIFIED
OEB230dbfab,llama_extract,1,0,,E2-UNSPECIFIED
OEB230dbfbb,llama_extract,1,0,,E2-UNSPECIFIED
OEB230dbfbc,llama_extract,1,0,,E2-UNSPECIFIED
OEB230dbfca,llama_extract,1,0,,E2-UNSPECIFIED
OEB230dcbac,llama_extract,1,0,,E2-UNSPECIFIED
OEB230dcbda,llama_extract,1,0,,E2-UNSPECIFIED
OEB230dcbdc,llama_extract,1,0,,E2-UNSPECIFIED
OEB230dceab,llama_extract,1,0,,E2-UNSPECIFIED
OEB230dceda,llama_extract,1,0,,E2-UNSPECIFIED
OEB230dcfbb,llama_extract,1,0,,E2-UNSPECIFIED
OEB230dcfca,llama_extract,1,0,,E2-UNSPECIFIED
OEB230ddaab,llama_extract,1,0,,E2-UNSPECIFIED
OEB230ddaac,llama_extract,1,0,,E2-UNSPECIFIED
OEB230ddacc,llama_extract,1,0,,E2-UNSPECIFIED
OEB230ddada,llama_extract,1,0,,E2-UNSPECIFIED
OEB230ddbcb,llama_extract,1,0,,E2-UNSPECIFIED
OEB230ddbda,llama_extract,1,0,,E2-UNSPECIFIED
OEB230ddcaa,llama_extract,1,0,,E2-UNSPECIFIED
OEB230ddcab,llama_extract,1,0,,E2-UNSPECIFIED
OEB230ddcba,llama_extract,1,0,,E2-UNSPECIFIED
OEB230ddcbb,llama_extract,1,0,,E2-UNSPECIFIED
OEB230ddcca,llama_extract,1,0,,E2-UNSPECIFIED
OEB230ddccb,llama_extract,1,0,,E2-UNSPECIFIED
OEB230ddcda,llama_extract,1,0,,E2-UNSPECIFIED
OEB230dddac,llama_extract,1,0,,E2-UNSPECIFIED
OEB230dddca,llama_extract,1,0,,E2-UNSPECIFIED
OEB230dddcc,llama_extract,1,0,,E2-UNSPECIFIED
OEB230ddeaa,llama_extract,1,0,,E2-UNSPECIFIED
OEB230ddeba,llama_extract,1,0,,E2-UNSPECIFIED
OEB230ddebc,llama_extract,1,0,,E2-UNSPECIFIED
OEB230ddedb,llama_extract,1,0,,E2-UNSPECIFIED
OEB230ddfab,llama_extract,1,0,,E2-UNSPECIFIED
OEB230ddfbc,llama_extract,1,0,,E2-UNSPECIFIED
OEB230ddfca,llama_extract,1,0,,E2-UNSPECIFIED
OEB230ddfcc,llama_extract,1,0,,E2-UNSPECIFIED
OEB230ddfdb,llama_extract,1,0,,E2-UNSPECIFIED
OEB230deada,llama_extract,1,0,,E2-UNSPECIFIED
OEB230dedda,llama_extract,1,0,,E2-UNSPECIFIED
OEB230dfaaa,llama_extract,1,0,,E2-UNSPECIFIED
OEB230dfaca,llama_extract,1,0,,E2-UNSPECIFIED
OEB230dfadc,llama_extract,1,0,,E2-UNSPECIFIED
OEB230dfbab,llama_extract,1,0,,E2-UNSPECIFIED
OEB230dfbdb,llama_extract,1,0,,E2-UNSPECIFIED
OEB230dfdcb,llama_extract,1,0,,E2-UNSPECIFIED
OEB230dfddb,llama_extract,1,0,,E2-UNSPECIFIED
OEB230dfeab,llama_extract,1,0,,E2-UNSPECIFIED
OEB230dfeac,llama_extract,1,0,,E2-UNSPECIFIED
OEB230dfebb,llama_extract,1,0,,E2-UNSPECIFIED
OEB230dfeca,llama_extract,1,0,,E2-UNSPECIFIED
OEB230dfeda,llama_extract,1,0,,E2-UNSPECIFIED
OEB230dffac,llama_extract,1,0,,E2-UNSPECIFIED
OEB230dffba,llama_extract,1,0,,E2-UNSPECIFIED
OEB230dffbb,llama_extract,1,0,,E2-UNSPECIFIED
OEB230dffbc,llama_extract,1,0,,E2-UNSPECIFIED
OEB230dffdc,llama_extract,1,0,,E2-UNSPECIFIED
OEB230dgaca,llama_extract,1,0,,E2-UNSPECIFIED
OEB230dgadb,llama_extract,1,0,,E2-UNSPECIFIED
OEB230dgbab,llama_extract,1,0,,E2-UNSPECIFIED
OEB230dgbdb,llama_extract,1,0,,E2-UNSPECIFIED
OEB230dgcda,llama_extract,1,0,,E2-UNSPECIFIED
OEB230dhaaa,llama_extract,1,0,,E2-UNSPECIFIED
OEB230dhacc,llama_extract,1,0,,E2-UNSPECIFIED
OEB230dhada,llama_extract,1,0,,E2-UNSPECIFIED
OEB230dhbda,llama_extract,1,0,,E2-UNSPECIFIED
OEB230dhbdc,llama_extract,1,0,,E2-UNSPECIFIED
OEB230dhcaa,llama_extract,1,0,,E2-UNSPECIFIED
OEB230dhcab,llama_extract,1,0,,E2-UNSPECIFIED
OEB230dhcac,llama_extract,1,0,,E2-UNSPECIFIED
OEB230dhcca,llama_extract,1,0,,E2-UNSPECIFIED
OEB230dhccc,llama_extract,1,0,,E2-UNSPECIFIED
OEB230dhdaa,llama_extract,1,0,,E2-UNSPECIFIED
OEB230dhdcb,llama_extract,1,0,,E2-UNSPECIFIED
OEB230dheac,llama_extract,1,0,,E2-UNSPECIFIED
OEB230dhedb,llama_extract,1,0,,E2-UNSPECIFIED
OEB230dhfaa,llama_extract,1,0,,E2-UNSPECIFIED
OEB230dhfab,llama_extract,1,0,,E2-UNSPECIFIED
OEB230dhfbb,llama_extract,1,0,,E2-UNSPECIFIED
OEB230ebbaa,llama_extract,1,0,,E2-UNSPECIFIED
OEB230ebbca,llama_extract,1,0,,E2-UNSPECIFIED
OEB230ebccb,llama_extract,1,0,,E2-UNSPECIFIED
OEB230ebdda,llama_extract,1,0,,E2-UNSPECIFIED
OEB230ebddc,llama_extract,1,0,,E2-UNSPECIFIED
OEB230ebecb,llama_extract,1,0,,E2-UNSPECIFIED
OEB230ebfcc,llama_extract,1,0,,E2-UNSPECIFIED
OEB240aad,llama_extract,1,0,,E2-UNSPECIFIED
OEB240abc,llama_extract,1,0,,E2-UNSPECIFIED
OEB240abd,llama_extract,1,0,,E2-UNSPECIFIED
OEB240acb,llama_extract,1,0,,E2-UNSPECIFIED
OEB240bbc,llama_extract,1,0,,E2-UNSPECIFIED
OEB240bcd,llama_extract,1,0,,E2-UNSPECIFIED
OEB250aaacb,llama_extract,0,1,E2-PARTIAL_EXTRACT,
OEB250aaadb,llama_extract,0,1,E2-PARTIAL_EXTRACT,
OEB250aabab,llama_extract,0,1,E2-PARTIAL_EXTRACT,
OEB250aabbb,llama_extract,0,1,E2-PARTIAL_EXTRACT,
OEB250aacbb,llama_extract,0,1,E2-PARTIAL_EXTRACT,
OEB250aacca,llama_extract,0,1,E2-PARTIAL_EXTRACT,
OEB250aaccc,llama_extract,0,1,E2-PARTIAL_EXTRACT,
OEB250ababb,llama_extract,0,1,E2-PARTIAL_EXTRACT,
OEB250abacb,llama_extract,0,1,E2-PARTIAL_EXTRACT,
OEB250abaeb,llama_extract,0,1,E2-PARTIAL_EXTRACT,
OEB250abaec,llama_extract,1,0,,E2-UNSPECIFIED
OEB250abbbb,llama_extract,0,1,E2-PARTIAL_EXTRACT,
OEB250abbcb,llama_extract,0,1,E2-PARTIAL_EXTRACT,
OEB250abbdb,llama_extract,0,1,E2-PARTIAL_EXTRACT,
OEB250abcab,llama_extract,0,1,E2-PARTIAL_EXTRACT,
OEB250abcbc,llama_extract,0,1,E2-PARTIAL_EXTRACT,
OEB250abcdb,llama_extract,0,1,E2-PARTIAL_EXTRACT,
OEB250abcdc,llama_extract,0,1,E2-PARTIAL_EXTRACT,
OEB250abcea,llama_extract,1,0,,E2-UNSPECIFIED
OEB250abceb,llama_extract,0,1,E2-PARTIAL_EXTRACT,
OEB250acada,llama_extract,1,0,,E2-UNSPECIFIED
OEB250acaea,llama_extract,1,0,,E2-UNSPECIFIED
OEB250acbab,llama_extract,0,1,E2-PARTIAL_EXTRACT,
OEB250acbcb,llama_extract,0,1,E2-PARTIAL_EXTRACT,
OEB250acbdb,llama_extract,0,1,E2-PARTIAL_EXTRACT,
OEB250accba,llama_extract,0,1,E2-PARTIAL_EXTRACT,
OEB250accbc,llama_extract,0,1,E2-PARTIAL_EXTRACT,
OEB250accca,llama_extract,0,1,E2-PARTIAL_EXTRACT,
OEB250acccb,llama_extract,0,1,E2-PARTIAL_EXTRACT,
OEB250acccc,llama_extract,0,1,E2-PARTIAL_EXTRACT,
OEB250baabb,llama_extract,0,1,E2-PARTIAL_EXTRACT,
OEB250baaec,llama_extract,1,0,,E2-UNSPECIFIED
OEB250babab,llama_extract,0,1,E2-PARTIAL_EXTRACT,
OEB250babeb,llama_extract,0,1,E2-PARTIAL_EXTRACT,
OEB250babec,llama_extract,0,1,E2-PARTIAL_EXTRACT,
OEB250bacbc,llama_extract,0,1,E2-PARTIAL_EXTRACT,
OEB250baccb,llama_extract,0,1,E2-PARTIAL_EXTRACT,
OEB250baccc,llama_extract,0,1,E2-PARTIAL_EXTRACT,
OEB250bacdc,llama_extract,0,1,E2-PARTIAL_EXTRACT,
OEB250bbaab,llama_extract,0,1,E2-PARTIAL_EXTRACT,
OEB250bbabb,llama_extract,0,1,E2-PARTIAL_EXTRACT,
OEB250bbacb,llama_extract,0,1,E2-PARTIAL_EXTRACT,
OEB250bbaea,llama_extract,1,0,,E2-UNSPECIFIED
OEB250bbaec,llama_extract,1,0,,E2-UNSPECIFIED
OEB250bbbcb,llama_extract,0,1,E2-PARTIAL_EXTRACT,
OEB250bbcba,llama_extract,0,1,E2-PARTIAL_EXTRACT,
OEB250bbcbb,llama_extract,0,1,E2-PARTIAL_EXTRACT,
OEB250bbcda,llama_extract,0,1,E2-PARTIAL_EXTRACT,
OEB250bcaab,llama_extract,0,1,E2-PARTIAL_EXTRACT,
OEB250bcabb,llama_extract,0,1,E2-PARTIAL_EXTRACT,
OEB250bcadb,llama_extract,0,1,E2-PARTIAL_EXTRACT,
OEB250bcaec,llama_extract,1,0,,E2-UNSPECIFIED
OEB250bccba,llama_extract,0,1,E2-PARTIAL_EXTRACT,
OEB250bccbc,llama_extract,0,1,E2-PARTIAL_EXTRACT,
OEB250bccca,llama_extract,0,1,E2-PARTIAL_EXTRACT,
OEB250bcccc,llama_extract,0,1,E2-PARTIAL_EXTRACT,
OEB250bcceb,llama_extract,0,1,E2-PARTIAL_EXTRACT,
OEB280cacaa,llama_extract,1,0,,E2-UNSPECIFIED
OEB280cadca,llama_extract,1,0,,E2-UNSPECIFIED
OEB280cbaaa,llama_extract,1,0,,E2-UNSPECIFIED
OEB280cbbcb,llama_extract,1,0,,E2-UNSPECIFIED
OEB280cbbdc,llama_extract,1,0,,E2-UNSPECIFIED
OEB280cbcaa,llama_extract,1,0,,E2-UNSPECIFIED
OEB280cbccb,llama_extract,1,0,,E2-UNSPECIFIED
OEB280cbcdb,llama_extract,1,0,,E2-UNSPECIFIED
OEB280cbdab,llama_extract,1,0,,E2-UNSPECIFIED
OEB280cbdcb,llama_extract,1,0,,E2-UNSPECIFIED
OEB280cbddb,llama_extract,1,0,,E2-UNSPECIFIED
OEB280cbfac,llama_extract,1,0,,E2-UNSPECIFIED
OEB280cbfba,llama_extract,1,0,,E2-UNSPECIFIED
OEB280cbfcc,llama_extract,1,0,,E2-UNSPECIFIED
OEB280cdacb,llama_extract,1,0,,E2-UNSPECIFIED
OEB280cdccc,llama_extract,1,0,,E2-UNSPECIFIED
OEB280cddca,llama_extract,1,0,,E2-UNSPECIFIED
OEB280cddcc,llama_extract,1,0,,E2-UNSPECIFIED
OEB280cdeab,llama_extract,1,0,,E2-UNSPECIFIED
OEB280cdfac,llama_extract,1,0,,E2-UNSPECIFIED
OEB280cdfba,llama_extract,1,0,,E2-UNSPECIFIED
OEB280cdfbb,llama_extract,1,0,,E2-UNSPECIFIED
OEB280cdfbc,llama_extract,1,0,,E2-UNSPECIFIED
OEB280cdfcc,llama_extract,1,0,,E2-UNSPECIFIED
OEB280cdfda,llama_extract,1,0,,E2-UNSPECIFIED
OEB280cfdcb,llama_extract,1,0,,E2-UNSPECIFIED
OEB280cffbb,llama_extract,1,0,,E2-UNSPECIFIED
OEB280daaca,llama_extract,1,0,,E2-UNSPECIFIED
OEB280daadb,llama_extract,1,0,,E2-UNSPECIFIED
OEB280dabac,llama_extract,1,0,,E2-UNSPECIFIED
OEB280dabcc,llama_extract,1,0,,E2-UNSPECIFIED
OEB280dacac,llama_extract,1,0,,E2-UNSPECIFIED
OEB280dacca,llama_extract,1,0,,E2-UNSPECIFIED
OEB280daccb,llama_extract,1,0,,E2-UNSPECIFIED
OEB280dadca,llama_extract,1,0,,E2-UNSPECIFIED
OEB280dadcc,llama_extract,1,0,,E2-UNSPECIFIED
OEB280dadda,llama_extract,1,0,,E2-UNSPECIFIED
OEB280daeac,llama_extract,1,0,,E2-UNSPECIFIED
OEB280daecb,llama_extract,1,0,,E2-UNSPECIFIED
OEB280dafac,llama_extract,1,0,,E2-UNSPECIFIED
OEB280dafcc,llama_extract,1,0,,E2-UNSPECIFIED
OEB280dafda,llama_extract,1,0,,E2-UNSPECIFIED
OEB280dafdc,llama_extract,1,0,,E2-UNSPECIFIED
OEB280dbaca,llama_extract,1,0,,E2-UNSPECIFIED
OEB280dbbab,llama_extract,1,0,,E2-UNSPECIFIED
OEB280dbbac,llama_extract,1,0,,E2-UNSPECIFIED
OEB280dbbca,llama_extract,1,0,,E2-UNSPECIFIED
OEB280dbbcc,llama_extract,1,0,,E2-UNSPECIFIED
OEB280dbbdb,llama_extract,1,0,,E2-UNSPECIFIED
OEB280dbcab,llama_extract,1,0,,E2-UNSPECIFIED
OEB280dbcac,llama_extract,1,0,,E2-UNSPECIFIED
OEB280dbcbc,llama_extract,1,0,,E2-UNSPECIFIED
OEB280dbcda,llama_extract,1,0,,E2-UNSPECIFIED
OEB280dbcdb,llama_extract,1,0,,E2-UNSPECIFIED
OEB280dbdca,llama_extract,1,0,,E2-UNSPECIFIED
OEB280dbdcc,llama_extract,1,0,,E2-UNSPECIFIED
OEB280dbdda,llama_extract,1,0,,E2-UNSPECIFIED
OEB280dbddb,llama_extract,1,0,,E2-UNSPECIFIED
OEB280dbddc,llama_extract,1,0,,E2-UNSPECIFIED
OEB280dbeba,llama_extract,1,0,,E2-UNSPECIFIED
OEB280dbebb,llama_extract,1,0,,E2-UNSPECIFIED
OEB280dbeca,llama_extract,1,0,,E2-UNSPECIFIED
OEB280dbecb,llama_extract,1,0,,E2-UNSPECIFIED
OEB280dbedc,llama_extract,1,0,,E2-UNSPECIFIED
OEB280dbfab,llama_extract,1,0,,E2-UNSPECIFIED
OEB280dbfba,llama_extract,1,0,,E2-UNSPECIFIED
OEB280dbfbb,llama_extract,1,0,,E2-UNSPECIFIED
OEB280dbfbc,llama_extract,1,0,,E2-UNSPECIFIED
OEB280dbfda,llama_extract,1,0,,E2-UNSPECIFIED
OEB280dbfdb,llama_extract,1,0,,E2-UNSPECIFIED
OEB280dbfdc,llama_extract,1,0,,E2-UNSPECIFIED
OEB280dcacb,llama_extract,1,0,,E2-UNSPECIFIED
OEB280dcadb,llama_extract,1,0,,E2-UNSPECIFIED
OEB280dcadc,llama_extract,1,0,,E2-UNSPECIFIED
OEB280dcbab,llama_extract,1,0,,E2-UNSPECIFIED
OEB280dcbcb,llama_extract,1,0,,E2-UNSPECIFIED
OEB280dccda,llama_extract,1,0,,E2-UNSPECIFIED
OEB280dceac,llama_extract,1,0,,E2-UNSPECIFIED
OEB280ddaab,llama_extract,1,0,,E2-UNSPECIFIED
OEB280ddacb,llama_extract,1,0,,E2-UNSPECIFIED
OEB280ddacc,llama_extract,1,0,,E2-UNSPECIFIED
OEB280ddada,llama_extract,1,0,,E2-UNSPECIFIED
OEB280ddadb,llama_extract,1,0,,E2-UNSPECIFIED
OEB280ddbca,llama_extract,1,0,,E2-UNSPECIFIED
OEB280ddbcc,llama_extract,1,0,,E2-UNSPECIFIED
OEB280ddbda,llama_extract,1,0,,E2-UNSPECIFIED
OEB280ddcac,llama_extract,1,0,,E2-UNSPECIFIED
OEB280ddcca,llama_extract,1,0,,E2-UNSPECIFIED
OEB280ddccc,llama_extract,1,0,,E2-UNSPECIFIED
OEB280dddaa,llama_extract,1,0,,E2-UNSPECIFIED
OEB280dddac,llama_extract,1,0,,E2-UNSPECIFIED
OEB280dddca,llama_extract,1,0,,E2-UNSPECIFIED
OEB280dddda,llama_extract,1,0,,E2-UNSPECIFIED
OEB280ddddb,llama_extract,1,0,,E2-UNSPECIFIED
OEB280ddecb,llama_extract,1,0,,E2-UNSPECIFIED
OEB280ddeda,llama_extract,1,0,,E2-UNSPECIFIED
OEB280ddfaa,llama_extract,1,0,,E2-UNSPECIFIED
OEB280ddfac,llama_extract,1,0,,E2-UNSPECIFIED
OEB280ddfbc,llama_extract,1,0,,E2-UNSPECIFIED
OEB280deacb,llama_extract,1,0,,E2-UNSPECIFIED
OEB280debab,llama_extract,1,0,,E2-UNSPECIFIED
OEB280deedb,llama_extract,1,0,,E2-UNSPECIFIED
OEB280defbb,llama_extract,1,0,,E2-UNSPECIFIED
OEB280dfaab,llama_extract,1,0,,E2-UNSPECIFIED
OEB280dfacc,llama_extract,1,0,,E2-UNSPECIFIED
OEB280dfbab,llama_extract,1,0,,E2-UNSPECIFIED
OEB280dfbdc,llama_extract,1,0,,E2-UNSPECIFIED
OEB280dfcaa,llama_extract,1,0,,E2-UNSPECIFIED
OEB280dfcab,llama_extract,1,0,,E2-UNSPECIFIED
OEB280dfcca,llama_extract,1,0,,E2-UNSPECIFIED
OEB280dfdcc,llama_extract,1,0,,E2-UNSPECIFIED
OEB280dfddb,llama_extract,1,0,,E2-UNSPECIFIED
OEB280dfebc,llama_extract,1,0,,E2-UNSPECIFIED
OEB280dffba,llama_extract,1,0,,E2-UNSPECIFIED
OEB280dffcc,llama_extract,1,0,,E2-UNSPECIFIED
OEB280dgacb,llama_extract,1,0,,E2-UNSPECIFIED
OEB280dgccb,llama_extract,1,0,,E2-UNSPECIFIED
OEB280dgeac,llama_extract,1,0,,E2-UNSPECIFIED
OEB280dhaaa,llama_extract,1,0,,E2-UNSPECIFIED
OEB280dhacb,llama_extract,1,0,,E2-UNSPECIFIED
OEB280dhbac,llama_extract,1,0,,E2-UNSPECIFIED
OEB280dhbbb,llama_extract,1,0,,E2-UNSPECIFIED
OEB280dhbcb,llama_extract,1,0,,E2-UNSPECIFIED
OEB280dhbcc,llama_extract,1,0,,E2-UNSPECIFIED
OEB280dhbdc,llama_extract,1,0,,E2-UNSPECIFIED
OEB280dhcab,llama_extract,1,0,,E2-UNSPECIFIED
OEB280dhccb,llama_extract,1,0,,E2-UNSPECIFIED
OEB280dhdca,llama_extract,1,0,,E2-UNSPECIFIED
OEB280dhdcc,llama_extract,1,0,,E2-UNSPECIFIED
OEB280dheac,llama_extract,1,0,,E2-UNSPECIFIED
OEB280dhfaa,llama_extract,1,0,,E2-UNSPECIFIED
OEB280dhfba,llama_extract,1,0,,E2-UNSPECIFIED
OEB280dhfbb,llama_extract,1,0,,E2-UNSPECIFIED
OEB280ebaac,llama_extract,1,0,,E2-UNSPECIFIED
OEB280ebacc,llama_extract,1,0,,E2-UNSPECIFIED
OEB280ebbca,llama_extract,1,0,,E2-UNSPECIFIED
OEB280ebbdb,llama_extract,1,0,,E2-UNSPECIFIED
OEB280ebbdc,llama_extract,1,0,,E2-UNSPECIFIED
OEB280ebcab,llama_extract,1,0,,E2-UNSPECIFIED
OEB280ebccb,llama_extract,1,0,,E2-UNSPECIFIED
OEB280ebccc,llama_extract,1,0,,E2-UNSPECIFIED
OEB280ebcda,llama_extract,1,0,,E2-UNSPECIFIED
OEB280ebcdb,llama_extract,1,0,,E2-UNSPECIFIED
OEB280ebdab,llama_extract,1,0,,E2-UNSPECIFIED
OEB280ebdbc,llama_extract,1,0,,E2-UNSPECIFIED
OEB280ebdcc,llama_extract,1,0,,E2-UNSPECIFIED
OEB280ebddb,llama_extract,1,0,,E2-UNSPECIFIED
OEB280ebfaa,llama_extract,1,0,,E2-UNSPECIFIED
OEB280ebfab,llama_extract,1,0,,E2-UNSPECIFIED
OEB280ebfac,llama_extract,1,0,,E2-UNSPECIFIED
OEB280ebfbb,llama_extract,1,0,,E2-UNSPECIFIED
OEB280ebfbc,llama_extract,1,0,,E2-UNSPECIFIED
OEB280edcaa,llama_extract,1,0,,E2-UNSPECIFIED
OEB280edfbb,llama_extract,1,0,,E2-UNSPECIFIED
OEB280edfbc,llama_extract,1,0,,E2-UNSPECIFIED
OEB290cabab,llama_extract,1,0,,E2-UNSPECIFIED
OEB290cabcb,llama_extract,1,0,,E2-UNSPECIFIED
OEB290caccb,llama_extract,1,0,,E2-UNSPECIFIED
OEB290cbaaa,llama_extract,1,0,,E2-UNSPECIFIED
OEB290cbaab,llama_extract,1,0,,E2-UNSPECIFIED
OEB290cbacb,llama_extract,1,0,,E2-UNSPECIFIED
OEB290cbbca,llama_extract,1,0,,E2-UNSPECIFIED
OEB290cbbcb,llama_extract,1,0,,E2-UNSPECIFIED
OEB290cbbda,llama_extract,1,0,,E2-UNSPECIFIED
OEB290cbbdc,llama_extract,1,0,,E2-UNSPECIFIED
OEB290cbccb,llama_extract,1,0,,E2-UNSPECIFIED
OEB290cbccc,llama_extract,1,0,,E2-UNSPECIFIED
OEB290cbcda,llama_extract,1,0,,E2-UNSPECIFIED
OEB290cbcdb,llama_extract,1,0,,E2-UNSPECIFIED
OEB290cbdaa,llama_extract,1,0,,E2-UNSPECIFIED
OEB290cbebc,llama_extract,1,0,,E2-UNSPECIFIED
OEB290cbfba,llama_extract,1,0,,E2-UNSPECIFIED
OEB290cbfbc,llama_extract,1,0,,E2-UNSPECIFIED
OEB290ccadb,llama_extract,1,0,,E2-UNSPECIFIED
OEB290cdacb,llama_extract,1,0,,E2-UNSPECIFIED
OEB290cdbab,llama_extract,1,0,,E2-UNSPECIFIED
OEB290cdbca,llama_extract,1,0,,E2-UNSPECIFIED
OEB290cdbdb,llama_extract,1,0,,E2-UNSPECIFIED
OEB290cdcbb,llama_extract,1,0,,E2-UNSPECIFIED
OEB290cdcca,llama_extract,1,0,,E2-UNSPECIFIED
OEB290cdccb,llama_extract,1,0,,E2-UNSPECIFIED
OEB290cddbb,llama_extract,1,0,,E2-UNSPECIFIED
OEB290cdeaa,llama_extract,1,0,,E2-UNSPECIFIED
OEB290cdebc,llama_extract,1,0,,E2-UNSPECIFIED
OEB290cdfab,llama_extract,1,0,,E2-UNSPECIFIED
OEB290cdfcc,llama_extract,1,0,,E2-UNSPECIFIED
OEB290cffbb,llama_extract,1,0,,E2-UNSPECIFIED
OEB290chacb,llama_extract,1,0,,E2-UNSPECIFIED
OEB290chbca,llama_extract,1,0,,E2-UNSPECIFIED
OEB290chbcc,llama_extract,1,0,,E2-UNSPECIFIED
OEB290chbdc,llama_extract,1,0,,E2-UNSPECIFIED
OEB290chdab,llama_extract,1,0,,E2-UNSPECIFIED
OEB290chfcc,llama_extract,1,0,,E2-UNSPECIFIED
OEB290daaaa,llama_extract,1,0,,E2-UNSPECIFIED
OEB290daada,llama_extract,1,0,,E2-UNSPECIFIED
OEB290dabab,llama_extract,1,0,,E2-UNSPECIFIED
OEB290dabcc,llama_extract,1,0,,E2-UNSPECIFIED
OEB290dabda,llama_extract,1,0,,E2-UNSPECIFIED
OEB290dacac,llama_extract,1,0,,E2-UNSPECIFIED
OEB290dacda,llama_extract,1,0,,E2-UNSPECIFIED
OEB290dacdb,llama_extract,1,0,,E2-UNSPECIFIED
OEB290dadaa,llama_extract,1,0,,E2-UNSPECIFIED
OEB290dadab,llama_extract,1,0,,E2-UNSPECIFIED
OEB290daddb,llama_extract,1,0,,E2-UNSPECIFIED
OEB290daeac,llama_extract,1,0,,E2-UNSPECIFIED
OEB290daecb,llama_extract,1,0,,E2-UNSPECIFIED
OEB290daecc,llama_extract,1,0,,E2-UNSPECIFIED
OEB290daeda,llama_extract,1,0,,E2-UNSPECIFIED
OEB290daedc,llama_extract,1,0,,E2-UNSPECIFIED
OEB290dbaca,llama_extract,1,0,,E2-UNSPECIFIED
OEB290dbbaa,llama_extract,1,0,,E2-UNSPECIFIED
OEB290dbbab,llama_extract,1,0,,E2-UNSPECIFIED
OEB290dbbda,llama_extract,1,0,,E2-UNSPECIFIED
OEB290dbcca,llama_extract,1,0,,E2-UNSPECIFIED
OEB290dbcdb,llama_extract,1,0,,E2-UNSPECIFIED
OEB290dbcdc,llama_extract,1,0,,E2-UNSPECIFIED
OEB290dbdab,llama_extract,1,0,,E2-UNSPECIFIED
OEB290dbdbb,llama_extract,1,0,,E2-UNSPECIFIED
OEB290dbdbc,llama_extract,1,0,,E2-UNSPECIFIED
OEB290dbdcb,llama_extract,1,0,,E2-UNSPECIFIED
OEB290dbddb,llama_extract,1,0,,E2-UNSPECIFIED
OEB290dbeac,llama_extract,1,0,,E2-UNSPECIFIED
OEB290dbebb,llama_extract,1,0,,E2-UNSPECIFIED
OEB290dbeda,llama_extract,1,0,,E2-UNSPECIFIED
OEB290dbedb,llama_extract,1,0,,E2-UNSPECIFIED
OEB290dbfbc,llama_extract,1,0,,E2-UNSPECIFIED
OEB290dbfca,llama_extract,1,0,,E2-UNSPECIFIED
OEB290dbfcb,llama_extract,1,0,,E2-UNSPECIFIED
OEB290dbfdb,llama_extract,1,0,,E2-UNSPECIFIED
OEB290dbfdc,llama_extract,1,0,,E2-UNSPECIFIED
OEB290dcacb,llama_extract,1,0,,E2-UNSPECIFIED
OEB290dcbab,llama_extract,1,0,,E2-UNSPECIFIED
OEB290dcbda,llama_extract,1,0,,E2-UNSPECIFIED
OEB290dcdda,llama_extract,1,0,,E2-UNSPECIFIED
OEB290dceac,llama_extract,1,0,,E2-UNSPECIFIED
OEB290dcebb,llama_extract,1,0,,E2-UNSPECIFIED
OEB290dcfda,llama_extract,1,0,,E2-UNSPECIFIED
OEB290ddaab,llama_extract,1,0,,E2-UNSPECIFIED
OEB290ddabb,llama_extract,1,0,,E2-UNSPECIFIED
OEB290ddaca,llama_extract,1,0,,E2-UNSPECIFIED
OEB290ddacb,llama_extract,1,0,,E2-UNSPECIFIED
OEB290ddadc,llama_extract,1,0,,E2-UNSPECIFIED
OEB290ddbca,llama_extract,1,0,,E2-UNSPECIFIED
OEB290ddbdc,llama_extract,1,0,,E2-UNSPECIFIED
OEB290ddcaa,llama_extract,1,0,,E2-UNSPECIFIED
OEB290ddcab,llama_extract,1,0,,E2-UNSPECIFIED
OEB290ddcdb,llama_extract,1,0,,E2-UNSPECIFIED
OEB290ddcdc,llama_extract,1,0,,E2-UNSPECIFIED
OEB290dddbb,llama_extract,1,0,,E2-UNSPECIFIED
OEB290dddca,llama_extract,1,0,,E2-UNSPECIFIED
OEB290dddcc,llama_extract,1,0,,E2-UNSPECIFIED
OEB290dddda,llama_extract,1,0,,E2-UNSPECIFIED
OEB290ddddb,llama_extract,1,0,,E2-UNSPECIFIED
OEB290ddddc,llama_extract,1,0,,E2-UNSPECIFIED
OEB290ddeab,llama_extract,1,0,,E2-UNSPECIFIED
OEB290ddebb,llama_extract,1,0,,E2-UNSPECIFIED
OEB290ddeda,llama_extract,1,0,,E2-UNSPECIFIED
OEB290ddfab,llama_extract,1,0,,E2-UNSPECIFIED
OEB290ddfac,llama_extract,1,0,,E2-UNSPECIFIED
OEB290ddfca,llama_extract,1,0,,E2-UNSPECIFIED
OEB290ddfdc,llama_extract,1,0,,E2-UNSPECIFIED
OEB290debdb,llama_extract,1,0,,E2-UNSPECIFIED
OEB290decda,llama_extract,1,0,,E2-UNSPECIFIED
OEB290decdb,llama_extract,1,0,,E2-UNSPECIFIED
OEB290dedcb,llama_extract,1,0,,E2-UNSPECIFIED
OEB290deeab,llama_extract,1,0,,E2-UNSPECIFIED
OEB290deeac,llama_extract,1,0,,E2-UNSPECIFIED
OEB290deecc,llama_extract,1,0,,E2-UNSPECIFIED
OEB290defcc,llama_extract,1,0,,E2-UNSPECIFIED
OEB290dfacb,llama_extract,1,0,,E2-UNSPECIFIED
OEB290dfacc,llama_extract,1,0,,E2-UNSPECIFIED
OEB290dfbcc,llama_extract,1,0,,E2-UNSPECIFIED
OEB290dfcab,llama_extract,1,0,,E2-UNSPECIFIED
OEB290dfcca,llama_extract,1,0,,E2-UNSPECIFIED
OEB290dfdcb,llama_extract,1,0,,E2-UNSPECIFIED
OEB290dfdda,llama_extract,1,0,,E2-UNSPECIFIED
OEB290dffaa,llama_extract,1,0,,E2-UNSPECIFIED
OEB290dffdb,llama_extract,1,0,,E2-UNSPECIFIED
OEB290dffdc,llama_extract,1,0,,E2-UNSPECIFIED
OEB290dgaca,llama_extract,1,0,,E2-UNSPECIFIED
OEB290dgada,llama_extract,1,0,,E2-UNSPECIFIED
OEB290dgbdc,llama_extract,1,0,,E2-UNSPECIFIED
OEB290dhaab,llama_extract,1,0,,E2-UNSPECIFIED
OEB290dhaac,llama_extract,1,0,,E2-UNSPECIFIED
OEB290dhaca,llama_extract,1,0,,E2-UNSPECIFIED
OEB290dhacc,llama_extract,1,0,,E2-UNSPECIFIED
OEB290dhadb,llama_extract,1,0,,E2-UNSPECIFIED
OEB290dhbcc,llama_extract,1,0,,E2-UNSPECIFIED
OEB290dhbdc,llama_extract,1,0,,E2-UNSPECIFIED
OEB290dhcdc,llama_extract,1,0,,E2-UNSPECIFIED
OEB290dhdca,llama_extract,1,0,,E2-UNSPECIFIED
OEB290dhdcc,llama_extract,1,0,,E2-UNSPECIFIED
OEB290dhddb,llama_extract,1,0,,E2-UNSPECIFIED
OEB290dhecb,llama_extract,1,0,,E2-UNSPECIFIED
OEB290dheda,llama_extract,1,0,,E2-UNSPECIFIED
OEB290dhfac,llama_extract,1,0,,E2-UNSPECIFIED
OEB290dhfbb,llama_extract,1,0,,E2-UNSPECIFIED
OEB290dhfca,llama_extract,1,0,,E2-UNSPECIFIED
OEB290dhfcb,llama_extract,1,0,,E2-UNSPECIFIED
OEB290dhfda,llama_extract,1,0,,E2-UNSPECIFIED
OEB290dhfdb,llama_extract,1,0,,E2-UNSPECIFIED
OEB290dhfdc,llama_extract,1,0,,E2-UNSPECIFIED
OEB290ebbdb,llama_extract,1,0,,E2-UNSPECIFIED
OEB290ebcca,llama_extract,1,0,,E2-UNSPECIFIED
OEB290ebfca,llama_extract,1,0,,E2-UNSPECIFIED
OEB290edcca,llama_extract,1,0,,E2-UNSPECIFIED
OEB290fdcbb,llama_extract,1,0,,E2-UNSPECIFIED
OEB290gdcbb,llama_extract,1,0,,E2-UNSPECIFIED
OEB300caacb,llama_extract,1,0,,E2-UNSPECIFIED
OEB300caada,llama_extract,1,0,,E2-UNSPECIFIED
OEB300cabac,llama_extract,1,0,,E2-UNSPECIFIED
OEB300cabbb,llama_extract,1,0,,E2-UNSPECIFIED
OEB300cabcc,llama_extract,1,0,,E2-UNSPECIFIED
OEB300cacaa,llama_extract,1,0,,E2-UNSPECIFIED
OEB300cacdb,llama_extract,1,0,,E2-UNSPECIFIED
OEB300cacdc,llama_extract,1,0,,E2-UNSPECIFIED
OEB300cadca,llama_extract,1,0,,E2-UNSPECIFIED
OEB300cadcb,llama_extract,1,0,,E2-UNSPECIFIED
OEB300caeab,llama_extract,1,0,,E2-UNSPECIFIED
OEB300caeac,llama_extract,1,0,,E2-UNSPECIFIED
OEB300caebc,llama_extract,1,0,,E2-UNSPECIFIED
OEB300cafaa,llama_extract,1,0,,E2-UNSPECIFIED
OEB300cbaab,llama_extract,1,0,,E2-UNSPECIFIED
OEB300cbaca,llama_extract,1,0,,E2-UNSPECIFIED
OEB300cbacb,llama_extract,1,0,,E2-UNSPECIFIED
OEB300cbbba,llama_extract,1,0,,E2-UNSPECIFIED
OEB300cbbcb,llama_extract,1,0,,E2-UNSPECIFIED
OEB300cbbdc,llama_extract,1,0,,E2-UNSPECIFIED
OEB300cbcab,llama_extract,1,0,,E2-UNSPECIFIED
OEB300cbcac,llama_extract,1,0,,E2-UNSPECIFIED
OEB300cbcba,llama_extract,1,0,,E2-UNSPECIFIED
OEB300cbcbb,llama_extract,1,0,,E2-UNSPECIFIED
OEB300cbccb,llama_extract,1,0,,E2-UNSPECIFIED
OEB300cbccc,llama_extract,1,0,,E2-UNSPECIFIED
OEB300cbcda,llama_extract,1,0,,E2-UNSPECIFIED
OEB300cbdab,llama_extract,1,0,,E2-UNSPECIFIED
OEB300cbdbb,llama_extract,1,0,,E2-UNSPECIFIED
OEB300cbdca,llama_extract,1,0,,E2-UNSPECIFIED
OEB300cbdcb,llama_extract,1,0,,E2-UNSPECIFIED
OEB300cbdda,llama_extract,1,0,,E2-UNSPECIFIED
OEB300cbddc,llama_extract,1,0,,E2-UNSPECIFIED
OEB300cbeaa,llama_extract,1,0,,E2-UNSPECIFIED
OEB300cbeba,llama_extract,1,0,,E2-UNSPECIFIED
OEB300cbebb,llama_extract,1,0,,E2-UNSPECIFIED
OEB300cbeca,llama_extract,1,0,,E2-UNSPECIFIED
OEB300cbfab,llama_extract,1,0,,E2-UNSPECIFIED
OEB300cbfbb,llama_extract,1,0,,E2-UNSPECIFIED
OEB300cbfcc,llama_extract,1,0,,E2-UNSPECIFIED
OEB300cbfda,llama_extract,1,0,,E2-UNSPECIFIED
OEB300cbfdb,llama_extract,1,0,,E2-UNSPECIFIED
OEB300ccbcb,llama_extract,1,0,,E2-UNSPECIFIED
OEB300ccbdb,llama_extract,1,0,,E2-UNSPECIFIED
OEB300ccedb,llama_extract,1,0,,E2-UNSPECIFIED
OEB300ccfda,llama_extract,1,0,,E2-UNSPECIFIED
OEB300ccfdb,llama_extract,1,0,,E2-UNSPECIFIED
OEB300cdaaa,llama_extract,1,0,,E2-UNSPECIFIED
OEB300cdabb,llama_extract,1,0,,E2-UNSPECIFIED
OEB300cdadc,llama_extract,1,0,,E2-UNSPECIFIED
OEB300cdbcb,llama_extract,1,0,,E2-UNSPECIFIED
OEB300cdcba,llama_extract,1,0,,E2-UNSPECIFIED
OEB300cdcbb,llama_extract,1,0,,E2-UNSPECIFIED
OEB300cddbb,llama_extract,1,0,,E2-UNSPECIFIED
OEB300cddca,llama_extract,1,0,,E2-UNSPECIFIED
OEB300cddda,llama_extract,1,0,,E2-UNSPECIFIED
OEB300cdeac,llama_extract,1,0,,E2-UNSPECIFIED
OEB300cdeba,llama_extract,1,0,,E2-UNSPECIFIED
OEB300cdeca,llama_extract,1,0,,E2-UNSPECIFIED
OEB300cdfaa,llama_extract,1,0,,E2-UNSPECIFIED
OEB300cdfab,llama_extract,1,0,,E2-UNSPECIFIED
OEB300cdfbc,llama_extract,1,0,,E2-UNSPECIFIED
OEB300cdfcb,llama_extract,1,0,,E2-UNSPECIFIED
OEB300cdfcc,llama_extract,1,0,,E2-UNSPECIFIED
OEB300cdfdb,llama_extract,1,0,,E2-UNSPECIFIED
OEB300ceadb,llama_extract,1,0,,E2-UNSPECIFIED
OEB300cebcb,llama_extract,1,0,,E2-UNSPECIFIED
OEB300cebdb,llama_extract,1,0,,E2-UNSPECIFIED
OEB300ceeab,llama_extract,1,0,,E2-UNSPECIFIED
OEB300cfbca,llama_extract,1,0,,E2-UNSPECIFIED
OEB300cfbdb,llama_extract,1,0,,E2-UNSPECIFIED
OEB300cfdaa,llama_extract,1,0,,E2-UNSPECIFIED
OEB300cfedb,llama_extract,1,0,,E2-UNSPECIFIED
OEB300cffaa,llama_extract,1,0,,E2-UNSPECIFIED
OEB300cffbb,llama_extract,1,0,,E2-UNSPECIFIED
OEB300cffca,llama_extract,1,0,,E2-UNSPECIFIED
OEB300cgadb,llama_extract,1,0,,E2-UNSPECIFIED
OEB300cgfbb,llama_extract,1,0,,E2-UNSPECIFIED
OEB300chaaa,llama_extract,1,0,,E2-UNSPECIFIED
OEB300chaac,llama_extract,1,0,,E2-UNSPECIFIED
OEB300chacb,llama_extract,1,0,,E2-UNSPECIFIED
OEB300chadc,llama_extract,1,0,,E2-UNSPECIFIED
OEB300chcda,llama_extract,1,0,,E2-UNSPECIFIED
OEB300chdbb,llama_extract,1,0,,E2-UNSPECIFIED
OEB300chdcb,llama_extract,1,0,,E2-UNSPECIFIED
OEB300chdda,llama_extract,1,0,,E2-UNSPECIFIED
OEB300cheab,llama_extract,1,0,,E2-UNSPECIFIED
OEB300checb,llama_extract,1,0,,E2-UNSPECIFIED
OEB300cheda,llama_extract,1,0,,E2-UNSPECIFIED
OEB300chfbb,llama_extract,1,0,,E2-UNSPECIFIED
OEB300chfbc,llama_extract,1,0,,E2-UNSPECIFIED
OEB300daabb,llama_extract,1,0,,E2-UNSPECIFIED
OEB300daadb,llama_extract,1,0,,E2-UNSPECIFIED
OEB300daadc,llama_extract,1,0,,E2-UNSPECIFIED
OEB300dabaa,llama_extract,1,0,,E2-UNSPECIFIED
OEB300dabcb,llama_extract,1,0,,E2-UNSPECIFIED
OEB300dacab,llama_extract,1,0,,E2-UNSPECIFIED
OEB300dacac,llama_extract,1,0,,E2-UNSPECIFIED
OEB300dacbc,llama_extract,1,0,,E2-UNSPECIFIED
OEB300daccb,llama_extract,1,0,,E2-UNSPECIFIED
OEB300dacda,llama_extract,1,0,,E2-UNSPECIFIED
OEB300dacdb,llama_extract,1,0,,E2-UNSPECIFIED
OEB300dadab,llama_extract,1,0,,E2-UNSPECIFIED
OEB300dadcb,llama_extract,1,0,,E2-UNSPECIFIED
OEB300dadcc,llama_extract,1,0,,E2-UNSPECIFIED
OEB300dadda,llama_extract,1,0,,E2-UNSPECIFIED
OEB300daeaa,llama_extract,1,0,,E2-UNSPECIFIED
OEB300daebc,llama_extract,1,0,,E2-UNSPECIFIED
OEB300dafab,llama_extract,1,0,,E2-UNSPECIFIED
OEB300dafbb,llama_extract,1,0,,E2-UNSPECIFIED
OEB300dafdb,llama_extract,1,0,,E2-UNSPECIFIED
OEB300dafdc,llama_extract,1,0,,E2-UNSPECIFIED
OEB300dbaab,llama_extract,1,0,,E2-UNSPECIFIED
OEB300dbaba,llama_extract,1,0,,E2-UNSPECIFIED
OEB300dbabb,llama_extract,1,0,,E2-UNSPECIFIED
OEB300dbabc,llama_extract,1,0,,E2-UNSPECIFIED
OEB300dbaca,llama_extract,1,0,,E2-UNSPECIFIED
OEB300dbada,llama_extract,1,0,,E2-UNSPECIFIED
OEB300dbadb,llama_extract,1,0,,E2-UNSPECIFIED
OEB300dbbaa,llama_extract,1,0,,E2-UNSPECIFIED
OEB300dbbab,llama_extract,1,0,,E2-UNSPECIFIED
OEB300dbbba,llama_extract,1,0,,E2-UNSPECIFIED
OEB300dbbbb,llama_extract,1,0,,E2-UNSPECIFIED
OEB300dbbcc,llama_extract,1,0,,E2-UNSPECIFIED
OEB300dbbdb,llama_extract,1,0,,E2-UNSPECIFIED
OEB300dbbdc,llama_extract,1,0,,E2-UNSPECIFIED
OEB300dbcac,llama_extract,1,0,,E2-UNSPECIFIED
OEB300dbcba,llama_extract,1,0,,E2-UNSPECIFIED
OEB300dbcca,llama_extract,1,0,,E2-UNSPECIFIED
OEB300dbddc,llama_extract,1,0,,E2-UNSPECIFIED
OEB300dbeac,llama_extract,1,0,,E2-UNSPECIFIED
OEB300dbebb,llama_extract,1,0,,E2-UNSPECIFIED
OEB300dbebc,llama_extract,1,0,,E2-UNSPECIFIED
OEB300dbfbb,llama_extract,1,0,,E2-UNSPECIFIED
OEB300dbfbc,llama_extract,1,0,,E2-UNSPECIFIED
OEB300dbfca,llama_extract,1,0,,E2-UNSPECIFIED
OEB300dbfcb,llama_extract,1,0,,E2-UNSPECIFIED
OEB300dbfdc,llama_extract,1,0,,E2-UNSPECIFIED
OEB300dcada,llama_extract,1,0,,E2-UNSPECIFIED
OEB300dcadc,llama_extract,1,0,,E2-UNSPECIFIED
OEB300dcbaa,llama_extract,1,0,,E2-UNSPECIFIED
OEB300dcbac,llama_extract,1,0,,E2-UNSPECIFIED
OEB300dcbcb,llama_extract,1,0,,E2-UNSPECIFIED
OEB300dcbcc,llama_extract,1,0,,E2-UNSPECIFIED
OEB300dcbdc,llama_extract,1,0,,E2-UNSPECIFIED
OEB300dccca,llama_extract,1,0,,E2-UNSPECIFIED
OEB300dcdaa,llama_extract,1,0,,E2-UNSPECIFIED
OEB300dcdca,llama_extract,1,0,,E2-UNSPECIFIED
OEB300dcdcb,llama_extract,1,0,,E2-UNSPECIFIED
OEB300dcdda,llama_extract,1,0,,E2-UNSPECIFIED
OEB300dceac,llama_extract,1,0,,E2-UNSPECIFIED
OEB300dcebc,llama_extract,1,0,,E2-UNSPECIFIED
OEB300dceda,llama_extract,1,0,,E2-UNSPECIFIED
OEB300dcfcb,llama_extract,1,0,,E2-UNSPECIFIED
OEB300dcfda,llama_extract,1,0,,E2-UNSPECIFIED
OEB300dcfdc,llama_extract,1,0,,E2-UNSPECIFIED
OEB300ddaab,llama_extract,1,0,,E2-UNSPECIFIED
OEB300ddabc,llama_extract,1,0,,E2-UNSPECIFIED
OEB300ddacb,llama_extract,1,0,,E2-UNSPECIFIED
OEB300ddadb,llama_extract,1,0,,E2-UNSPECIFIED
OEB300ddbaa,llama_extract,1,0,,E2-UNSPECIFIED
OEB300ddbab,llama_extract,1,0,,E2-UNSPECIFIED
OEB300ddbbb,llama_extract,1,0,,E2-UNSPECIFIED
OEB300ddbcc,llama_extract,1,0,,E2-UNSPECIFIED
OEB300ddbdc,llama_extract,1,0,,E2-UNSPECIFIED
OEB300ddcab,llama_extract,1,0,,E2-UNSPECIFIED
OEB300ddcac,llama_extract,1,0,,E2-UNSPECIFIED
OEB300ddccc,llama_extract,1,0,,E2-UNSPECIFIED
OEB300dddaa,llama_extract,1,0,,E2-UNSPECIFIED
OEB300dddac,llama_extract,1,0,,E2-UNSPECIFIED
OEB300dddba,llama_extract,1,0,,E2-UNSPECIFIED
OEB300ddddb,llama_extract,1,0,,E2-UNSPECIFIED
OEB300ddeaa,llama_extract,1,0,,E2-UNSPECIFIED
OEB300ddecc,llama_extract,1,0,,E2-UNSPECIFIED
OEB300ddfac,llama_extract,1,0,,E2-UNSPECIFIED
OEB300ddfbc,llama_extract,1,0,,E2-UNSPECIFIED
OEB300ddfcc,llama_extract,1,0,,E2-UNSPECIFIED
OEB300ddfda,llama_extract,1,0,,E2-UNSPECIFIED
OEB300ddfdb,llama_extract,1,0,,E2-UNSPECIFIED
OEB300deacb,llama_extract,1,0,,E2-UNSPECIFIED
OEB300deada,llama_extract,1,0,,E2-UNSPECIFIED
OEB300deadb,llama_extract,1,0,,E2-UNSPECIFIED
OEB300debab,llama_extract,1,0,,E2-UNSPECIFIED
OEB300dedaa,llama_extract,1,0,,E2-UNSPECIFIED
OEB300deecb,llama_extract,1,0,,E2-UNSPECIFIED
OEB300deecc,llama_extract,1,0,,E2-UNSPECIFIED
OEB300defda,llama_extract,1,0,,E2-UNSPECIFIED
OEB300defdb,llama_extract,1,0,,E2-UNSPECIFIED
OEB300dfaab,llama_extract,1,0,,E2-UNSPECIFIED
OEB300dfaca,llama_extract,1,0,,E2-UNSPECIFIED
OEB300dfacb,llama_extract,1,0,,E2-UNSPECIFIED
OEB300dfacc,llama_extract,1,0,,E2-UNSPECIFIED
OEB300dfbba,llama_extract,1,0,,E2-UNSPECIFIED
OEB300dfcaa,llama_extract,1,0,,E2-UNSPECIFIED
OEB300dfcab,llama_extract,1,0,,E2-UNSPECIFIED
OEB300dfcba,llama_extract,1,0,,E2-UNSPECIFIED
OEB300dfcca,llama_extract,1,0,,E2-UNSPECIFIED
OEB300dfccb,llama_extract,1,0,,E2-UNSPECIFIED
OEB300dfccc,llama_extract,1,0,,E2-UNSPECIFIED
OEB300dfcdc,llama_extract,1,0,,E2-UNSPECIFIED
OEB300dfdaa,llama_extract,1,0,,E2-UNSPECIFIED
OEB300dfdbb,llama_extract,1,0,,E2-UNSPECIFIED
OEB300dfebc,llama_extract,1,0,,E2-UNSPECIFIED
OEB300dfeda,llama_extract,1,0,,E2-UNSPECIFIED
OEB300dffab,llama_extract,1,0,,E2-UNSPECIFIED
OEB300dffca,llama_extract,1,0,,E2-UNSPECIFIED
OEB300dffcb,llama_extract,1,0,,E2-UNSPECIFIED
OEB300dffdb,llama_extract,1,0,,E2-UNSPECIFIED
OEB300dgaab,llama_extract,1,0,,E2-UNSPECIFIED
OEB300dgaca,llama_extract,1,0,,E2-UNSPECIFIED
OEB300dgadb,llama_extract,1,0,,E2-UNSPECIFIED
OEB300dgcab,llama_extract,1,0,,E2-UNSPECIFIED
OEB300dgccb,llama_extract,1,0,,E2-UNSPECIFIED
OEB300dgcdb,llama_extract,1,0,,E2-UNSPECIFIED
OEB300dgdaa,llama_extract,1,0,,E2-UNSPECIFIED
OEB300dgdca,llama_extract,1,0,,E2-UNSPECIFIED
OEB300dgeab,llama_extract,1,0,,E2-UNSPECIFIED
OEB300dgecc,llama_extract,1,0,,E2-UNSPECIFIED
OEB300dgfcc,llama_extract,1,0,,E2-UNSPECIFIED
OEB300dhaaa,llama_extract,1,0,,E2-UNSPECIFIED
OEB300dhaca,llama_extract,1,0,,E2-UNSPECIFIED
OEB300dhbaa,llama_extract,1,0,,E2-UNSPECIFIED
OEB300dhbab,llama_extract,1,0,,E2-UNSPECIFIED
OEB300dhbac,llama_extract,1,0,,E2-UNSPECIFIED
OEB300dhbca,llama_extract,1,0,,E2-UNSPECIFIED
OEB300dhbdb,llama_extract,1,0,,E2-UNSPECIFIED
OEB300dhbdc,llama_extract,1,0,,E2-UNSPECIFIED
OEB300dhcaa,llama_extract,1,0,,E2-UNSPECIFIED
OEB300dhcab,llama_extract,1,0,,E2-UNSPECIFIED
OEB300dhcdb,llama_extract,1,0,,E2-UNSPECIFIED
OEB300dhdca,llama_extract,1,0,,E2-UNSPECIFIED
OEB300dhdcb,llama_extract,1,0,,E2-UNSPECIFIED
OEB300dhdcc,llama_extract,1,0,,E2-UNSPECIFIED
OEB300dhdda,llama_extract,1,0,,E2-UNSPECIFIED
OEB300dheac,llama_extract,1,0,,E2-UNSPECIFIED
OEB300dhecb,llama_extract,1,0,,E2-UNSPECIFIED
OEB300dhecc,llama_extract,1,0,,E2-UNSPECIFIED
OEB300dhedb,llama_extract,1,0,,E2-UNSPECIFIED
OEB300dhedc,llama_extract,1,0,,E2-UNSPECIFIED
OEB300dhfab,llama_extract,1,0,,E2-UNSPECIFIED
OEB300dhfac,llama_extract,1,0,,E2-UNSPECIFIED
OEB300dhfbc,llama_extract,1,0,,E2-UNSPECIFIED
OEB300dhfcb,llama_extract,1,0,,E2-UNSPECIFIED
OEB300dhfdb,llama_extract,1,0,,E2-UNSPECIFIED
OEB300eaacb,llama_extract,1,0,,E2-UNSPECIFIED
OEB300eabcc,llama_extract,1,0,,E2-UNSPECIFIED
OEB300ebaca,llama_extract,1,0,,E2-UNSPECIFIED
OEB300ebada,llama_extract,1,0,,E2-UNSPECIFIED
OEB300ebadb,llama_extract,1,0,,E2-UNSPECIFIED
OEB300ebbdb,llama_extract,1,0,,E2-UNSPECIFIED
OEB300ebbdc,llama_extract,1,0,,E2-UNSPECIFIED
OEB300ebcda,llama_extract,1,0,,E2-UNSPECIFIED
OEB300ebcdb,llama_extract,1,0,,E2-UNSPECIFIED
OEB300ebeac,llama_extract,1,0,,E2-UNSPECIFIED
OEB300ebecb,llama_extract,1,0,,E2-UNSPECIFIED
OEB300ebfcb,llama_extract,1,0,,E2-UNSPECIFIED
OEB300ebfdc,llama_extract,1,0,,E2-UNSPECIFIED
OEB300ecadb,llama_extract,1,0,,E2-UNSPECIFIED
OEB300edccc,llama_extract,1,0,,E2-UNSPECIFIED
OEB300edfba,llama_extract,1,0,,E2-UNSPECIFIED
OEB300edfcc,llama_extract,1,0,,E2-UNSPECIFIED
OEB300edfda,llama_extract,1,0,,E2-UNSPECIFIED
OEB300ehfbb,llama_extract,1,0,,E2-UNSPECIFIED
OEB300gdcbb,llama_extract,1,0,,E2-UNSPECIFIED
OEB020aaabc,phi4_classify,1,0,,E2-UNSPECIFIED
OEB020aabba,phi4_classify,1,0,,E2-UNSPECIFIED
OEB020aabbb,phi4_classify,1,0,,E2-UNSPECIFIED
OEB020aaeda,phi4_classify,0,1,E2-PARTIAL_EXTRACT,
OEB020aafba,phi4_classify,1,0,,E2-UNSPECIFIED
OEB020aafbc,phi4_classify,1,0,,E2-UNSPECIFIED
OEB020abbbc,phi4_classify,1,0,,E2-UNSPECIFIED
OEB020abcbc,phi4_classify,1,0,,E2-UNSPECIFIED
OEB020abdbb,phi4_classify,1,0,,E2-UNSPECIFIED
OEB020abeab,phi4_classify,0,1,E2-PARTIAL_EXTRACT,
OEB020abeca,phi4_classify,0,1,E2-PARTIAL_EXTRACT,
OEB020abeda,phi4_classify,0,1,E2-PARTIAL_EXTRACT,
OEB020acaba,phi4_classify,1,0,,E2-UNSPECIFIED
OEB020acabc,phi4_classify,1,0,,E2-UNSPECIFIED
OEB020aceaa,phi4_classify,0,1,E2-PARTIAL_EXTRACT,
OEB020aceac,phi4_classify,0,1,E2-PARTIAL_EXTRACT,
OEB020aceca,phi4_classify,0,1,E2-PARTIAL_EXTRACT,
OEB020acecb,phi4_classify,0,1,E2-PARTIAL_EXTRACT,
OEB020aceda,phi4_classify,0,1,E2-PARTIAL_EXTRACT,
OEB020acfbb,phi4_classify,1,0,,E2-UNSPECIFIED
OEB020adabc,phi4_classify,1,0,,E2-UNSPECIFIED
OEB020adbbb,phi4_classify,1,0,,E2-UNSPECIFIED
OEB020adbbc,phi4_classify,1,0,,E2-UNSPECIFIED
OEB020adcba,phi4_classify,1,0,,E2-UNSPECIFIED
OEB020adcbb,phi4_classify,1,0,,E2-UNSPECIFIED
OEB020adcbc,phi4_classify,1,0,,E2-UNSPECIFIED
OEB020addba,phi4_classify,1,0,,E2-UNSPECIFIED
OEB020addbb,phi4_classify,1,0,,E2-UNSPECIFIED
OEB020adeab,phi4_classify,0,1,E2-PARTIAL_EXTRACT,
OEB020adecb,phi4_classify,0,1,E2-PARTIAL_EXTRACT,
OEB020adedb,phi4_classify,0,1,E2-PARTIAL_EXTRACT,
OEB020adfba,phi4_classify,1,0,,E2-UNSPECIFIED
OEB020adfbb,phi4_classify,1,0,,E2-UNSPECIFIED
OEB020aeaba,phi4_classify,1,0,,E2-UNSPECIFIED
OEB020aeabb,phi4_classify,1,0,,E2-UNSPECIFIED
OEB020aeabc,phi4_classify,1,0,,E2-UNSPECIFIED
OEB020aebba,phi4_classify,1,0,,E2-UNSPECIFIED
OEB020aebbb,phi4_classify,1,0,,E2-UNSPECIFIED
OEB020aebbc,phi4_classify,1,0,,E2-UNSPECIFIED
OEB020aecbb,phi4_classify,1,0,,E2-UNSPECIFIED
OEB020aeeaa,phi4_classify,0,1,E2-PARTIAL_EXTRACT,
OEB020aeecb,phi4_classify,0,1,E2-PARTIAL_EXTRACT,
OEB020aefba,phi4_classify,1,0,,E2-UNSPECIFIED
OEB020afabb,phi4_classify,1,0,,E2-UNSPECIFIED
OEB020afabc,phi4_classify,1,0,,E2-UNSPECIFIED
OEB020afcbc,phi4_classify,1,0,,E2-UNSPECIFIED
OEB020afdbb,phi4_classify,1,0,,E2-UNSPECIFIED
OEB020afdbc,phi4_classify,1,0,,E2-UNSPECIFIED
OEB020afeac,phi4_classify,0,1,E2-PARTIAL_EXTRACT,
OEB020afedb,phi4_classify,0,1,E2-PARTIAL_EXTRACT,
OEB020afedc,phi4_classify,0,1,E2-PARTIAL_EXTRACT,
OEB020affba,phi4_classify,1,0,,E2-UNSPECIFIED
OEB020agabb,phi4_classify,1,0,,E2-UNSPECIFIED
OEB020agabc,phi4_classify,1,0,,E2-UNSPECIFIED
OEB020agbba,phi4_classify,1,0,,E2-UNSPECIFIED
OEB020agcbc,phi4_classify,1,0,,E2-UNSPECIFIED
OEB020agdbc,phi4_classify,1,0,,E2-UNSPECIFIED
OEB020ageaa,phi4_classify,0,1,E2-PARTIAL_EXTRACT,
OEB020ageab,phi4_classify,0,1,E2-PARTIAL_EXTRACT,
OEB020agecb,phi4_classify,0,1,E2-PARTIAL_EXTRACT,
OEB020agedc,phi4_classify,0,1,E2-PARTIAL_EXTRACT,
OEB020ahbbb,phi4_classify,1,0,,E2-UNSPECIFIED
OEB020ahcbb,phi4_classify,1,0,,E2-UNSPECIFIED
OEB020ahecc,phi4_classify,0,1,E2-PARTIAL_EXTRACT,
OEB020aheda,phi4_classify,0,1,E2-PARTIAL_EXTRACT,
OEB020ahedc,phi4_classify,0,1,E2-PARTIAL_EXTRACT,
OEB020ahfba,phi4_classify,1,0,,E2-UNSPECIFIED
OEB020ahfbb,phi4_classify,1,0,,E2-UNSPECIFIED
OEB020babba,phi4_classify,1,0,,E2-UNSPECIFIED
OEB020bacba,phi4_classify,1,0,,E2-UNSPECIFIED
OEB020bacbc,phi4_classify,1,0,,E2-UNSPECIFIED
OEB020baeac,phi4_classify,0,1,E2-PARTIAL_EXTRACT,
OEB020baeca,phi4_classify,0,1,E2-PARTIAL_EXTRACT,
OEB020baecb,phi4_classify,0,1,E2-PARTIAL_EXTRACT,
OEB020baeda,phi4_classify,0,1,E2-PARTIAL_EXTRACT,
OEB020bafba,phi4_classify,1,0,,E2-UNSPECIFIED
OEB020bbbba,phi4_classify,1,0,,E2-UNSPECIFIED
OEB020bbbbb,phi4_classify,1,0,,E2-UNSPECIFIED
OEB020bbedb,phi4_classify,0,1,E2-PARTIAL_EXTRACT,
OEB020bbedc,phi4_classify,0,1,E2-PARTIAL_EXTRACT,
OEB020bbfba,phi4_classify,1,0,,E2-UNSPECIFIED
OEB020bcaba,phi4_classify,1,0,,E2-UNSPECIFIED
OEB020bcabb,phi4_classify,1,0,,E2-UNSPECIFIED
OEB020bcbbb,phi4_classify,1,0,,E2-UNSPECIFIED
OEB020bcdbc,phi4_classify,1,0,,E2-UNSPECIFIED
OEB020bcecb,phi4_classify,0,1,E2-PARTIAL_EXTRACT,
OEB020bcfbb,phi4_classify,1,0,,E2-UNSPECIFIED
OEB020bdbba,phi4_classify,1,0,,E2-UNSPECIFIED
OEB020bdbbc,phi4_classify,1,0,,E2-UNSPECIFIED
OEB020bdcba,phi4_classify,1,0,,E2-UNSPECIFIED
OEB020bdcbc,phi4_classify,1,0,,E2-UNSPECIFIED
OEB020bddbb,phi4_classify,1,0,,E2-UNSPECIFIED
OEB020bdecc,phi4_classify,0,1,E2-PARTIAL_EXTRACT,
OEB020bdfba,phi4_classify,1,0,,E2-UNSPECIFIED
OEB020bdfbb,phi4_classify,1,0,,E2-UNSPECIFIED
OEB020bdfbc,phi4_classify,1,0,,E2-UNSPECIFIED
OEB020bebbb,phi4_classify,1,0,,E2-UNSPECIFIED
OEB020becbc,phi4_classify,1,0,,E2-UNSPECIFIED
OEB020bedbc,phi4_classify,1,0,,E2-UNSPECIFIED
OEB020beeaa,phi4_classify,0,1,E2-PARTIAL_EXTRACT,
OEB020beeca,phi4_classify,0,1,E2-PARTIAL_EXTRACT,
OEB020beeda,phi4_classify,0,1,E2-PARTIAL_EXTRACT,
OEB020beedb,phi4_classify,0,1,E2-PARTIAL_EXTRACT,
OEB020bfaba,phi4_classify,1,0,,E2-UNSPECIFIED
OEB020bfabc,phi4_classify,1,0,,E2-UNSPECIFIED
OEB020bfbbc,phi4_classify,1,0,,E2-UNSPECIFIED
OEB020bfcbc,phi4_classify,1,0,,E2-UNSPECIFIED
OEB020bfdba,phi4_classify,1,0,,E2-UNSPECIFIED
OEB020bfeab,phi4_classify,0,1,E2-PARTIAL_EXTRACT,
OEB020bfeca,phi4_classify,0,1,E2-PARTIAL_EXTRACT,
OEB020bfecb,phi4_classify,0,1,E2-PARTIAL_EXTRACT,
OEB020bfedb,phi4_classify,0,1,E2-PARTIAL_EXTRACT,
OEB020bgaba,phi4_classify,1,0,,E2-UNSPECIFIED
OEB020bgabb,phi4_classify,1,0,,E2-UNSPECIFIED
OEB020bgbbc,phi4_classify,1,0,,E2-UNSPECIFIED
OEB020bgcba,phi4_classify,1,0,,E2-UNSPECIFIED
OEB020bgdba,phi4_classify,1,0,,E2-UNSPECIFIED
OEB020bgdbb,phi4_classify,1,0,,E2-UNSPECIFIED
OEB020bgfbb,phi4_classify,1,0,,E2-UNSPECIFIED
OEB020bhbba,phi4_classify,1,0,,E2-UNSPECIFIED
OEB020bhbbb,phi4_classify,1,0,,E2-UNSPECIFIED
OEB020bhcbb,phi4_classify,1,0,,E2-UNSPECIFIED
OEB020bhcbc,phi4_classify,1,0,,E2-UNSPECIFIED
OEB020bhdbb,phi4_classify,1,0,,E2-UNSPECIFIED
OEB020bhdbc,phi4_classify,1,0,,E2-UNSPECIFIED
OEB020bheaa,phi4_classify,0,1,E2-PARTIAL_EXTRACT,
OEB020bheab,phi4_classify,0,1,E2-PARTIAL_EXTRACT,
OEB020bhedc,phi4_classify,0,1,E2-PARTIAL_EXTRACT,
OEB020bhfbb,phi4_classify,1,0,,E2-UNSPECIFIED
OEB020bhfbc,phi4_classify,1,0,,E2-UNSPECIFIED
OEB020caabb,phi4_classify,1,0,,E2-UNSPECIFIED
OEB020caabc,phi4_classify,1,0,,E2-UNSPECIFIED
OEB020cabba,phi4_classify,1,0,,E2-UNSPECIFIED
OEB020cacba,phi4_classify,1,0,,E2-UNSPECIFIED
OEB020caeab,phi4_classify,0,1,E2-PARTIAL_EXTRACT,
OEB020caecc,phi4_classify,0,1,E2-PARTIAL_EXTRACT,
OEB020caeda,phi4_classify,0,1,E2-PARTIAL_EXTRACT,
OEB020caedc,phi4_classify,0,1,E2-PARTIAL_EXTRACT,
OEB020cbabb,phi4_classify,1,0,,E2-UNSPECIFIED
OEB020cbabc,phi4_classify,1,0,,E2-UNSPECIFIED
OEB020cbcbb,phi4_classify,1,0,,E2-UNSPECIFIED
OEB020cbcbc,phi4_classify,1,0,,E2-UNSPECIFIED
OEB020cbdba,phi4_classify,1,0,,E2-UNSPECIFIED
OEB020cbdbb,phi4_classify,1,0,,E2-UNSPECIFIED
OEB020cbeab,phi4_classify,0,1,E2-PARTIAL_EXTRACT,
OEB020cbeca,phi4_classify,0,1,E2-PARTIAL_EXTRACT,
OEB020cbecc,phi4_classify,0,1,E2-PARTIAL_EXTRACT,
OEB020cbfba,phi4_classify,1,0,,E2-UNSPECIFIED
OEB020ccaba,phi4_classify,1,0,,E2-UNSPECIFIED
OEB020ccabb,phi4_classify,1,0,,E2-UNSPECIFIED
OEB020ccabc,phi4_classify,1,0,,E2-UNSPECIFIED
OEB020ccbbc,phi4_classify,1,0,,E2-UNSPECIFIED
OEB020cccbc,phi4_classify,1,0,,E2-UNSPECIFIED
OEB020ccecc,phi4_classify,0,1,E2-PARTIAL_EXTRACT,
OEB020ccfba,phi4_classify,1,0,,E2-UNSPECIFIED
OEB020cdabb,phi4_classify,1,0,,E2-UNSPECIFIED
OEB020cdbbb,phi4_classify,1,0,,E2-UNSPECIFIED
OEB020cdcba,phi4_classify,1,0,,E2-UNSPECIFIED
OEB020cdcbb,phi4_classify,1,0,,E2-UNSPECIFIED
OEB020cddbb,phi4_classify,1,0,,E2-UNSPECIFIED
OEB020cddbc,phi4_classify,1,0,,E2-UNSPECIFIED
OEB020cdeaa,phi4_classify,0,1,E2-PARTIAL_EXTRACT,
OEB020cdecb,phi4_classify,0,1,E2-PARTIAL_EXTRACT,
OEB020cdecc,phi4_classify,0,1,E2-PARTIAL_EXTRACT,
OEB020cdedb,phi4_classify,0,1,E2-PARTIAL_EXTRACT,
OEB020cdfbc,phi4_classify,1,0,,E2-UNSPECIFIED
OEB020ceabc,phi4_classify,1,0,,E2-UNSPECIFIED
OEB020cebbb,phi4_classify,1,0,,E2-UNSPECIFIED
OEB020cecbc,phi4_classify,1,0,,E2-UNSPECIFIED
OEB020cedba,phi4_classify,1,0,,E2-UNSPECIFIED
OEB020cedbb,phi4_classify,1,0,,E2-UNSPECIFIED
OEB020ceeab,phi4_classify,0,1,E2-PARTIAL_EXTRACT,
OEB020ceeac,phi4_classify,0,1,E2-PARTIAL_EXTRACT,
OEB020ceeca,phi4_classify,0,1,E2-PARTIAL_EXTRACT,
OEB020ceecb,phi4_classify,0,1,E2-PARTIAL_EXTRACT,
OEB020ceecc,phi4_classify,0,1,E2-PARTIAL_EXTRACT,
OEB020ceedb,phi4_classify,0,1,E2-PARTIAL_EXTRACT,
OEB020cefba,phi4_classify,1,0,,E2-UNSPECIFIED
OEB020cfabb,phi4_classify,1,0,,E2-UNSPECIFIED
OEB020cfcba,phi4_classify,1,0,,E2-UNSPECIFIED
OEB020cfcbb,phi4_classify,1,0,,E2-UNSPECIFIED
OEB020cfdbb,phi4_classify,1,0,,E2-UNSPECIFIED
OEB020cfeca,phi4_classify,0,1,E2-PARTIAL_EXTRACT,
OEB020cfedb,phi4_classify,0,1,E2-PARTIAL_EXTRACT,
OEB020cffba,phi4_classify,1,0,,E2-UNSPECIFIED
OEB020cffbb,phi4_classify,1,0,,E2-UNSPECIFIED
OEB020cgbbb,phi4_classify,1,0,,E2-UNSPECIFIED
OEB020cgcbc,phi4_classify,1,0,,E2-UNSPECIFIED
OEB020cgeca,phi4_classify,0,1,E2-PARTIAL_EXTRACT,
OEB020cgedc,phi4_classify,0,1,E2-PARTIAL_EXTRACT,
OEB020chaba,phi4_classify,1,0,,E2-UNSPECIFIED
OEB020chcbc,phi4_classify,1,0,,E2-UNSPECIFIED
OEB020cheab,phi4_classify,0,1,E2-PARTIAL_EXTRACT,
OEB020checb,phi4_classify,0,1,E2-PARTIAL_EXTRACT,
OEB020checc,phi4_classify,0,1,E2-PARTIAL_EXTRACT,
OEB020cheda,phi4_classify,0,1,E2-PARTIAL_EXTRACT,
OEB020chedb,phi4_classify,0,1,E2-PARTIAL_EXTRACT,
OEB020chfbb,phi4_classify,1,0,,E2-UNSPECIFIED
OEB020dabba,phi4_classify,1,0,,E2-UNSPECIFIED
OEB020dabbc,phi4_classify,1,0,,E2-UNSPECIFIED
OEB020dadbb,phi4_classify,1,0,,E2-UNSPECIFIED
OEB020daeaa,phi4_classify,0,1,E2-PARTIAL_EXTRACT,
OEB020daeac,phi4_classify,0,1,E2-PARTIAL_EXTRACT,
OEB020daeca,phi4_classify,0,1,E2-PARTIAL_EXTRACT,
OEB020daecb,phi4_classify,0,1,E2-PARTIAL_EXTRACT,
OEB020dafbc,phi4_classify,1,0,,E2-UNSPECIFIED
OEB020dbabb,phi4_classify,1,0,,E2-UNSPECIFIED
OEB020dbcbb,phi4_classify,1,0,,E2-UNSPECIFIED
OEB020dbdbc,phi4_classify,1,0,,E2-UNSPECIFIED
OEB020dbeaa,phi4_classify,0,1,E2-PARTIAL_EXTRACT,
OEB020dbedb,phi4_classify,0,1,E2-PARTIAL_EXTRACT,
OEB020dbedc,phi4_classify,0,1,E2-PARTIAL_EXTRACT,
OEB020dbfbb,phi4_classify,1,0,,E2-UNSPECIFIED
OEB020dcabc,phi4_classify,1,0,,E2-UNSPECIFIED
OEB020dcbba,phi4_classify,1,0,,E2-UNSPECIFIED
OEB020dccbb,phi4_classify,1,0,,E2-UNSPECIFIED
OEB020dcdbb,phi4_classify,1,0,,E2-UNSPECIFIED
OEB020dcdbc,phi4_classify,1,0,,E2-UNSPECIFIED
OEB020dceca,phi4_classify,0,1,E2-PARTIAL_EXTRACT,
OEB020dcfba,phi4_classify,1,0,,E2-UNSPECIFIED
OEB020dcfbb,phi4_classify,1,0,,E2-UNSPECIFIED
OEB020ddbba,phi4_classify,1,0,,E2-UNSPECIFIED
OEB020ddcbc,phi4_classify,1,0,,E2-UNSPECIFIED
OEB020dddba,phi4_classify,1,0,,E2-UNSPECIFIED
OEB020ddeac,phi4_classify,0,1,E2-PARTIAL_EXTRACT,
OEB020ddedb,phi4_classify,0,1,E2-PARTIAL_EXTRACT,
OEB020dedbb,phi4_classify,1,0,,E2-UNSPECIFIED
OEB020dedbc,phi4_classify,1,0,,E2-UNSPECIFIED
OEB020deeac,phi4_classify,0,1,E2-PARTIAL_EXTRACT,
OEB020deeca,phi4_classify,0,1,E2-PARTIAL_EXTRACT,
OEB020deeda,phi4_classify,0,1,E2-PARTIAL_EXTRACT,
OEB020defba,phi4_classify,1,0,,E2-UNSPECIFIED
OEB020defbb,phi4_classify,1,0,,E2-UNSPECIFIED
OEB020dfaba,phi4_classify,1,0,,E2-UNSPECIFIED
OEB020dfabb,phi4_classify,1,0,,E2-UNSPECIFIED
OEB020dfabc,phi4_classify,1,0,,E2-UNSPECIFIED
OEB020dfcba,phi4_classify,1,0,,E2-UNSPECIFIED
OEB020dfcbc,phi4_classify,1,0,,E2-UNSPECIFIED
OEB020dfdba,phi4_classify,1,0,,E2-UNSPECIFIED
OEB020dfdbb,phi4_classify,1,0,,E2-UNSPECIFIED
OEB020dfeac,phi4_classify,0,1,E2-PARTIAL_EXTRACT,
OEB020dfedc,phi4_classify,0,1,E2-PARTIAL_EXTRACT,
OEB020dgaba,phi4_classify,1,0,,E2-UNSPECIFIED
OEB020dgabb,phi4_classify,1,0,,E2-UNSPECIFIED
OEB020dgbbb,phi4_classify,1,0,,E2-UNSPECIFIED
OEB020dgbbc,phi4_classify,1,0,,E2-UNSPECIFIED
OEB020dgcbc,phi4_classify,1,0,,E2-UNSPECIFIED
OEB020dgeab,phi4_classify,0,1,E2-PARTIAL_EXTRACT,
OEB020dgeca,phi4_classify,0,1,E2-PARTIAL_EXTRACT,
OEB020dgedb,phi4_classify,0,1,E2-PARTIAL_EXTRACT,
OEB020dgedc,phi4_classify,0,1,E2-PARTIAL_EXTRACT,
OEB020dhabb,phi4_classify,1,0,,E2-UNSPECIFIED
OEB020dhabc,phi4_classify,1,0,,E2-UNSPECIFIED
OEB020dhbba,phi4_classify,1,0,,E2-UNSPECIFIED
OEB020dhbbb,phi4_classify,1,0,,E2-UNSPECIFIED
OEB020dhcba,phi4_classify,1,0,,E2-UNSPECIFIED
OEB020dhcbc,phi4_classify,1,0,,E2-UNSPECIFIED
OEB020dhdba,phi4_classify,1,0,,E2-UNSPECIFIED
OEB020dhdbb,phi4_classify,1,0,,E2-UNSPECIFIED
OEB020dheaa,phi4_classify,0,1,E2-PARTIAL_EXTRACT,
OEB020dheab,phi4_classify,0,1,E2-PARTIAL_EXTRACT,
OEB020dheac,phi4_classify,0,1,E2-PARTIAL_EXTRACT,
OEB020dheca,phi4_classify,0,1,E2-PARTIAL_EXTRACT,
OEB020dhecb,phi4_classify,0,1,E2-PARTIAL_EXTRACT,
OEB020dhecc,phi4_classify,0,1,E2-PARTIAL_EXTRACT,
OEB020dhedb,phi4_classify,0,1,E2-PARTIAL_EXTRACT,
OEB020eaaba,phi4_classify,1,0,,E2-UNSPECIFIED
OEB020eabba,phi4_classify,1,0,,E2-UNSPECIFIED
OEB020eabbb,phi4_classify,1,0,,E2-UNSPECIFIED
OEB020eacbb,phi4_classify,1,0,,E2-UNSPECIFIED
OEB020eacbc,phi4_classify,1,0,,E2-UNSPECIFIED
OEB020eadbb,phi4_classify,1,0,,E2-UNSPECIFIED
OEB020eadbc,phi4_classify,1,0,,E2-UNSPECIFIED
OEB020eaeac,phi4_classify,0,1,E2-PARTIAL_EXTRACT,
OEB020eaeca,phi4_classify,0,1,E2-PARTIAL_EXTRACT,
OEB020eafba,phi4_classify,1,0,,E2-UNSPECIFIED
OEB020eafbb,phi4_classify,1,0,,E2-UNSPECIFIED
OEB020ebabb,phi4_classify,1,0,,E2-UNSPECIFIED
OEB020ebabc,phi4_classify,1,0,,E2-UNSPECIFIED
OEB020ebdbb,phi4_classify,1,0,,E2-UNSPECIFIED
OEB020ebdbc,phi4_classify,1,0,,E2-UNSPECIFIED
OEB020ebeaa,phi4_classify,0,1,E2-PARTIAL_EXTRACT,
OEB020ebeca,phi4_classify,0,1,E2-PARTIAL_EXTRACT,
OEB020ebecb,phi4_classify,0,1,E2-PARTIAL_EXTRACT,
OEB020ebedc,phi4_classify,0,1,E2-PARTIAL_EXTRACT,
OEB020ebfba,phi4_classify,1,0,,E2-UNSPECIFIED
OEB020eccba,phi4_classify,1,0,,E2-UNSPECIFIED
OEB020eccbb,phi4_classify,1,0,,E2-UNSPECIFIED
OEB020eccbc,phi4_classify,1,0,,E2-UNSPECIFIED
OEB020ecdba,phi4_classify,1,0,,E2-UNSPECIFIED
OEB020ecdbc,phi4_classify,1,0,,E2-UNSPECIFIED
OEB020eceaa,phi4_classify,0,1,E2-PARTIAL_EXTRACT,
OEB020eceab,phi4_classify,0,1,E2-PARTIAL_EXTRACT,
OEB020ecedc,phi4_classify,0,1,E2-PARTIAL_EXTRACT,
OEB020ecfbb,phi4_classify,1,0,,E2-UNSPECIFIED
OEB020ecfbc,phi4_classify,1,0,,E2-UNSPECIFIED
OEB020edaba,phi4_classify,1,0,,E2-UNSPECIFIED
OEB020edbbb,phi4_classify,1,0,,E2-UNSPECIFIED
OEB020eddba,phi4_classify,1,0,,E2-UNSPECIFIED
OEB020eddbb,phi4_classify,1,0,,E2-UNSPECIFIED
OEB020eddbc,phi4_classify,1,0,,E2-UNSPECIFIED
OEB020edeac,phi4_classify,0,1,E2-PARTIAL_EXTRACT,
OEB020edeca,phi4_classify,0,1,E2-PARTIAL_EXTRACT,
OEB020edecb,phi4_classify,0,1,E2-PARTIAL_EXTRACT,
OEB020ededa,phi4_classify,0,1,E2-PARTIAL_EXTRACT,
OEB020edfba,phi4_classify,1,0,,E2-UNSPECIFIED
OEB020edfbb,phi4_classify,1,0,,E2-UNSPECIFIED
OEB020eeabc,phi4_classify,1,0,,E2-UNSPECIFIED
OEB020eebba,phi4_classify,1,0,,E2-UNSPECIFIED
OEB020eebbc,phi4_classify,1,0,,E2-UNSPECIFIED
OEB020eecbb,phi4_classify,1,0,,E2-UNSPECIFIED
OEB020eedba,phi4_classify,1,0,,E2-UNSPECIFIED
OEB020eedbb,phi4_classify,1,0,,E2-UNSPECIFIED
OEB020eeeaa,phi4_classify,0,1,E2-PARTIAL_EXTRACT,
OEB020eeeca,phi4_classify,0,1,E2-PARTIAL_EXTRACT,
OEB020eeecc,phi4_classify,0,1,E2-PARTIAL_EXTRACT,
OEB020efbba,phi4_classify,1,0,,E2-UNSPECIFIED
OEB020efcba,phi4_classify,1,0,,E2-UNSPECIFIED
OEB020efcbb,phi4_classify,1,0,,E2-UNSPECIFIED
OEB020efeaa,phi4_classify,0,1,E2-PARTIAL_EXTRACT,
OEB020efeab,phi4_classify,0,1,E2-PARTIAL_EXTRACT,
OEB020efedb,phi4_classify,0,1,E2-PARTIAL_EXTRACT,
OEB020efedc,phi4_classify,0,1,E2-PARTIAL_EXTRACT,
OEB020effbb,phi4_classify,1,0,,E2-UNSPECIFIED
OEB020egaba,phi4_classify,1,0,,E2-UNSPECIFIED
OEB020egabb,phi4_classify,1,0,,E2-UNSPECIFIED
OEB020egedc,phi4_classify,0,1,E2-PARTIAL_EXTRACT,
OEB020egfba,phi4_classify,1,0,,E2-UNSPECIFIED
OEB020ehabb,phi4_classify,1,0,,E2-UNSPECIFIED
OEB020ehcbb,phi4_classify,1,0,,E2-UNSPECIFIED
OEB020ehdba,phi4_classify,1,0,,E2-UNSPECIFIED
OEB020ehdbc,phi4_classify,1,0,,E2-UNSPECIFIED
OEB020eheaa,phi4_classify,0,1,E2-PARTIAL_EXTRACT,
OEB020eheab,phi4_classify,0,1,E2-PARTIAL_EXTRACT,
OEB020eheac,phi4_classify,0,1,E2-PARTIAL_EXTRACT,
OEB020eheda,phi4_classify,0,1,E2-PARTIAL_EXTRACT,
OEB020ehedb,phi4_classify,0,1,E2-PARTIAL_EXTRACT,
OEB020ehedc,phi4_classify,0,1,E2-PARTIAL_EXTRACT,
OEB020ehfbc,phi4_classify,1,0,,E2-UNSPECIFIED
OEB020faaba,phi4_classify,1,0,,E2-UNSPECIFIED
OEB020faabb,phi4_classify,1,0,,E2-UNSPECIFIED
OEB020fabbc,phi4_classify,1,0,,E2-UNSPECIFIED
OEB020facbc,phi4_classify,1,0,,E2-UNSPECIFIED
OEB020faeaa,phi4_classify,0,1,E2-PARTIAL_EXTRACT,
OEB020faeca,phi4_classify,0,1,E2-PARTIAL_EXTRACT,
OEB020faecc,phi4_classify,0,1,E2-PARTIAL_EXTRACT,
OEB020faeda,phi4_classify,0,1,E2-PARTIAL_EXTRACT,
OEB020fbabb,phi4_classify,1,0,,E2-UNSPECIFIED
OEB020fbabc,phi4_classify,1,0,,E2-UNSPECIFIED
OEB020fbbbc,phi4_classify,1,0,,E2-UNSPECIFIED
OEB020fbeaa,phi4_classify,0,1,E2-PARTIAL_EXTRACT,
OEB020fbecb,phi4_classify,0,1,E2-PARTIAL_EXTRACT,
OEB020fbeda,phi4_classify,0,1,E2-PARTIAL_EXTRACT,
OEB020fbedb,phi4_classify,0,1,E2-PARTIAL_EXTRACT,
OEB020fbedc,phi4_classify,0,1,E2-PARTIAL_EXTRACT,
OEB020fbfba,phi4_classify,1,0,,E2-UNSPECIFIED
OEB020fbfbc,phi4_classify,1,0,,E2-UNSPECIFIED
OEB020fcbbb,phi4_classify,1,0,,E2-UNSPECIFIED
OEB020fccba,phi4_classify,1,0,,E2-UNSPECIFIED
OEB020fcdbb,phi4_classify,1,0,,E2-UNSPECIFIED
OEB020fceab,phi4_classify,0,1,E2-PARTIAL_EXTRACT,
OEB020fceca,phi4_classify,0,1,E2-PARTIAL_EXTRACT,
OEB020fcedb,phi4_classify,0,1,E2-PARTIAL_EXTRACT,
OEB020fcfba,phi4_classify,1,0,,E2-UNSPECIFIED
OEB020fcfbb,phi4_classify,1,0,,E2-UNSPECIFIED
OEB020fdabb,phi4_classify,1,0,,E2-UNSPECIFIED
OEB020fdabc,phi4_classify,1,0,,E2-UNSPECIFIED
OEB020fdcba,phi4_classify,1,0,,E2-UNSPECIFIED
OEB020fdcbb,phi4_classify,1,0,,E2-UNSPECIFIED
OEB020fddbb,phi4_classify,1,0,,E2-UNSPECIFIED
OEB020fddbc,phi4_classify,1,0,,E2-UNSPECIFIED
OEB020fdeab,phi4_classify,0,1,E2-PARTIAL_EXTRACT,
OEB020fdeca,phi4_classify,0,1,E2-PARTIAL_EXTRACT,
OEB020fdecb,phi4_classify,0,1,E2-PARTIAL_EXTRACT,
OEB020fdfba,phi4_classify,1,0,,E2-UNSPECIFIED
OEB020feaba,phi4_classify,1,0,,E2-UNSPECIFIED
OEB020febbb,phi4_classify,1,0,,E2-UNSPECIFIED
OEB020fecbb,phi4_classify,1,0,,E2-UNSPECIFIED
OEB020fedbb,phi4_classify,1,0,,E2-UNSPECIFIED
OEB020fedbc,phi4_classify,1,0,,E2-UNSPECIFIED
OEB020feecb,phi4_classify,0,1,E2-PARTIAL_EXTRACT,
OEB020feecc,phi4_classify,0,1,E2-PARTIAL_EXTRACT,
OEB020feeda,phi4_classify,0,1,E2-PARTIAL_EXTRACT,
OEB020feedc,phi4_classify,0,1,E2-PARTIAL_EXTRACT,
OEB020fefbb,phi4_classify,1,0,,E2-UNSPECIFIED
OEB020ffabc,phi4_classify,1,0,,E2-UNSPECIFIED
OEB020ffcbb,phi4_classify,1,0,,E2-UNSPECIFIED
OEB020ffcbc,phi4_classify,1,0,,E2-UNSPECIFIED
OEB020ffdbb,phi4_classify,1,0,,E2-UNSPECIFIED
OEB020ffeac,phi4_classify,0,1,E2-PARTIAL_EXTRACT,
OEB020ffeda,phi4_classify,0,1,E2-PARTIAL_EXTRACT,
OEB020ffedb,phi4_classify,0,1,E2-PARTIAL_EXTRACT,
OEB020fgcba,phi4_classify,1,0,,E2-UNSPECIFIED
OEB020fgeaa,phi4_classify,0,1,E2-PARTIAL_EXTRACT,
OEB020fgecc,phi4_classify,0,1,E2-PARTIAL_EXTRACT,
OEB020fgedb,phi4_classify,0,1,E2-PARTIAL_EXTRACT,
OEB020fgfbb,phi4_classify,1,0,,E2-UNSPECIFIED
OEB020fhabb,phi4_classify,1,0,,E2-UNSPECIFIED
OEB020fhbbb,phi4_classify,1,0,,E2-UNSPECIFIED
OEB020fhbbc,phi4_classify,1,0,,E2-UNSPECIFIED
OEB020fhcbc,phi4_classify,1,0,,E2-UNSPECIFIED
OEB020fhdba,phi4_classify,1,0,,E2-UNSPECIFIED
OEB020fhdbb,phi4_classify,1,0,,E2-UNSPECIFIED
OEB020fheab,phi4_classify,0,1,E2-PARTIAL_EXTRACT,
OEB020fheac,phi4_classify,0,1,E2-PARTIAL_EXTRACT,
OEB020fhedb,phi4_classify,0,1,E2-PARTIAL_EXTRACT,
OEB020fhedc,phi4_classify,0,1,E2-PARTIAL_EXTRACT,
OEB020fhfbc,phi4_classify,1,0,,E2-UNSPECIFIED
OEB020gabba,phi4_classify,1,0,,E2-UNSPECIFIED
OEB020gacbb,phi4_classify,1,0,,E2-UNSPECIFIED
OEB020gacbc,phi4_classify,1,0,,E2-UNSPECIFIED
OEB020gaeac,phi4_classify,0,1,E2-PARTIAL_EXTRACT,
OEB020gaecb,phi4_classify,0,1,E2-PARTIAL_EXTRACT,
OEB020gaecc,phi4_classify,0,1,E2-PARTIAL_EXTRACT,
OEB020gafbc,phi4_classify,1,0,,E2-UNSPECIFIED
OEB020gbbbc,phi4_classify,1,0,,E2-UNSPECIFIED
OEB020gbdba,phi4_classify,1,0,,E2-UNSPECIFIED
OEB020gbeaa,phi4_classify,0,1,E2-PARTIAL_EXTRACT,
OEB020gbecb,phi4_classify,0,1,E2-PARTIAL_EXTRACT,
OEB020gbedb,phi4_classify,0,1,E2-PARTIAL_EXTRACT,
OEB020gbedc,phi4_classify,0,1,E2-PARTIAL_EXTRACT,
OEB020gbfba,phi4_classify,1,0,,E2-UNSPECIFIED
OEB020gbfbb,phi4_classify,1,0,,E2-UNSPECIFIED
OEB020gbfbc,phi4_classify,1,0,,E2-UNSPECIFIED
OEB020gcabb,phi4_classify,1,0,,E2-UNSPECIFIED
OEB020gcabc,phi4_classify,1,0,,E2-UNSPECIFIED
OEB020gcbba,phi4_classify,1,0,,E2-UNSPECIFIED
OEB020gcbbc,phi4_classify,1,0,,E2-UNSPECIFIED
OEB020gccba,phi4_classify,1,0,,E2-UNSPECIFIED
OEB020gcecb,phi4_classify,0,1,E2-PARTIAL_EXTRACT,
OEB020gcecc,phi4_classify,0,1,E2-PARTIAL_EXTRACT,
OEB020gdaba,phi4_classify,1,0,,E2-UNSPECIFIED
OEB020gdbba,phi4_classify,1,0,,E2-UNSPECIFIED
OEB020gdbbc,phi4_classify,1,0,,E2-UNSPECIFIED
OEB020gdcbc,phi4_classify,1,0,,E2-UNSPECIFIED
OEB020gdfba,phi4_classify,1,0,,E2-UNSPECIFIED
OEB020geabb,phi4_classify,1,0,,E2-UNSPECIFIED
OEB020geabc,phi4_classify,1,0,,E2-UNSPECIFIED
OEB020gebba,phi4_classify,1,0,,E2-UNSPECIFIED
OEB020gebbc,phi4_classify,1,0,,E2-UNSPECIFIED
OEB020gecba,phi4_classify,1,0,,E2-UNSPECIFIED
OEB020gecbb,phi4_classify,1,0,,E2-UNSPECIFIED
OEB020gedbc,phi4_classify,1,0,,E2-UNSPECIFIED
OEB020geecc,phi4_classify,0,1,E2-PARTIAL_EXTRACT,
OEB020geedb,phi4_classify,0,1,E2-PARTIAL_EXTRACT,
OEB020gefbb,phi4_classify,1,0,,E2-UNSPECIFIED
OEB020gfabc,phi4_classify,1,0,,E2-UNSPECIFIED
OEB020gfbbb,phi4_classify,1,0,,E2-UNSPECIFIED
OEB020gfcba,phi4_classify,1,0,,E2-UNSPECIFIED
OEB020gfcbb,phi4_classify,1,0,,E2-UNSPECIFIED
OEB020gfcbc,phi4_classify,1,0,,E2-UNSPECIFIED
OEB020gfdbc,phi4_classify,1,0,,E2-UNSPECIFIED
OEB020gfeaa,phi4_classify,0,1,E2-PARTIAL_EXTRACT,
OEB020gfeda,phi4_classify,0,1,E2-PARTIAL_EXTRACT,
OEB020gfedc,phi4_classify,0,1,E2-PARTIAL_EXTRACT,
OEB020gffbc,phi4_classify,1,0,,E2-UNSPECIFIED
OEB020ggabb,phi4_classify,1,0,,E2-UNSPECIFIED
OEB020ggbba,phi4_classify,1,0,,E2-UNSPECIFIED
OEB020ggbbb,phi4_classify,1,0,,E2-UNSPECIFIED
OEB020ggbbc,phi4_classify,1,0,,E2-UNSPECIFIED
OEB020ggcba,phi4_classify,1,0,,E2-UNSPECIFIED
OEB020ggcbc,phi4_classify,1,0,,E2-UNSPECIFIED
OEB020ggdba,phi4_classify,1,0,,E2-UNSPECIFIED
OEB020ggdbb,phi4_classify,1,0,,E2-UNSPECIFIED
OEB020ggeaa,phi4_classify,0,1,E2-PARTIAL_EXTRACT,
OEB020ggeab,phi4_classify,0,1,E2-PARTIAL_EXTRACT,
OEB020ghbbb,phi4_classify,1,0,,E2-UNSPECIFIED
OEB020gheac,phi4_classify,0,1,E2-PARTIAL_EXTRACT,
OEB020gheca,phi4_classify,0,1,E2-PARTIAL_EXTRACT,
OEB020ghecc,phi4_classify,0,1,E2-PARTIAL_EXTRACT,
OEB020gheda,phi4_classify,0,1,E2-PARTIAL_EXTRACT,
OEB020ghedb,phi4_classify,0,1,E2-PARTIAL_EXTRACT,
OEB020habbb,phi4_classify,1,0,,E2-UNSPECIFIED
OEB020hacba,phi4_classify,1,0,,E2-UNSPECIFIED
OEB020hadbc,phi4_classify,1,0,,E2-UNSPECIFIED
OEB020haeca,phi4_classify,0,1,E2-PARTIAL_EXTRACT,
OEB020haeda,phi4_classify,0,1,E2-PARTIAL_EXTRACT,
OEB020haedb,phi4_classify,0,1,E2-PARTIAL_EXTRACT,
OEB020hbabc,phi4_classify,1,0,,E2-UNSPECIFIED
OEB020hbcba,phi4_classify,1,0,,E2-UNSPECIFIED
OEB020hbdbb,phi4_classify,1,0,,E2-UNSPECIFIED
OEB020hbeaa,phi4_classify,0,1,E2-PARTIAL_EXTRACT,
OEB020hbecb,phi4_classify,0,1,E2-PARTIAL_EXTRACT,
OEB020hbecc,phi4_classify,0,1,E2-PARTIAL_EXTRACT,
OEB020hbedb,phi4_classify,0,1,E2-PARTIAL_EXTRACT,
OEB020hbedc,phi4_classify,0,1,E2-PARTIAL_EXTRACT,
OEB020hbfba,phi4_classify,1,0,,E2-UNSPECIFIED
OEB020hcabc,phi4_classify,1,0,,E2-UNSPECIFIED
OEB020hccbb,phi4_classify,1,0,,E2-UNSPECIFIED
OEB020hcdba,phi4_classify,1,0,,E2-UNSPECIFIED
OEB020hcdbc,phi4_classify,1,0,,E2-UNSPECIFIED
OEB020hceab,phi4_classify,0,1,E2-PARTIAL_EXTRACT,
OEB020hceca,phi4_classify,0,1,E2-PARTIAL_EXTRACT,
OEB020hceda,phi4_classify,0,1,E2-PARTIAL_EXTRACT,
OEB020hcedb,phi4_classify,0,1,E2-PARTIAL_EXTRACT,
OEB020hcedc,phi4_classify,0,1,E2-PARTIAL_EXTRACT,
OEB020hdaba,phi4_classify,1,0,,E2-UNSPECIFIED
OEB020hdbbc,phi4_classify,1,0,,E2-UNSPECIFIED
OEB020hdcba,phi4_classify,1,0,,E2-UNSPECIFIED
OEB020hddba,phi4_classify,1,0,,E2-UNSPECIFIED
OEB020hddbb,phi4_classify,1,0,,E2-UNSPECIFIED
OEB020hdecc,phi4_classify,0,1,E2-PARTIAL_EXTRACT,
OEB020hdedc,phi4_classify,0,1,E2-PARTIAL_EXTRACT,
OEB020hdfbb,phi4_classify,1,0,,E2-UNSPECIFIED
OEB020heaba,phi4_classify,1,0,,E2-UNSPECIFIED
OEB020heabb,phi4_classify,1,0,,E2-UNSPECIFIED
OEB020hedba,phi4_classify,1,0,,E2-UNSPECIFIED
OEB020heeab,phi4_classify,0,1,E2-PARTIAL_EXTRACT,
OEB020heecb,phi4_classify,0,1,E2-PARTIAL_EXTRACT,
OEB020heedb,phi4_classify,0,1,E2-PARTIAL_EXTRACT,
OEB020hefba,phi4_classify,1,0,,E2-UNSPECIFIED
OEB020hefbb,phi4_classify,1,0,,E2-UNSPECIFIED
OEB020hfaba,phi4_classify,1,0,,E2-UNSPECIFIED
OEB020hfcbc,phi4_classify,1,0,,E2-UNSPECIFIED
OEB020hfdba,phi4_classify,1,0,,E2-UNSPECIFIED
OEB020hfdbb,phi4_classify,1,0,,E2-UNSPECIFIED
OEB020hfeab,phi4_classify,0,1,E2-PARTIAL_EXTRACT,
OEB020hfecc,phi4_classify,0,1,E2-PARTIAL_EXTRACT,
OEB020hfedb,phi4_classify,0,1,E2-PARTIAL_EXTRACT,
OEB020hfedc,phi4_classify,0,1,E2-PARTIAL_EXTRACT,
OEB020hffbc,phi4_classify,1,0,,E2-UNSPECIFIED
OEB020hgbba,phi4_classify,1,0,,E2-UNSPECIFIED
OEB020hgdbc,phi4_classify,1,0,,E2-UNSPECIFIED
OEB020hgeaa,phi4_classify,0,1,E2-PARTIAL_EXTRACT,
OEB020hgecb,phi4_classify,0,1,E2-PARTIAL_EXTRACT,
OEB020hgecc,phi4_classify,0,1,E2-PARTIAL_EXTRACT,
OEB020hgedb,phi4_classify,0,1,E2-PARTIAL_EXTRACT,
OEB020hgfbb,phi4_classify,1,0,,E2-UNSPECIFIED
OEB020hhabc,phi4_classify,1,0,,E2-UNSPECIFIED
OEB020hhbba,phi4_classify,1,0,,E2-UNSPECIFIED
OEB020hhbbc,phi4_classify,1,0,,E2-UNSPECIFIED
OEB020hhdba,phi4_classify,1,0,,E2-UNSPECIFIED
OEB020hheaa,phi4_classify,0,1,E2-PARTIAL_EXTRACT,
OEB020hheca,phi4_classify,0,1,E2-PARTIAL_EXTRACT,
OEB020hhedc,phi4_classify,0,1,E2-PARTIAL_EXTRACT,
OEB020hhfbc,phi4_classify,1,0,,E2-UNSPECIFIED
OEB030aaabb,phi4_classify,1,0,,E2-UNSPECIFIED
OEB030aabba,phi4_classify,1,0,,E2-UNSPECIFIED
OEB030aacba,phi4_classify,1,0,,E2-UNSPECIFIED
OEB030aadba,phi4_classify,1,0,,E2-UNSPECIFIED
OEB030aadbc,phi4_classify,1,0,,E2-UNSPECIFIED
OEB030aaeca,phi4_classify,0,1,E2-PARTIAL_EXTRACT,
OEB030aafba,phi4_classify,1,0,,E2-UNSPECIFIED
OEB030ababb,phi4_classify,1,0,,E2-UNSPECIFIED
OEB030abcbb,phi4_classify,1,0,,E2-UNSPECIFIED
OEB030abdba,phi4_classify,1,0,,E2-UNSPECIFIED
OEB030abdbb,phi4_classify,1,0,,E2-UNSPECIFIED
OEB030abedb,phi4_classify,0,1,E2-PARTIAL_EXTRACT,
OEB030acabc,phi4_classify,1,0,,E2-UNSPECIFIED
OEB030acbba,phi4_classify,1,0,,E2-UNSPECIFIED
OEB030acdbb,phi4_classify,1,0,,E2-UNSPECIFIED
OEB030acdbc,phi4_classify,1,0,,E2-UNSPECIFIED
OEB030aceab,phi4_classify,0,1,E2-PARTIAL_EXTRACT,
OEB030aceca,phi4_classify,0,1,E2-PARTIAL_EXTRACT,
OEB030acecb,phi4_classify,0,1,E2-PARTIAL_EXTRACT,
OEB030acecc,phi4_classify,0,1,E2-PARTIAL_EXTRACT,
OEB030adaba,phi4_classify,1,0,,E2-UNSPECIFIED
OEB030adbbc,phi4_classify,1,0,,E2-UNSPECIFIED
OEB030addbc,phi4_classify,1,0,,E2-UNSPECIFIED
OEB030adeaa,phi4_classify,0,1,E2-PARTIAL_EXTRACT,
OEB030adeac,phi4_classify,0,1,E2-PARTIAL_EXTRACT,
OEB030adedb,phi4_classify,0,1,E2-PARTIAL_EXTRACT,
OEB030aeabb,phi4_classify,1,0,,E2-UNSPECIFIED
OEB030aeabc,phi4_classify,1,0,,E2-UNSPECIFIED
OEB030aecbc,phi4_classify,1,0,,E2-UNSPECIFIED
OEB030aedbc,phi4_classify,1,0,,E2-UNSPECIFIED
OEB030aeeaa,phi4_classify,0,1,E2-PARTIAL_EXTRACT,
OEB030aeeca,phi4_classify,0,1,E2-PARTIAL_EXTRACT,
OEB030aeecb,phi4_classify,0,1,E2-PARTIAL_EXTRACT,
OEB030aeecc,phi4_classify,0,1,E2-PARTIAL_EXTRACT,
OEB030afabb,phi4_classify,1,0,,E2-UNSPECIFIED
OEB030afbba,phi4_classify,1,0,,E2-UNSPECIFIED
OEB030afbbc,phi4_classify,1,0,,E2-UNSPECIFIED
OEB030afcbb,phi4_classify,1,0,,E2-UNSPECIFIED
OEB030afdbb,phi4_classify,1,0,,E2-UNSPECIFIED
OEB030afeaa,phi4_classify,0,1,E2-PARTIAL_EXTRACT,
OEB030afeab,phi4_classify,0,1,E2-PARTIAL_EXTRACT,
OEB030afeca,phi4_classify,0,1,E2-PARTIAL_EXTRACT,
OEB030afecb,phi4_classify,0,1,E2-PARTIAL_EXTRACT,
OEB030afecc,phi4_classify,0,1,E2-PARTIAL_EXTRACT,
OEB030afedc,phi4_classify,0,1,E2-PARTIAL_EXTRACT,
OEB030agbba,phi4_classify,1,0,,E2-UNSPECIFIED
OEB030agcba,phi4_classify,1,0,,E2-UNSPECIFIED
OEB030agcbb,phi4_classify,1,0,,E2-UNSPECIFIED
OEB030agdbb,phi4_classify,1,0,,E2-UNSPECIFIED
OEB030ageab,phi4_classify,0,1,E2-PARTIAL_EXTRACT,
OEB030agecc,phi4_classify,0,1,E2-PARTIAL_EXTRACT,
OEB030ageda,phi4_classify,0,1,E2-PARTIAL_EXTRACT,
OEB030agedb,phi4_classify,0,1,E2-PARTIAL_EXTRACT,
OEB030agedc,phi4_classify,0,1,E2-PARTIAL_EXTRACT,
OEB030agfba,phi4_classify,1,0,,E2-UNSPECIFIED
OEB030ahaba,phi4_classify,1,0,,E2-UNSPECIFIED
OEB030ahabb,phi4_classify,1,0,,E2-UNSPECIFIED
OEB030ahbba,phi4_classify,1,0,,E2-UNSPECIFIED
OEB030ahcba,phi4_classify,1,0,,E2-UNSPECIFIED
OEB030ahcbb,phi4_classify,1,0,,E2-UNSPECIFIED
OEB030ahcbc,phi4_classify,1,0,,E2-UNSPECIFIED
OEB030ahdba,phi4_classify,1,0,,E2-UNSPECIFIED
OEB030ahdbb,phi4_classify,1,0,,E2-UNSPECIFIED
OEB030aheab,phi4_classify,0,1,E2-PARTIAL_EXTRACT,
OEB030ahecc,phi4_classify,0,1,E2-PARTIAL_EXTRACT,
OEB030aheda,phi4_classify,0,1,E2-PARTIAL_EXTRACT,
OEB030ahedc,phi4_classify,0,1,E2-PARTIAL_EXTRACT,
OEB030ahfbc,phi4_classify,1,0,,E2-UNSPECIFIED
OEB030baaba,phi4_classify,1,0,,E2-UNSPECIFIED
OEB030babbb,phi4_classify,1,0,,E2-UNSPECIFIED
OEB030babbc,phi4_classify,1,0,,E2-UNSPECIFIED
OEB030bacbc,phi4_classify,1,0,,E2-UNSPECIFIED
OEB030baedb,phi4_classify,0,1,E2-PARTIAL_EXTRACT,
OEB030baedc,phi4_classify,0,1,E2-PARTIAL_EXTRACT,
OEB030bafba,phi4_classify,1,0,,E2-UNSPECIFIED
OEB030bafbb,phi4_classify,1,0,,E2-UNSPECIFIED
OEB030bbabb,phi4_classify,1,0,,E2-UNSPECIFIED
OEB030bbbbc,phi4_classify,1,0,,E2-UNSPECIFIED
OEB030bbeab,phi4_classify,0,1,E2-PARTIAL_EXTRACT,
OEB030bbecb,phi4_classify,0,1,E2-PARTIAL_EXTRACT,
OEB030bbeda,phi4_classify,0,1,E2-PARTIAL_EXTRACT,
OEB030bccba,phi4_classify,1,0,,E2-UNSPECIFIED
OEB030bcdbb,phi4_classify,1,0,,E2-UNSPECIFIED
OEB030bceaa,phi4_classify,0,1,E2-PARTIAL_EXTRACT,
OEB030bceab,phi4_classify,0,1,E2-PARTIAL_EXTRACT,
OEB030bceac,phi4_classify,0,1,E2-PARTIAL_EXTRACT,
OEB030bcecb,phi4_classify,0,1,E2-PARTIAL_EXTRACT,
OEB030bcfbc,phi4_classify,1,0,,E2-UNSPECIFIED
OEB030bdaba,phi4_classify,1,0,,E2-UNSPECIFIED
OEB030bdbbb,phi4_classify,1,0,,E2-UNSPECIFIED
OEB030bddba,phi4_classify,1,0,,E2-UNSPECIFIED
OEB030bdeaa,phi4_classify,0,1,E2-PARTIAL_EXTRACT,
OEB030bdeab,phi4_classify,0,1,E2-PARTIAL_EXTRACT,
OEB030bdedb,phi4_classify,0,1,E2-PARTIAL_EXTRACT,
OEB030beabb,phi4_classify,1,0,,E2-UNSPECIFIED
OEB030becba,phi4_classify,1,0,,E2-UNSPECIFIED
OEB030bedbc,phi4_classify,1,0,,E2-UNSPECIFIED
OEB030beeac,phi4_classify,0,1,E2-PARTIAL_EXTRACT,
OEB030beecb,phi4_classify,0,1,E2-PARTIAL_EXTRACT,
OEB030beedb,phi4_classify,0,1,E2-PARTIAL_EXTRACT,
OEB030beedc,phi4_classify,0,1,E2-PARTIAL_EXTRACT,
OEB030befba,phi4_classify,1,0,,E2-UNSPECIFIED
OEB030bfabc,phi4_classify,1,0,,E2-UNSPECIFIED
OEB030bfbbc,phi4_classify,1,0,,E2-UNSPECIFIED
OEB030bfeaa,phi4_classify,0,1,E2-PARTIAL_EXTRACT,
OEB030bffba,phi4_classify,1,0,,E2-UNSPECIFIED
OEB030bffbc,phi4_classify,1,0,,E2-UNSPECIFIED
OEB030bgaba,phi4_classify,1,0,,E2-UNSPECIFIED
OEB030bgabb,phi4_classify,1,0,,E2-UNSPECIFIED
OEB030bgcba,phi4_classify,1,0,,E2-UNSPECIFIED
OEB030bgcbb,phi4_classify,1,0,,E2-UNSPECIFIED
OEB030bgeab,phi4_classify,0,1,E2-PARTIAL_EXTRACT,
OEB030bgeac,phi4_classify,0,1,E2-PARTIAL_EXTRACT,
OEB030bgeca,phi4_classify,0,1,E2-PARTIAL_EXTRACT,
OEB030bgedb,phi4_classify,0,1,E2-PARTIAL_EXTRACT,
OEB030bgfba,phi4_classify,1,0,,E2-UNSPECIFIED
OEB030bhabc,phi4_classify,1,0,,E2-UNSPECIFIED
OEB030bhcba,phi4_classify,1,0,,E2-UNSPECIFIED
OEB030bhcbb,phi4_classify,1,0,,E2-UNSPECIFIED
OEB030bhcbc,phi4_classify,1,0,,E2-UNSPECIFIED
OEB030bhdbb,phi4_classify,1,0,,E2-UNSPECIFIED
OEB030bhdbc,phi4_classify,1,0,,E2-UNSPECIFIED
OEB030bheaa,phi4_classify,0,1,E2-PARTIAL_EXTRACT,
OEB030bheac,phi4_classify,0,1,E2-PARTIAL_EXTRACT,
OEB030bhecc,phi4_classify,0,1,E2-PARTIAL_EXTRACT,
OEB030bheda,phi4_classify,0,1,E2-PARTIAL_EXTRACT,
OEB030bhedb,phi4_classify,0,1,E2-PARTIAL_EXTRACT,
OEB030bhfbb,phi4_classify,1,0,,E2-UNSPECIFIED
OEB030bhfbc,phi4_classify,1,0,,E2-UNSPECIFIED
OEB030cabbb,phi4_classify,1,0,,E2-UNSPECIFIED
OEB030cabbc,phi4_classify,1,0,,E2-UNSPECIFIED
OEB030caeaa,phi4_classify,0,1,E2-PARTIAL_EXTRACT,
OEB030caedb,phi4_classify,0,1,E2-PARTIAL_EXTRACT,
OEB030cafba,phi4_classify,1,0,,E2-UNSPECIFIED
OEB030cafbc,phi4_classify,1,0,,E2-UNSPECIFIED
OEB030cbaba,phi4_classify,1,0,,E2-UNSPECIFIED
OEB030cbabb,phi4_classify,1,0,,E2-UNSPECIFIED
OEB030cbbba,phi4_classify,1,0,,E2-UNSPECIFIED
OEB030cbcbb,phi4_classify,1,0,,E2-UNSPECIFIED
OEB030cbcbc,phi4_classify,1,0,,E2-UNSPECIFIED
OEB030cbdbb,phi4_classify,1,0,,E2-UNSPECIFIED
OEB030cbeca,phi4_classify,0,1,E2-PARTIAL_EXTRACT,
OEB030cbeda,phi4_classify,0,1,E2-PARTIAL_EXTRACT,
OEB030cbedb,phi4_classify,0,1,E2-PARTIAL_EXTRACT,
OEB030cbfbc,phi4_classify,1,0,,E2-UNSPECIFIED
OEB030ccaba,phi4_classify,1,0,,E2-UNSPECIFIED
OEB030ccdba,phi4_classify,1,0,,E2-UNSPECIFIED
OEB030ccdbc,phi4_classify,1,0,,E2-UNSPECIFIED
OEB030cceab,phi4_classify,0,1,E2-PARTIAL_EXTRACT,
OEB030cceca,phi4_classify,0,1,E2-PARTIAL_EXTRACT,
OEB030ccecb,phi4_classify,0,1,E2-PARTIAL_EXTRACT,
OEB030ccedb,phi4_classify,0,1,E2-PARTIAL_EXTRACT,
OEB030ccedc,phi4_classify,0,1,E2-PARTIAL_EXTRACT,
OEB030ccfbb,phi4_classify,1,0,,E2-UNSPECIFIED
OEB030ccfbc,phi4_classify,1,0,,E2-UNSPECIFIED
OEB030cdbbb,phi4_classify,1,0,,E2-UNSPECIFIED
OEB030cddbb,phi4_classify,1,0,,E2-UNSPECIFIED
OEB030cdeaa,phi4_classify,0,1,E2-PARTIAL_EXTRACT,
OEB030cdeab,phi4_classify,0,1,E2-PARTIAL_EXTRACT,
OEB030cdeca,phi4_classify,0,1,E2-PARTIAL_EXTRACT,
OEB030cdecb,phi4_classify,0,1,E2-PARTIAL_EXTRACT,
OEB030cdedb,phi4_classify,0,1,E2-PARTIAL_EXTRACT,
OEB030cdedc,phi4_classify,0,1,E2-PARTIAL_EXTRACT,
OEB030cdfbb,phi4_classify,1,0,,E2-UNSPECIFIED
OEB030ceaba,phi4_classify,1,0,,E2-UNSPECIFIED
OEB030ceabb,phi4_classify,1,0,,E2-UNSPECIFIED
OEB030ceabc,phi4_classify,1,0,,E2-UNSPECIFIED
OEB030cebba,phi4_classify,1,0,,E2-UNSPECIFIED
OEB030cebbb,phi4_classify,1,0,,E2-UNSPECIFIED
OEB030cecbc,phi4_classify,1,0,,E2-UNSPECIFIED
OEB030cefba,phi4_classify,1,0,,E2-UNSPECIFIED
OEB030cfcba,phi4_classify,1,0,,E2-UNSPECIFIED
OEB030cfcbb,phi4_classify,1,0,,E2-UNSPECIFIED
OEB030cfdbb,phi4_classify,1,0,,E2-UNSPECIFIED
OEB030cfdbc,phi4_classify,1,0,,E2-UNSPECIFIED
OEB030cfeaa,phi4_classify,0,1,E2-PARTIAL_EXTRACT,
OEB030cfeab,phi4_classify,0,1,E2-PARTIAL_EXTRACT,
OEB030cfeac,phi4_classify,0,1,E2-PARTIAL_EXTRACT,
OEB030cfecb,phi4_classify,0,1,E2-PARTIAL_EXTRACT,
OEB030cfecc,phi4_classify,0,1,E2-PARTIAL_EXTRACT,
OEB030cfedb,phi4_classify,0,1,E2-PARTIAL_EXTRACT,
OEB030cfedc,phi4_classify,0,1,E2-PARTIAL_EXTRACT,
OEB030cffba,phi4_classify,1,0,,E2-UNSPECIFIED
OEB030cffbb,phi4_classify,1,0,,E2-UNSPECIFIED
OEB030cgabc,phi4_classify,1,0,,E2-UNSPECIFIED
OEB030cgbba,phi4_classify,1,0,,E2-UNSPECIFIED
OEB030cgcba,phi4_classify,1,0,,E2-UNSPECIFIED
OEB030cgeca,phi4_classify,0,1,E2-PARTIAL_EXTRACT,
OEB030cgeda,phi4_classify,0,1,E2-PARTIAL_EXTRACT,
OEB030cgedb,phi4_classify,0,1,E2-PARTIAL_EXTRACT,
OEB030cgfbc,phi4_classify,1,0,,E2-UNSPECIFIED
OEB030chcbc,phi4_classify,1,0,,E2-UNSPECIFIED
OEB030chdbb,phi4_classify,1,0,,E2-UNSPECIFIED
OEB030cheaa,phi4_classify,0,1,E2-PARTIAL_EXTRACT,
OEB030cheda,phi4_classify,0,1,E2-PARTIAL_EXTRACT,
OEB030chedb,phi4_classify,0,1,E2-PARTIAL_EXTRACT,
OEB030chfbb,phi4_classify,1,0,,E2-UNSPECIFIED
OEB030chfbc,phi4_classify,1,0,,E2-UNSPECIFIED
OEB030dacba,phi4_classify,1,0,,E2-UNSPECIFIED
OEB030dacbc,phi4_classify,1,0,,E2-UNSPECIFIED
OEB030dadbb,phi4_classify,1,0,,E2-UNSPECIFIED
OEB030daeac,phi4_classify,0,1,E2-PARTIAL_EXTRACT,
OEB030daedc,phi4_classify,0,1,E2-PARTIAL_EXTRACT,
OEB030dafbb,phi4_classify,1,0,,E2-UNSPECIFIED
OEB030dbaba,phi4_classify,1,0,,E2-UNSPECIFIED
OEB030dbabc,phi4_classify,1,0,,E2-UNSPECIFIED
OEB030dbbbb,phi4_classify,1,0,,E2-UNSPECIFIED
OEB030dbdba,phi4_classify,1,0,,E2-UNSPECIFIED
OEB030dbeca,phi4_classify,0,1,E2-PARTIAL_EXTRACT,
OEB030dbecb,phi4_classify,0,1,E2-PARTIAL_EXTRACT,
OEB030dbecc,phi4_classify,0,1,E2-PARTIAL_EXTRACT,
OEB030dbeda,phi4_classify,0,1,E2-PARTIAL_EXTRACT,
OEB030dbedb,phi4_classify,0,1,E2-PARTIAL_EXTRACT,
OEB030dbfbc,phi4_classify,1,0,,E2-UNSPECIFIED
OEB030dcabb,phi4_classify,1,0,,E2-UNSPECIFIED
OEB030dcbba,phi4_classify,1,0,,E2-UNSPECIFIED
OEB030dcbbb,phi4_classify,1,0,,E2-UNSPECIFIED
OEB030dcbbc,phi4_classify,1,0,,E2-UNSPECIFIED
OEB030dccbb,phi4_classify,1,0,,E2-UNSPECIFIED
OEB030dccbc,phi4_classify,1,0,,E2-UNSPECIFIED
OEB030dceca,phi4_classify,0,1,E2-PARTIAL_EXTRACT,
OEB030dceda,phi4_classify,0,1,E2-PARTIAL_EXTRACT,
OEB030dcedb,phi4_classify,0,1,E2-PARTIAL_EXTRACT,
OEB030dcfba,phi4_classify,1,0,,E2-UNSPECIFIED
OEB030ddaba,phi4_classify,1,0,,E2-UNSPECIFIED
OEB030ddbba,phi4_classify,1,0,,E2-UNSPECIFIED
OEB030ddcba,phi4_classify,1,0,,E2-UNSPECIFIED
OEB030ddeac,phi4_classify,0,1,E2-PARTIAL_EXTRACT,
OEB030ddfba,phi4_classify,1,0,,E2-UNSPECIFIED
OEB030deabb,phi4_classify,1,0,,E2-UNSPECIFIED
OEB030debbb,phi4_classify,1,0,,E2-UNSPECIFIED
OEB030decbb,phi4_classify,1,0,,E2-UNSPECIFIED
OEB030decbc,phi4_classify,1,0,,E2-UNSPECIFIED
OEB030dedbb,phi4_classify,1,0,,E2-UNSPECIFIED
OEB030deeaa,phi4_classify,0,1,E2-PARTIAL_EXTRACT,
OEB030deecc,phi4_classify,0,1,E2-PARTIAL_EXTRACT,
OEB030deeda,phi4_classify,0,1,E2-PARTIAL_EXTRACT,
OEB030deedb,phi4_classify,0,1,E2-PARTIAL_EXTRACT,
OEB030defba,phi4_classify,1,0,,E2-UNSPECIFIED
OEB030defbc,phi4_classify,1,0,,E2-UNSPECIFIED
OEB030dfbbb,phi4_classify,1,0,,E2-UNSPECIFIED
OEB030dfcbb,phi4_classify,1,0,,E2-UNSPECIFIED
OEB030dfdba,phi4_classify,1,0,,E2-UNSPECIFIED
OEB030dfdbb,phi4_classify,1,0,,E2-UNSPECIFIED
OEB030dfeca,phi4_classify,0,1,E2-PARTIAL_EXTRACT,
OEB030dfecb,phi4_classify,0,1,E2-PARTIAL_EXTRACT,
OEB030dffba,phi4_classify,1,0,,E2-UNSPECIFIED
OEB030dffbb,phi4_classify,1,0,,E2-UNSPECIFIED
OEB030dffbc,phi4_classify,1,0,,E2-UNSPECIFIED
OEB030dgbbb,phi4_classify,1,0,,E2-UNSPECIFIED
OEB030dgbbc,phi4_classify,1,0,,E2-UNSPECIFIED
OEB030dgcba,phi4_classify,1,0,,E2-UNSPECIFIED
OEB030dgcbb,phi4_classify,1,0,,E2-UNSPECIFIED
OEB030dgdbb,phi4_classify,1,0,,E2-UNSPECIFIED
OEB030dgeab,phi4_classify,0,1,E2-PARTIAL_EXTRACT,
OEB030dgfbb,phi4_classify,1,0,,E2-UNSPECIFIED
OEB030dgfbc,phi4_classify,1,0,,E2-UNSPECIFIED
OEB030dhabc,phi4_classify,1,0,,E2-UNSPECIFIED
OEB030dhbbb,phi4_classify,1,0,,E2-UNSPECIFIED
OEB030dhbbc,phi4_classify,1,0,,E2-UNSPECIFIED
OEB030dhcba,phi4_classify,1,0,,E2-UNSPECIFIED
OEB030dhcbc,phi4_classify,1,0,,E2-UNSPECIFIED
OEB030dhdba,phi4_classify,1,0,,E2-UNSPECIFIED
OEB030dhdbb,phi4_classify,1,0,,E2-UNSPECIFIED
OEB030dhdbc,phi4_classify,1,0,,E2-UNSPECIFIED
OEB030dheca,phi4_classify,0,1,E2-PARTIAL_EXTRACT,
OEB030dhecc,phi4_classify,0,1,E2-PARTIAL_EXTRACT,
OEB030dheda,phi4_classify,0,1,E2-PARTIAL_EXTRACT,
OEB030dhedb,phi4_classify,0,1,E2-PARTIAL_EXTRACT,
OEB030dhfba,phi4_classify,1,0,,E2-UNSPECIFIED
OEB030dhfbc,phi4_classify,1,0,,E2-UNSPECIFIED
OEB030eaaba,phi4_classify,1,0,,E2-UNSPECIFIED
OEB030eaabb,phi4_classify,1,0,,E2-UNSPECIFIED
OEB030eaabc,phi4_classify,1,0,,E2-UNSPECIFIED
OEB030eabbb,phi4_classify,1,0,,E2-UNSPECIFIED
OEB030eadba,phi4_classify,1,0,,E2-UNSPECIFIED
OEB030eaeaa,phi4_classify,0,1,E2-PARTIAL_EXTRACT,
OEB030eaecb,phi4_classify,0,1,E2-PARTIAL_EXTRACT,
OEB030eaeda,phi4_classify,0,1,E2-PARTIAL_EXTRACT,
OEB030eaedb,phi4_classify,0,1,E2-PARTIAL_EXTRACT,
OEB030eafbb,phi4_classify,1,0,,E2-UNSPECIFIED
OEB030eafbc,phi4_classify,1,0,,E2-UNSPECIFIED
OEB030ebcba,phi4_classify,1,0,,E2-UNSPECIFIED
OEB030ebcbb,phi4_classify,1,0,,E2-UNSPECIFIED
OEB030ecabb,phi4_classify,1,0,,E2-UNSPECIFIED
OEB030ecbbb,phi4_classify,1,0,,E2-UNSPECIFIED
OEB030ecbbc,phi4_classify,1,0,,E2-UNSPECIFIED
OEB030eccbb,phi4_classify,1,0,,E2-UNSPECIFIED
OEB030eceaa,phi4_classify,0,1,E2-PARTIAL_EXTRACT,
OEB030eceab,phi4_classify,0,1,E2-PARTIAL_EXTRACT,
OEB030ececa,phi4_classify,0,1,E2-PARTIAL_EXTRACT,
OEB030ecedb,phi4_classify,0,1,E2-PARTIAL_EXTRACT,
OEB030ecedc,phi4_classify,0,1,E2-PARTIAL_EXTRACT,
OEB030edaba,phi4_classify,1,0,,E2-UNSPECIFIED
OEB030edbba,phi4_classify,1,0,,E2-UNSPECIFIED
OEB030edbbb,phi4_classify,1,0,,E2-UNSPECIFIED
OEB030edcba,phi4_classify,1,0,,E2-UNSPECIFIED
OEB030edcbb,phi4_classify,1,0,,E2-UNSPECIFIED
OEB030edcbc,phi4_classify,1,0,,E2-UNSPECIFIED
OEB030edeab,phi4_classify,0,1,E2-PARTIAL_EXTRACT,
OEB030edeca,phi4_classify,0,1,E2-PARTIAL_EXTRACT,
OEB030edecb,phi4_classify,0,1,E2-PARTIAL_EXTRACT,
OEB030ededc,phi4_classify,0,1,E2-PARTIAL_EXTRACT,
OEB030edfba,phi4_classify,1,0,,E2-UNSPECIFIED
OEB030eeabc,phi4_classify,1,0,,E2-UNSPECIFIED
OEB030eebbb,phi4_classify,1,0,,E2-UNSPECIFIED
OEB030eecbc,phi4_classify,1,0,,E2-UNSPECIFIED
OEB030eedbb,phi4_classify,1,0,,E2-UNSPECIFIED
OEB030eeeaa,phi4_classify,0,1,E2-PARTIAL_EXTRACT,
OEB030eeeab,phi4_classify,0,1,E2-PARTIAL_EXTRACT,
OEB030eeeac,phi4_classify,0,1,E2-PARTIAL_EXTRACT,
OEB030eeeca,phi4_classify,0,1,E2-PARTIAL_EXTRACT,
OEB030eeeda,phi4_classify,0,1,E2-PARTIAL_EXTRACT,
OEB030eeedc,phi4_classify,0,1,E2-PARTIAL_EXTRACT,
OEB030eefba,phi4_classify,1,0,,E2-UNSPECIFIED
OEB030efabb,phi4_classify,1,0,,E2-UNSPECIFIED
OEB030efbba,phi4_classify,1,0,,E2-UNSPECIFIED
OEB030efbbb,phi4_classify,1,0,,E2-UNSPECIFIED
OEB030efcba,phi4_classify,1,0,,E2-UNSPECIFIED
OEB030efdbb,phi4_classify,1,0,,E2-UNSPECIFIED
OEB030efeab,phi4_classify,0,1,E2-PARTIAL_EXTRACT,
OEB030efeac,phi4_classify,0,1,E2-PARTIAL_EXTRACT,
OEB030effbc,phi4_classify,1,0,,E2-UNSPECIFIED
OEB030egaba,phi4_classify,1,0,,E2-UNSPECIFIED
OEB030egbbc,phi4_classify,1,0,,E2-UNSPECIFIED
OEB030egcbb,phi4_classify,1,0,,E2-UNSPECIFIED
OEB030egdba,phi4_classify,1,0,,E2-UNSPECIFIED
OEB030egdbb,phi4_classify,1,0,,E2-UNSPECIFIED
OEB030egdbc,phi4_classify,1,0,,E2-UNSPECIFIED
OEB030egeab,phi4_classify,0,1,E2-PARTIAL_EXTRACT,
OEB030egeca,phi4_classify,0,1,E2-PARTIAL_EXTRACT,
OEB030egeda,phi4_classify,0,1,E2-PARTIAL_EXTRACT,
OEB030egfbc,phi4_classify,1,0,,E2-UNSPECIFIED
OEB030ehabb,phi4_classify,1,0,,E2-UNSPECIFIED
OEB030ehabc,phi4_classify,1,0,,E2-UNSPECIFIED
OEB030ehbba,phi4_classify,1,0,,E2-UNSPECIFIED
OEB030ehbbc,phi4_classify,1,0,,E2-UNSPECIFIED
OEB030ehcbb,phi4_classify,1,0,,E2-UNSPECIFIED
OEB030ehdbb,phi4_classify,1,0,,E2-UNSPECIFIED
OEB030ehdbc,phi4_classify,1,0,,E2-UNSPECIFIED
OEB030ehedb,phi4_classify,0,1,E2-PARTIAL_EXTRACT,
OEB030ehfba,phi4_classify,1,0,,E2-UNSPECIFIED
OEB030ehfbc,phi4_classify,1,0,,E2-UNSPECIFIED
OEB030faabc,phi4_classify,1,0,,E2-UNSPECIFIED
OEB030faeab,phi4_classify,0,1,E2-PARTIAL_EXTRACT,
OEB030faeca,phi4_classify,0,1,E2-PARTIAL_EXTRACT,
OEB030faeda,phi4_classify,0,1,E2-PARTIAL_EXTRACT,
OEB030faedc,phi4_classify,0,1,E2-PARTIAL_EXTRACT,
OEB030fafba,phi4_classify,1,0,,E2-UNSPECIFIED
OEB030fafbc,phi4_classify,1,0,,E2-UNSPECIFIED
OEB030fbaba,phi4_classify,1,0,,E2-UNSPECIFIED
OEB030fbbbb,phi4_classify,1,0,,E2-UNSPECIFIED
OEB030fbcba,phi4_classify,1,0,,E2-UNSPECIFIED
OEB030fbcbb,phi4_classify,1,0,,E2-UNSPECIFIED
OEB030fbdbb,phi4_classify,1,0,,E2-UNSPECIFIED
OEB030fbeab,phi4_classify,0,1,E2-PARTIAL_EXTRACT,
OEB030fbeda,phi4_classify,0,1,E2-PARTIAL_EXTRACT,
OEB030fbfbc,phi4_classify,1,0,,E2-UNSPECIFIED
OEB030fcaba,phi4_classify,1,0,,E2-UNSPECIFIED
OEB030fcbba,phi4_classify,1,0,,E2-UNSPECIFIED
OEB030fcbbc,phi4_classify,1,0,,E2-UNSPECIFIED
OEB030fccba,phi4_classify,1,0,,E2-UNSPECIFIED
OEB030fccbb,phi4_classify,1,0,,E2-UNSPECIFIED
OEB030fccbc,phi4_classify,1,0,,E2-UNSPECIFIED
OEB030fceaa,phi4_classify,0,1,E2-PARTIAL_EXTRACT,
OEB030fcecb,phi4_classify,0,1,E2-PARTIAL_EXTRACT,
OEB030fcecc,phi4_classify,0,1,E2-PARTIAL_EXTRACT,
OEB030fceda,phi4_classify,0,1,E2-PARTIAL_EXTRACT,
OEB030fcedb,phi4_classify,0,1,E2-PARTIAL_EXTRACT,
OEB030fcfba,phi4_classify,1,0,,E2-UNSPECIFIED
OEB030fcfbb,phi4_classify,1,0,,E2-UNSPECIFIED
OEB030fdaba,phi4_classify,1,0,,E2-UNSPECIFIED
OEB030fdbbb,phi4_classify,1,0,,E2-UNSPECIFIED
OEB030fdcbc,phi4_classify,1,0,,E2-UNSPECIFIED
OEB030fddbb,phi4_classify,1,0,,E2-UNSPECIFIED
OEB030fdeac,phi4_classify,0,1,E2-PARTIAL_EXTRACT,
OEB030fdeca,phi4_classify,0,1,E2-PARTIAL_EXTRACT,
OEB030fdecc,phi4_classify,0,1,E2-PARTIAL_EXTRACT,
OEB030fdeda,phi4_classify,0,1,E2-PARTIAL_EXTRACT,
OEB030fdedb,phi4_classify,0,1,E2-PARTIAL_EXTRACT,
OEB030fdedc,phi4_classify,0,1,E2-PARTIAL_EXTRACT,
OEB030fdfba,phi4_classify,1,0,,E2-UNSPECIFIED
OEB030fdfbb,phi4_classify,1,0,,E2-UNSPECIFIED
OEB030fdfbc,phi4_classify,1,0,,E2-UNSPECIFIED
OEB030febba,phi4_classify,1,0,,E2-UNSPECIFIED
OEB030febbc,phi4_classify,1,0,,E2-UNSPECIFIED
OEB030fecba,phi4_classify,1,0,,E2-UNSPECIFIED
OEB030fecbb,phi4_classify,1,0,,E2-UNSPECIFIED
OEB030fedbb,phi4_classify,1,0,,E2-UNSPECIFIED
OEB030feeaa,phi4_classify,0,1,E2-PARTIAL_EXTRACT,
OEB030feeac,phi4_classify,0,1,E2-PARTIAL_EXTRACT,
OEB030feecb,phi4_classify,0,1,E2-PARTIAL_EXTRACT,
OEB030feedb,phi4_classify,0,1,E2-PARTIAL_EXTRACT,
OEB030ffabb,phi4_classify,1,0,,E2-UNSPECIFIED
OEB030ffbba,phi4_classify,1,0,,E2-UNSPECIFIED
OEB030ffcba,phi4_classify,1,0,,E2-UNSPECIFIED
OEB030ffcbc,phi4_classify,1,0,,E2-UNSPECIFIED
OEB030ffdba,phi4_classify,1,0,,E2-UNSPECIFIED
OEB030ffeab,phi4_classify,0,1,E2-PARTIAL_EXTRACT,
OEB030ffeac,phi4_classify,0,1,E2-PARTIAL_EXTRACT,
OEB030ffeca,phi4_classify,0,1,E2-PARTIAL_EXTRACT,
OEB030fgbbb,phi4_classify,1,0,,E2-UNSPECIFIED
OEB030fgbbc,phi4_classify,1,0,,E2-UNSPECIFIED
OEB030fgdbb,phi4_classify,1,0,,E2-UNSPECIFIED
OEB030fgeaa,phi4_classify,0,1,E2-PARTIAL_EXTRACT,
OEB030fhaba,phi4_classify,1,0,,E2-UNSPECIFIED
OEB030fhcba,phi4_classify,1,0,,E2-UNSPECIFIED
OEB030fhdba,phi4_classify,1,0,,E2-UNSPECIFIED
OEB030fheab,phi4_classify,0,1,E2-PARTIAL_EXTRACT,
OEB030gaaba,phi4_classify,1,0,,E2-UNSPECIFIED
OEB030gaabc,phi4_classify,1,0,,E2-UNSPECIFIED
OEB030gabbc,phi4_classify,1,0,,E2-UNSPECIFIED
OEB030gacbc,phi4_classify,1,0,,E2-UNSPECIFIED
OEB030gadbb,phi4_classify,1,0,,E2-UNSPECIFIED
OEB030gaeac,phi4_classify,0,1,E2-PARTIAL_EXTRACT,
OEB030gaeda,phi4_classify,0,1,E2-PARTIAL_EXTRACT,
OEB030gaedb,phi4_classify,0,1,E2-PARTIAL_EXTRACT,
OEB030gaedc,phi4_classify,0,1,E2-PARTIAL_EXTRACT,
OEB030gafba,phi4_classify,1,0,,E2-UNSPECIFIED
OEB030gafbc,phi4_classify,1,0,,E2-UNSPECIFIED
OEB030gbbbb,phi4_classify,1,0,,E2-UNSPECIFIED
OEB030gbbbc,phi4_classify,1,0,,E2-UNSPECIFIED
OEB030gbdba,phi4_classify,1,0,,E2-UNSPECIFIED
OEB030gbdbb,phi4_classify,1,0,,E2-UNSPECIFIED
OEB030gbeaa,phi4_classify,0,1,E2-PARTIAL_EXTRACT,
OEB030gbfba,phi4_classify,1,0,,E2-UNSPECIFIED
OEB030gcabb,phi4_classify,1,0,,E2-UNSPECIFIED
OEB030gcabc,phi4_classify,1,0,,E2-UNSPECIFIED
OEB030gcbba,phi4_classify,1,0,,E2-UNSPECIFIED
OEB030gceaa,phi4_classify,0,1,E2-PARTIAL_EXTRACT,
OEB030gceac,phi4_classify,0,1,E2-PARTIAL_EXTRACT,
OEB030gcedc,phi4_classify,0,1,E2-PARTIAL_EXTRACT,
OEB030gcfbb,phi4_classify,1,0,,E2-UNSPECIFIED
OEB030gdbba,phi4_classify,1,0,,E2-UNSPECIFIED
OEB030gdcbb,phi4_classify,1,0,,E2-UNSPECIFIED
OEB030gddba,phi4_classify,1,0,,E2-UNSPECIFIED
OEB030gddbc,phi4_classify,1,0,,E2-UNSPECIFIED
OEB030gdeca,phi4_classify,0,1,E2-PARTIAL_EXTRACT,
OEB030gdecc,phi4_classify,0,1,E2-PARTIAL_EXTRACT,
OEB030gdeda,phi4_classify,0,1,E2-PARTIAL_EXTRACT,
OEB030gdedc,phi4_classify,0,1,E2-PARTIAL_EXTRACT,
OEB030gdfbb,phi4_classify,1,0,,E2-UNSPECIFIED
OEB030gdfbc,phi4_classify,1,0,,E2-UNSPECIFIED
OEB030geabb,phi4_classify,1,0,,E2-UNSPECIFIED
OEB030geabc,phi4_classify,1,0,,E2-UNSPECIFIED
OEB030gebba,phi4_classify,1,0,,E2-UNSPECIFIED
OEB030gecbb,phi4_classify,1,0,,E2-UNSPECIFIED
OEB030gedba,phi4_classify,1,0,,E2-UNSPECIFIED
OEB030gedbb,phi4_classify,1,0,,E2-UNSPECIFIED
OEB030geeac,phi4_classify,0,1,E2-PARTIAL_EXTRACT,
OEB030geecb,phi4_classify,0,1,E2-PARTIAL_EXTRACT,
OEB030geecc,phi4_classify,0,1,E2-PARTIAL_EXTRACT,
OEB030gefbc,phi4_classify,1,0,,E2-UNSPECIFIED
OEB030gfaba,phi4_classify,1,0,,E2-UNSPECIFIED
OEB030gfabc,phi4_classify,1,0,,E2-UNSPECIFIED
OEB030gfcbb,phi4_classify,1,0,,E2-UNSPECIFIED
OEB030gfcbc,phi4_classify,1,0,,E2-UNSPECIFIED
OEB030gfdbb,phi4_classify,1,0,,E2-UNSPECIFIED
OEB030gfdbc,phi4_classify,1,0,,E2-UNSPECIFIED
OEB030gfeaa,phi4_classify,0,1,E2-PARTIAL_EXTRACT,
OEB030gfeac,phi4_classify,0,1,E2-PARTIAL_EXTRACT,
OEB030gfecb,phi4_classify,0,1,E2-PARTIAL_EXTRACT,
OEB030gfeda,phi4_classify,0,1,E2-PARTIAL_EXTRACT,
OEB030gfedb,phi4_classify,0,1,E2-PARTIAL_EXTRACT,
OEB030gfedc,phi4_classify,0,1,E2-PARTIAL_EXTRACT,
OEB030ggaba,phi4_classify,1,0,,E2-UNSPECIFIED
OEB030ggbbb,phi4_classify,1,0,,E2-UNSPECIFIED
OEB030ggcba,phi4_classify,1,0,,E2-UNSPECIFIED
OEB030ggcbc,phi4_classify,1,0,,E2-UNSPECIFIED
OEB030ggeac,phi4_classify,0,1,E2-PARTIAL_EXTRACT,
OEB030ggeca,phi4_classify,0,1,E2-PARTIAL_EXTRACT,
OEB030ggecb,phi4_classify,0,1,E2-PARTIAL_EXTRACT,
OEB030ggecc,phi4_classify,0,1,E2-PARTIAL_EXTRACT,
OEB030ggfbb,phi4_classify,1,0,,E2-UNSPECIFIED
OEB030ghabb,phi4_classify,1,0,,E2-UNSPECIFIED
OEB030ghbbb,phi4_classify,1,0,,E2-UNSPECIFIED
OEB030ghcba,phi4_classify,1,0,,E2-UNSPECIFIED
OEB030ghcbc,phi4_classify,1,0,,E2-UNSPECIFIED
OEB030ghfbc,phi4_classify,1,0,,E2-UNSPECIFIED
OEB030haaba,phi4_classify,1,0,,E2-UNSPECIFIED
OEB030haabc,phi4_classify,1,0,,E2-UNSPECIFIED
OEB030hacbb,phi4_classify,1,0,,E2-UNSPECIFIED
OEB030hacbc,phi4_classify,1,0,,E2-UNSPECIFIED
OEB030haeab,phi4_classify,0,1,E2-PARTIAL_EXTRACT,
OEB030haeac,phi4_classify,0,1,E2-PARTIAL_EXTRACT,
OEB030haecb,phi4_classify,0,1,E2-PARTIAL_EXTRACT,
OEB030hafba,phi4_classify,1,0,,E2-UNSPECIFIED
OEB030hafbc,phi4_classify,1,0,,E2-UNSPECIFIED
OEB030hbabc,phi4_classify,1,0,,E2-UNSPECIFIED
OEB030hbbba,phi4_classify,1,0,,E2-UNSPECIFIED
OEB030hbeac,phi4_classify,0,1,E2-PARTIAL_EXTRACT,
OEB030hbeca,phi4_classify,0,1,E2-PARTIAL_EXTRACT,
OEB030hbecc,phi4_classify,0,1,E2-PARTIAL_EXTRACT,
OEB030hbfbc,phi4_classify,1,0,,E2-UNSPECIFIED
OEB030hcabc,phi4_classify,1,0,,E2-UNSPECIFIED
OEB030hccba,phi4_classify,1,0,,E2-UNSPECIFIED
OEB030hcdba,phi4_classify,1,0,,E2-UNSPECIFIED
OEB030hcdbb,phi4_classify,1,0,,E2-UNSPECIFIED
OEB030hceaa,phi4_classify,0,1,E2-PARTIAL_EXTRACT,
OEB030hcecb,phi4_classify,0,1,E2-PARTIAL_EXTRACT,
OEB030hcecc,phi4_classify,0,1,E2-PARTIAL_EXTRACT,
OEB030hcedb,phi4_classify,0,1,E2-PARTIAL_EXTRACT,
OEB030hcfbc,phi4_classify,1,0,,E2-UNSPECIFIED
OEB030hdaba,phi4_classify,1,0,,E2-UNSPECIFIED
OEB030hdabc,phi4_classify,1,0,,E2-UNSPECIFIED
OEB030hdbba,phi4_classify,1,0,,E2-UNSPECIFIED
OEB030hdbbc,phi4_classify,1,0,,E2-UNSPECIFIED
OEB030hdcba,phi4_classify,1,0,,E2-UNSPECIFIED
OEB030hdcbb,phi4_classify,1,0,,E2-UNSPECIFIED
OEB030hddba,phi4_classify,1,0,,E2-UNSPECIFIED
OEB030hdeab,phi4_classify,0,1,E2-PARTIAL_EXTRACT,
OEB030hdecb,phi4_classify,0,1,E2-PARTIAL_EXTRACT,
OEB030hdeda,phi4_classify,0,1,E2-PARTIAL_EXTRACT,
OEB030hdedb,phi4_classify,0,1,E2-PARTIAL_EXTRACT,
OEB030hdfbc,phi4_classify,1,0,,E2-UNSPECIFIED
OEB030hebba,phi4_classify,1,0,,E2-UNSPECIFIED
OEB030hecbc,phi4_classify,1,0,,E2-UNSPECIFIED
OEB030hedbb,phi4_classify,1,0,,E2-UNSPECIFIED
OEB030heeaa,phi4_classify,0,1,E2-PARTIAL_EXTRACT,
OEB030heeca,phi4_classify,0,1,E2-PARTIAL_EXTRACT,
OEB030heeda,phi4_classify,0,1,E2-PARTIAL_EXTRACT,
OEB030hefbb,phi4_classify,1,0,,E2-UNSPECIFIED
OEB030hefbc,phi4_classify,1,0,,E2-UNSPECIFIED
OEB030hfaba,phi4_classify,1,0,,E2-UNSPECIFIED
OEB030hfabb,phi4_classify,1,0,,E2-UNSPECIFIED
OEB030hfabc,phi4_classify,1,0,,E2-UNSPECIFIED
OEB030hfbbc,phi4_classify,1,0,,E2-UNSPECIFIED
OEB030hfdba,phi4_classify,1,0,,E2-UNSPECIFIED
OEB030hfdbb,phi4_classify,1,0,,E2-UNSPECIFIED
OEB030hfdbc,phi4_classify,1,0,,E2-UNSPECIFIED
OEB030hfeac,phi4_classify,0,1,E2-PARTIAL_EXTRACT,
OEB030hfeca,phi4_classify,0,1,E2-PARTIAL_EXTRACT,
OEB030hfecb,phi4_classify,0,1,E2-PARTIAL_EXTRACT,
OEB030hffbb,phi4_classify,1,0,,E2-UNSPECIFIED
OEB030hgaba,phi4_classify,1,0,,E2-UNSPECIFIED
OEB030hgbba,phi4_classify,1,0,,E2-UNSPECIFIED
OEB030hgcbb,phi4_classify,1,0,,E2-UNSPECIFIED
OEB030hgdba,phi4_classify,1,0,,E2-UNSPECIFIED
OEB030hgecc,phi4_classify,0,1,E2-PARTIAL_EXTRACT,
OEB030hgedc,phi4_classify,0,1,E2-PARTIAL_EXTRACT,
OEB030hhaba,phi4_classify,1,0,,E2-UNSPECIFIED
OEB030hhabc,phi4_classify,1,0,,E2-UNSPECIFIED
OEB030hhcba,phi4_classify,1,0,,E2-UNSPECIFIED
OEB030hheab,phi4_classify,0,1,E2-PARTIAL_EXTRACT,
OEB030hhfba,phi4_classify,1,0,,E2-UNSPECIFIED
OEB030iaaba,phi4_classify,1,0,,E2-UNSPECIFIED
OEB030iaabb,phi4_classify,1,0,,E2-UNSPECIFIED
OEB030iacbc,phi4_classify,1,0,,E2-UNSPECIFIED
OEB030iadba,phi4_classify,1,0,,E2-UNSPECIFIED
OEB030iaeaa,phi4_classify,0,1,E2-PARTIAL_EXTRACT,
OEB030iaeac,phi4_classify,0,1,E2-PARTIAL_EXTRACT,
OEB030iaeca,phi4_classify,0,1,E2-PARTIAL_EXTRACT,
OEB030iaecb,phi4_classify,0,1,E2-PARTIAL_EXTRACT,
OEB030iaeda,phi4_classify,0,1,E2-PARTIAL_EXTRACT,
OEB030iaedc,phi4_classify,0,1,E2-PARTIAL_EXTRACT,
OEB030iafbb,phi4_classify,1,0,,E2-UNSPECIFIED
OEB030iafbc,phi4_classify,1,0,,E2-UNSPECIFIED
OEB030ibabc,phi4_classify,1,0,,E2-UNSPECIFIED
OEB030ibeaa,phi4_classify,0,1,E2-PARTIAL_EXTRACT,
OEB030ibfbb,phi4_classify,1,0,,E2-UNSPECIFIED
OEB030icaba,phi4_classify,1,0,,E2-UNSPECIFIED
OEB030icabb,phi4_classify,1,0,,E2-UNSPECIFIED
OEB030iccba,phi4_classify,1,0,,E2-UNSPECIFIED
OEB030iccbc,phi4_classify,1,0,,E2-UNSPECIFIED
OEB030icdbc,phi4_classify,1,0,,E2-UNSPECIFIED
OEB030iceaa,phi4_classify,0,1,E2-PARTIAL_EXTRACT,
OEB030iceab,phi4_classify,0,1,E2-PARTIAL_EXTRACT,
OEB030icecb,phi4_classify,0,1,E2-PARTIAL_EXTRACT,
OEB030icfba,phi4_classify,1,0,,E2-UNSPECIFIED
OEB030idcbb,phi4_classify,1,0,,E2-UNSPECIFIED
OEB030idecc,phi4_classify,0,1,E2-PARTIAL_EXTRACT,
OEB030ieaba,phi4_classify,1,0,,E2-UNSPECIFIED
OEB030ieabc,phi4_classify,1,0,,E2-UNSPECIFIED
OEB030iebbb,phi4_classify,1,0,,E2-UNSPECIFIED
OEB030iebbc,phi4_classify,1,0,,E2-UNSPECIFIED
OEB030iecba,phi4_classify,1,0,,E2-UNSPECIFIED
OEB030iedba,phi4_classify,1,0,,E2-UNSPECIFIED
OEB030iedbb,phi4_classify,1,0,,E2-UNSPECIFIED
OEB030ieeab,phi4_classify,0,1,E2-PARTIAL_EXTRACT,
OEB030ieeac,phi4_classify,0,1,E2-PARTIAL_EXTRACT,
OEB030ieeca,phi4_classify,0,1,E2-PARTIAL_EXTRACT,
OEB030ieecb,phi4_classify,0,1,E2-PARTIAL_EXTRACT,
OEB030ieeda,phi4_classify,0,1,E2-PARTIAL_EXTRACT,
OEB030ieedb,phi4_classify,0,1,E2-PARTIAL_EXTRACT,
OEB030ifabb,phi4_classify,1,0,,E2-UNSPECIFIED
OEB030ifcba,phi4_classify,1,0,,E2-UNSPECIFIED
OEB030ifdba,phi4_classify,1,0,,E2-UNSPECIFIED
OEB030ifdbb,phi4_classify,1,0,,E2-UNSPECIFIED
OEB030ifeca,phi4_classify,0,1,E2-PARTIAL_EXTRACT,
OEB030iffbb,phi4_classify,1,0,,E2-UNSPECIFIED
OEB030igbba,phi4_classify,1,0,,E2-UNSPECIFIED
OEB030igbbb,phi4_classify,1,0,,E2-UNSPECIFIED
OEB030igbbc,phi4_classify,1,0,,E2-UNSPECIFIED
OEB030igcba,phi4_classify,1,0,,E2-UNSPECIFIED
OEB030igcbb,phi4_classify,1,0,,E2-UNSPECIFIED
OEB030igecc,phi4_classify,0,1,E2-PARTIAL_EXTRACT,
OEB030igedb,phi4_classify,0,1,E2-PARTIAL_EXTRACT,
OEB030igfbc,phi4_classify,1,0,,E2-UNSPECIFIED
OEB030ihabc,phi4_classify,1,0,,E2-UNSPECIFIED
OEB030ihbba,phi4_classify,1,0,,E2-UNSPECIFIED
OEB030ihcbb,phi4_classify,1,0,,E2-UNSPECIFIED
OEB030ihcbc,phi4_classify,1,0,,E2-UNSPECIFIED
OEB030ihdbc,phi4_classify,1,0,,E2-UNSPECIFIED
OEB030iheaa,phi4_classify,0,1,E2-PARTIAL_EXTRACT,
OEB030iheca,phi4_classify,0,1,E2-PARTIAL_EXTRACT,
OEB030ihecb,phi4_classify,0,1,E2-PARTIAL_EXTRACT,
OEB030ihfba,phi4_classify,1,0,,E2-UNSPECIFIED
OEB030ihfbb,phi4_classify,1,0,,E2-UNSPECIFIED
OEB030ihfbc,phi4_classify,1,0,,E2-UNSPECIFIED
OEB030jabbb,phi4_classify,1,0,,E2-UNSPECIFIED
OEB030jabbc,phi4_classify,1,0,,E2-UNSPECIFIED
OEB030jacbb,phi4_classify,1,0,,E2-UNSPECIFIED
OEB030jadbc,phi4_classify,1,0,,E2-UNSPECIFIED
OEB030jbabc,phi4_classify,1,0,,E2-UNSPECIFIED
OEB030jbbbc,phi4_classify,1,0,,E2-UNSPECIFIED
OEB030jbcbc,phi4_classify,1,0,,E2-UNSPECIFIED
OEB030jbeab,phi4_classify,0,1,E2-PARTIAL_EXTRACT,
OEB030jbeac,phi4_classify,0,1,E2-PARTIAL_EXTRACT,
OEB030jbeca,phi4_classify,0,1,E2-PARTIAL_EXTRACT,
OEB030jbecb,phi4_classify,0,1,E2-PARTIAL_EXTRACT,
OEB030jcaba,phi4_classify,1,0,,E2-UNSPECIFIED
OEB030jccba,phi4_classify,1,0,,E2-UNSPECIFIED
OEB030jcdbb,phi4_classify,1,0,,E2-UNSPECIFIED
OEB030jceca,phi4_classify,0,1,E2-PARTIAL_EXTRACT,
OEB030jcecb,phi4_classify,0,1,E2-PARTIAL_EXTRACT,
OEB030jcedb,phi4_classify,0,1,E2-PARTIAL_EXTRACT,
OEB030jcedc,phi4_classify,0,1,E2-PARTIAL_EXTRACT,
OEB030jcfba,phi4_classify,1,0,,E2-UNSPECIFIED
OEB030jdabb,phi4_classify,1,0,,E2-UNSPECIFIED
OEB030jdcbb,phi4_classify,1,0,,E2-UNSPECIFIED
OEB030jddba,phi4_classify,1,0,,E2-UNSPECIFIED
OEB030jdeaa,phi4_classify,0,1,E2-PARTIAL_EXTRACT,
OEB030jdeab,phi4_classify,0,1,E2-PARTIAL_EXTRACT,
OEB030jdecb,phi4_classify,0,1,E2-PARTIAL_EXTRACT,
OEB030jdedc,phi4_classify,0,1,E2-PARTIAL_EXTRACT,
OEB030jdfba,phi4_classify,1,0,,E2-UNSPECIFIED
OEB030jdfbb,phi4_classify,1,0,,E2-UNSPECIFIED
OEB030jdfbc,phi4_classify,1,0,,E2-UNSPECIFIED
OEB030jebba,phi4_classify,1,0,,E2-UNSPECIFIED
OEB030jebbc,phi4_classify,1,0,,E2-UNSPECIFIED
OEB030jecba,phi4_classify,1,0,,E2-UNSPECIFIED
OEB030jecbb,phi4_classify,1,0,,E2-UNSPECIFIED
OEB030jecbc,phi4_classify,1,0,,E2-UNSPECIFIED
OEB030jedba,phi4_classify,1,0,,E2-UNSPECIFIED
OEB030jedbb,phi4_classify,1,0,,E2-UNSPECIFIED
OEB030jeeaa,phi4_classify,0,1,E2-PARTIAL_EXTRACT,
OEB030jeecb,phi4_classify,0,1,E2-PARTIAL_EXTRACT,
OEB030jeedc,phi4_classify,0,1,E2-PARTIAL_EXTRACT,
OEB030jefbc,phi4_classify,1,0,,E2-UNSPECIFIED
OEB030jfaba,phi4_classify,1,0,,E2-UNSPECIFIED
OEB030jfabc,phi4_classify,1,0,,E2-UNSPECIFIED
OEB030jfdbb,phi4_classify,1,0,,E2-UNSPECIFIED
OEB030jfecc,phi4_classify,0,1,E2-PARTIAL_EXTRACT,
OEB030jfedc,phi4_classify,0,1,E2-PARTIAL_EXTRACT,
OEB030jgaba,phi4_classify,1,0,,E2-UNSPECIFIED
OEB030jgbbc,phi4_classify,1,0,,E2-UNSPECIFIED
OEB030jgdba,phi4_classify,1,0,,E2-UNSPECIFIED
OEB030jgeda,phi4_classify,0,1,E2-PARTIAL_EXTRACT,
OEB030jgfbc,phi4_classify,1,0,,E2-UNSPECIFIED
OEB030jhbba,phi4_classify,1,0,,E2-UNSPECIFIED
OEB030jhbbc,phi4_classify,1,0,,E2-UNSPECIFIED
OEB030jhcbb,phi4_classify,1,0,,E2-UNSPECIFIED
OEB030jhcbc,phi4_classify,1,0,,E2-UNSPECIFIED
OEB030jhdbb,phi4_classify,1,0,,E2-UNSPECIFIED
OEB030jheca,phi4_classify,0,1,E2-PARTIAL_EXTRACT,
OEB030jhecb,phi4_classify,0,1,E2-PARTIAL_EXTRACT,
OEB030jhecc,phi4_classify,0,1,E2-PARTIAL_EXTRACT,
OEB030jheda,phi4_classify,0,1,E2-PARTIAL_EXTRACT,
OEB030jhfbb,phi4_classify,1,0,,E2-UNSPECIFIED
OEB030kaaba,phi4_classify,1,0,,E2-UNSPECIFIED
OEB030kaabb,phi4_classify,1,0,,E2-UNSPECIFIED
OEB030kacba,phi4_classify,1,0,,E2-UNSPECIFIED
OEB030kacbb,phi4_classify,1,0,,E2-UNSPECIFIED
OEB030kadbc,phi4_classify,1,0,,E2-UNSPECIFIED
OEB030kaeac,phi4_classify,0,1,E2-PARTIAL_EXTRACT,
OEB030kaedb,phi4_classify,0,1,E2-PARTIAL_EXTRACT,
OEB030kaedc,phi4_classify,0,1,E2-PARTIAL_EXTRACT,
OEB030kbabc,phi4_classify,1,0,,E2-UNSPECIFIED
OEB030kbbbb,phi4_classify,1,0,,E2-UNSPECIFIED
OEB030kbbbc,phi4_classify,1,0,,E2-UNSPECIFIED
OEB030kbdba,phi4_classify,1,0,,E2-UNSPECIFIED
OEB030kbdbc,phi4_classify,1,0,,E2-UNSPECIFIED
OEB030kbeaa,phi4_classify,0,1,E2-PARTIAL_EXTRACT,
OEB030kbeac,phi4_classify,0,1,E2-PARTIAL_EXTRACT,
OEB030kbeca,phi4_classify,0,1,E2-PARTIAL_EXTRACT,
OEB030kbfbb,phi4_classify,1,0,,E2-UNSPECIFIED
OEB030kcaba,phi4_classify,1,0,,E2-UNSPECIFIED
OEB030kcbba,phi4_classify,1,0,,E2-UNSPECIFIED
OEB030kcbbb,phi4_classify,1,0,,E2-UNSPECIFIED
OEB030kccba,phi4_classify,1,0,,E2-UNSPECIFIED
OEB030kcdbc,phi4_classify,1,0,,E2-UNSPECIFIED
OEB030kcecc,phi4_classify,0,1,E2-PARTIAL_EXTRACT,
OEB030kceda,phi4_classify,0,1,E2-PARTIAL_EXTRACT,
OEB030kcfba,phi4_classify,1,0,,E2-UNSPECIFIED
OEB030kcfbc,phi4_classify,1,0,,E2-UNSPECIFIED
OEB030kdcba,phi4_classify,1,0,,E2-UNSPECIFIED
OEB030kdcbb,phi4_classify,1,0,,E2-UNSPECIFIED
OEB030kdeaa,phi4_classify,0,1,E2-PARTIAL_EXTRACT,
OEB030kdeca,phi4_classify,0,1,E2-PARTIAL_EXTRACT,
OEB030kdecb,phi4_classify,0,1,E2-PARTIAL_EXTRACT,
OEB030kdedb,phi4_classify,0,1,E2-PARTIAL_EXTRACT,
OEB030kdfba,phi4_classify,1,0,,E2-UNSPECIFIED
OEB030keabb,phi4_classify,1,0,,E2-UNSPECIFIED
OEB030kebba,phi4_classify,1,0,,E2-UNSPECIFIED
OEB030kedba,phi4_classify,1,0,,E2-UNSPECIFIED
OEB030keeab,phi4_classify,0,1,E2-PARTIAL_EXTRACT,
OEB030keedb,phi4_classify,0,1,E2-PARTIAL_EXTRACT,
OEB030kfbba,phi4_classify,1,0,,E2-UNSPECIFIED
OEB030kfecb,phi4_classify,0,1,E2-PARTIAL_EXTRACT,
OEB030kfecc,phi4_classify,0,1,E2-PARTIAL_EXTRACT,
OEB030kfeda,phi4_classify,0,1,E2-PARTIAL_EXTRACT,
OEB030kgaba,phi4_classify,1,0,,E2-UNSPECIFIED
OEB030kgabb,phi4_classify,1,0,,E2-UNSPECIFIED
OEB030kgabc,phi4_classify,1,0,,E2-UNSPECIFIED
OEB030kgbbc,phi4_classify,1,0,,E2-UNSPECIFIED
OEB030kgdbc,phi4_classify,1,0,,E2-UNSPECIFIED
OEB030kgecb,phi4_classify,0,1,E2-PARTIAL_EXTRACT,
OEB030kgecc,phi4_classify,0,1,E2-PARTIAL_EXTRACT,
OEB030kgedc,phi4_classify,0,1,E2-PARTIAL_EXTRACT,
OEB030kgfba,phi4_classify,1,0,,E2-UNSPECIFIED
OEB030kgfbc,phi4_classify,1,0,,E2-UNSPECIFIED
OEB030khabb,phi4_classify,1,0,,E2-UNSPECIFIED
OEB030khbbc,phi4_classify,1,0,,E2-UNSPECIFIED
OEB030khcba,phi4_classify,1,0,,E2-UNSPECIFIED
OEB030khdbb,phi4_classify,1,0,,E2-UNSPECIFIED
OEB030kheca,phi4_classify,0,1,E2-PARTIAL_EXTRACT,
OEB030khecb,phi4_classify,0,1,E2-PARTIAL_EXTRACT,
OEB030khecc,phi4_classify,0,1,E2-PARTIAL_EXTRACT,
OEB030khedc,phi4_classify,0,1,E2-PARTIAL_EXTRACT,
OEB030khfbc,phi4_classify,1,0,,E2-UNSPECIFIED
OEB040aacba,phi4_classify,1,0,,E2-UNSPECIFIED
OEB040aaeaa,phi4_classify,0,1,E2-PARTIAL_EXTRACT,
OEB040aaeab,phi4_classify,0,1,E2-PARTIAL_EXTRACT,
OEB040aaedb,phi4_classify,0,1,E2-PARTIAL_EXTRACT,
OEB040abcbb,phi4_classify,1,0,,E2-UNSPECIFIED
OEB040abeaa,phi4_classify,0,1,E2-PARTIAL_EXTRACT,
OEB040abecc,phi4_classify,0,1,E2-PARTIAL_EXTRACT,
OEB040abfba,phi4_classify,1,0,,E2-UNSPECIFIED
OEB040abfbb,phi4_classify,1,0,,E2-UNSPECIFIED
OEB040abfbc,phi4_classify,1,0,,E2-UNSPECIFIED
OEB040acbba,phi4_classify,1,0,,E2-UNSPECIFIED
OEB040acdbb,phi4_classify,1,0,,E2-UNSPECIFIED
OEB040aceda,phi4_classify,0,1,E2-PARTIAL_EXTRACT,
OEB040acedc,phi4_classify,0,1,E2-PARTIAL_EXTRACT,
OEB040adaba,phi4_classify,1,0,,E2-UNSPECIFIED
OEB040adbbc,phi4_classify,1,0,,E2-UNSPECIFIED
OEB040adcbb,phi4_classify,1,0,,E2-UNSPECIFIED
OEB040adeda,phi4_classify,0,1,E2-PARTIAL_EXTRACT,
OEB040adedc,phi4_classify,0,1,E2-PARTIAL_EXTRACT,
OEB040adfbb,phi4_classify,1,0,,E2-UNSPECIFIED
OEB040aebba,phi4_classify,1,0,,E2-UNSPECIFIED
OEB040aecba,phi4_classify,1,0,,E2-UNSPECIFIED
OEB040aeeac,phi4_classify,0,1,E2-PARTIAL_EXTRACT,
OEB040aeecc,phi4_classify,0,1,E2-PARTIAL_EXTRACT,
OEB040aeedc,phi4_classify,0,1,E2-PARTIAL_EXTRACT,
OEB040aefba,phi4_classify,1,0,,E2-UNSPECIFIED
OEB040afabc,phi4_classify,1,0,,E2-UNSPECIFIED
OEB040afeca,phi4_classify,0,1,E2-PARTIAL_EXTRACT,
OEB040afecc,phi4_classify,0,1,E2-PARTIAL_EXTRACT,
OEB040afedb,phi4_classify,0,1,E2-PARTIAL_EXTRACT,
OEB040agabb,phi4_classify,1,0,,E2-UNSPECIFIED
OEB040agdba,phi4_classify,1,0,,E2-UNSPECIFIED
OEB040ageac,phi4_classify,0,1,E2-PARTIAL_EXTRACT,
OEB040agecb,phi4_classify,0,1,E2-PARTIAL_EXTRACT,
OEB040agecc,phi4_classify,0,1,E2-PARTIAL_EXTRACT,
OEB040ageda,phi4_classify,0,1,E2-PARTIAL_EXTRACT,
OEB040agfba,phi4_classify,1,0,,E2-UNSPECIFIED
OEB040agfbb,phi4_classify,1,0,,E2-UNSPECIFIED
OEB040ahabb,phi4_classify,1,0,,E2-UNSPECIFIED
OEB040ahbbc,phi4_classify,1,0,,E2-UNSPECIFIED
OEB040ahcbb,phi4_classify,1,0,,E2-UNSPECIFIED
OEB040aheaa,phi4_classify,0,1,E2-PARTIAL_EXTRACT,
OEB040aheab,phi4_classify,0,1,E2-PARTIAL_EXTRACT,
OEB040baaba,phi4_classify,1,0,,E2-UNSPECIFIED
OEB040baabc,phi4_classify,1,0,,E2-UNSPECIFIED
OEB040bacbc,phi4_classify,1,0,,E2-UNSPECIFIED
OEB040badbb,phi4_classify,1,0,,E2-UNSPECIFIED
OEB040baeca,phi4_classify,0,1,E2-PARTIAL_EXTRACT,
OEB040baecc,phi4_classify,0,1,E2-PARTIAL_EXTRACT,
OEB040baedc,phi4_classify,0,1,E2-PARTIAL_EXTRACT,
OEB040bafba,phi4_classify,1,0,,E2-UNSPECIFIED
OEB040bbbba,phi4_classify,1,0,,E2-UNSPECIFIED
OEB040bbbbb,phi4_classify,1,0,,E2-UNSPECIFIED
OEB040bbbbc,phi4_classify,1,0,,E2-UNSPECIFIED
OEB040bbcbb,phi4_classify,1,0,,E2-UNSPECIFIED
OEB040bbeaa,phi4_classify,0,1,E2-PARTIAL_EXTRACT,
OEB040bbeac,phi4_classify,0,1,E2-PARTIAL_EXTRACT,
OEB040bbecb,phi4_classify,0,1,E2-PARTIAL_EXTRACT,
OEB040bbecc,phi4_classify,0,1,E2-PARTIAL_EXTRACT,
OEB040bbeda,phi4_classify,0,1,E2-PARTIAL_EXTRACT,
OEB040bbedb,phi4_classify,0,1,E2-PARTIAL_EXTRACT,
OEB040bbfbb,phi4_classify,1,0,,E2-UNSPECIFIED
OEB040bcbbc,phi4_classify,1,0,,E2-UNSPECIFIED
OEB040bccba,phi4_classify,1,0,,E2-UNSPECIFIED
OEB040bccbb,phi4_classify,1,0,,E2-UNSPECIFIED
OEB040bccbc,phi4_classify,1,0,,E2-UNSPECIFIED
OEB040bceaa,phi4_classify,0,1,E2-PARTIAL_EXTRACT,
OEB040bceac,phi4_classify,0,1,E2-PARTIAL_EXTRACT,
OEB040bdaba,phi4_classify,1,0,,E2-UNSPECIFIED
OEB040bdabc,phi4_classify,1,0,,E2-UNSPECIFIED
OEB040bdbbb,phi4_classify,1,0,,E2-UNSPECIFIED
OEB040bdcbc,phi4_classify,1,0,,E2-UNSPECIFIED
OEB040bdeca,phi4_classify,0,1,E2-PARTIAL_EXTRACT,
OEB040bdecc,phi4_classify,0,1,E2-PARTIAL_EXTRACT,
OEB040bdedb,phi4_classify,0,1,E2-PARTIAL_EXTRACT,
OEB040bdedc,phi4_classify,0,1,E2-PARTIAL_EXTRACT,
OEB040bebba,phi4_classify,1,0,,E2-UNSPECIFIED
OEB040bebbc,phi4_classify,1,0,,E2-UNSPECIFIED
OEB040becbb,phi4_classify,1,0,,E2-UNSPECIFIED
OEB040bedba,phi4_classify,1,0,,E2-UNSPECIFIED
OEB040beeab,phi4_classify,0,1,E2-PARTIAL_EXTRACT,
OEB040beedb,phi4_classify,0,1,E2-PARTIAL_EXTRACT,
OEB040befbb,phi4_classify,1,0,,E2-UNSPECIFIED
OEB040bfaba,phi4_classify,1,0,,E2-UNSPECIFIED
OEB040bfabb,phi4_classify,1,0,,E2-UNSPECIFIED
OEB040bfabc,phi4_classify,1,0,,E2-UNSPECIFIED
OEB040bfbbc,phi4_classify,1,0,,E2-UNSPECIFIED
OEB040bfcba,phi4_classify,1,0,,E2-UNSPECIFIED
OEB040bfeab,phi4_classify,0,1,E2-PARTIAL_EXTRACT,
OEB040bfeac,phi4_classify,0,1,E2-PARTIAL_EXTRACT,
OEB040bffbc,phi4_classify,1,0,,E2-UNSPECIFIED
OEB040bgabb,phi4_classify,1,0,,E2-UNSPECIFIED
OEB040bgbbb,phi4_classify,1,0,,E2-UNSPECIFIED
OEB040bgbbc,phi4_classify,1,0,,E2-UNSPECIFIED
OEB040bgcba,phi4_classify,1,0,,E2-UNSPECIFIED
OEB040bgdba,phi4_classify,1,0,,E2-UNSPECIFIED
OEB040bgdbb,phi4_classify,1,0,,E2-UNSPECIFIED
OEB040bgeab,phi4_classify,0,1,E2-PARTIAL_EXTRACT,
OEB040bgeca,phi4_classify,0,1,E2-PARTIAL_EXTRACT,
OEB040bgecb,phi4_classify,0,1,E2-PARTIAL_EXTRACT,
OEB040bgeda,phi4_classify,0,1,E2-PARTIAL_EXTRACT,
OEB040bgfba,phi4_classify,1,0,,E2-UNSPECIFIED
OEB040bhaba,phi4_classify,1,0,,E2-UNSPECIFIED
OEB040bhbbb,phi4_classify,1,0,,E2-UNSPECIFIED
OEB040bhdba,phi4_classify,1,0,,E2-UNSPECIFIED
OEB040bhdbb,phi4_classify,1,0,,E2-UNSPECIFIED
OEB040bhdbc,phi4_classify,1,0,,E2-UNSPECIFIED
OEB040bheaa,phi4_classify,0,1,E2-PARTIAL_EXTRACT,
OEB040bheac,phi4_classify,0,1,E2-PARTIAL_EXTRACT,
OEB040bhecb,phi4_classify,0,1,E2-PARTIAL_EXTRACT,
OEB040bhecc,phi4_classify,0,1,E2-PARTIAL_EXTRACT,
OEB040bhedc,phi4_classify,0,1,E2-PARTIAL_EXTRACT,
OEB040bhfbc,phi4_classify,1,0,,E2-UNSPECIFIED
OEB040cacba,phi4_classify,1,0,,E2-UNSPECIFIED
OEB040cacbc,phi4_classify,1,0,,E2-UNSPECIFIED
OEB040cadba,phi4_classify,1,0,,E2-UNSPECIFIED
OEB040cadbb,phi4_classify,1,0,,E2-UNSPECIFIED
OEB040caeaa,phi4_classify,0,1,E2-PARTIAL_EXTRACT,
OEB040caeab,phi4_classify,0,1,E2-PARTIAL_EXTRACT,
OEB040caeca,phi4_classify,0,1,E2-PARTIAL_EXTRACT,
OEB040caecb,phi4_classify,0,1,E2-PARTIAL_EXTRACT,
OEB040caedb,phi4_classify,0,1,E2-PARTIAL_EXTRACT,
OEB040cafbc,phi4_classify,1,0,,E2-UNSPECIFIED
OEB040cbbbc,phi4_classify,1,0,,E2-UNSPECIFIED
OEB040cbcbb,phi4_classify,1,0,,E2-UNSPECIFIED
OEB040cbeab,phi4_classify,0,1,E2-PARTIAL_EXTRACT,
OEB040cbeca,phi4_classify,0,1,E2-PARTIAL_EXTRACT,
OEB040cbecb,phi4_classify,0,1,E2-PARTIAL_EXTRACT,
OEB040cbfba,phi4_classify,1,0,,E2-UNSPECIFIED
OEB040cbfbb,phi4_classify,1,0,,E2-UNSPECIFIED
OEB040ccaba,phi4_classify,1,0,,E2-UNSPECIFIED
OEB040ccabc,phi4_classify,1,0,,E2-UNSPECIFIED
OEB040cccba,phi4_classify,1,0,,E2-UNSPECIFIED
OEB040cccbb,phi4_classify,1,0,,E2-UNSPECIFIED
OEB040cccbc,phi4_classify,1,0,,E2-UNSPECIFIED
OEB040ccdbc,phi4_classify,1,0,,E2-UNSPECIFIED
OEB040cceab,phi4_classify,0,1,E2-PARTIAL_EXTRACT,
OEB040ccecb,phi4_classify,0,1,E2-PARTIAL_EXTRACT,
OEB040cceda,phi4_classify,0,1,E2-PARTIAL_EXTRACT,
OEB040ccfbb,phi4_classify,1,0,,E2-UNSPECIFIED
OEB040cdabc,phi4_classify,1,0,,E2-UNSPECIFIED
OEB040cdbbc,phi4_classify,1,0,,E2-UNSPECIFIED
OEB040cdcbb,phi4_classify,1,0,,E2-UNSPECIFIED
OEB040cddbb,phi4_classify,1,0,,E2-UNSPECIFIED
OEB040cddbc,phi4_classify,1,0,,E2-UNSPECIFIED
OEB040cdeaa,phi4_classify,0,1,E2-PARTIAL_EXTRACT,
OEB040cdeca,phi4_classify,0,1,E2-PARTIAL_EXTRACT,
OEB040cdeda,phi4_classify,0,1,E2-PARTIAL_EXTRACT,
OEB040cdedc,phi4_classify,0,1,E2-PARTIAL_EXTRACT,
OEB040cdfbc,phi4_classify,1,0,,E2-UNSPECIFIED
OEB040ceabc,phi4_classify,1,0,,E2-UNSPECIFIED
OEB040cebbb,phi4_classify,1,0,,E2-UNSPECIFIED
OEB040cecba,phi4_classify,1,0,,E2-UNSPECIFIED
OEB040cecbc,phi4_classify,1,0,,E2-UNSPECIFIED
OEB040cedba,phi4_classify,1,0,,E2-UNSPECIFIED
OEB040ceeab,phi4_classify,0,1,E2-PARTIAL_EXTRACT,
OEB040ceecb,phi4_classify,0,1,E2-PARTIAL_EXTRACT,
OEB040ceeda,phi4_classify,0,1,E2-PARTIAL_EXTRACT,
OEB040ceedc,phi4_classify,0,1,E2-PARTIAL_EXTRACT,
OEB040cefba,phi4_classify,1,0,,E2-UNSPECIFIED
OEB040cfaba,phi4_classify,1,0,,E2-UNSPECIFIED
OEB040cfabb,phi4_classify,1,0,,E2-UNSPECIFIED
OEB040cfdba,phi4_classify,1,0,,E2-UNSPECIFIED
OEB040cfdbb,phi4_classify,1,0,,E2-UNSPECIFIED
OEB040cfdbc,phi4_classify,1,0,,E2-UNSPECIFIED
OEB040cfeaa,phi4_classify,0,1,E2-PARTIAL_EXTRACT,
OEB040cfeac,phi4_classify,0,1,E2-PARTIAL_EXTRACT,
OEB040cfeca,phi4_classify,0,1,E2-PARTIAL_EXTRACT,
OEB040cfedb,phi4_classify,0,1,E2-PARTIAL_EXTRACT,
OEB040cffbb,phi4_classify,1,0,,E2-UNSPECIFIED
OEB040cffbc,phi4_classify,1,0,,E2-UNSPECIFIED
OEB040cgabc,phi4_classify,1,0,,E2-UNSPECIFIED
OEB040cgcba,phi4_classify,1,0,,E2-UNSPECIFIED
OEB040cgcbb,phi4_classify,1,0,,E2-UNSPECIFIED
OEB040cgcbc,phi4_classify,1,0,,E2-UNSPECIFIED
OEB040cgdbb,phi4_classify,1,0,,E2-UNSPECIFIED
OEB040cgeaa,phi4_classify,0,1,E2-PARTIAL_EXTRACT,
OEB040cgedb,phi4_classify,0,1,E2-PARTIAL_EXTRACT,
OEB040cgfba,phi4_classify,1,0,,E2-UNSPECIFIED
OEB040cgfbc,phi4_classify,1,0,,E2-UNSPECIFIED
OEB040chabb,phi4_classify,1,0,,E2-UNSPECIFIED
OEB040chabc,phi4_classify,1,0,,E2-UNSPECIFIED
OEB040chbbc,phi4_classify,1,0,,E2-UNSPECIFIED
OEB040chdbc,phi4_classify,1,0,,E2-UNSPECIFIED
OEB040cheac,phi4_classify,0,1,E2-PARTIAL_EXTRACT,
OEB040chfba,phi4_classify,1,0,,E2-UNSPECIFIED
OEB040dadbb,phi4_classify,1,0,,E2-UNSPECIFIED
OEB040daeab,phi4_classify,0,1,E2-PARTIAL_EXTRACT,
OEB040daeca,phi4_classify,0,1,E2-PARTIAL_EXTRACT,
OEB040dafba,phi4_classify,1,0,,E2-UNSPECIFIED
OEB040dbcbb,phi4_classify,1,0,,E2-UNSPECIFIED
OEB040dbcbc,phi4_classify,1,0,,E2-UNSPECIFIED
OEB040dbdbb,phi4_classify,1,0,,E2-UNSPECIFIED
OEB040dcabc,phi4_classify,1,0,,E2-UNSPECIFIED
OEB040dcbbc,phi4_classify,1,0,,E2-UNSPECIFIED
OEB040dceab,phi4_classify,0,1,E2-PARTIAL_EXTRACT,
OEB040dcecb,phi4_classify,0,1,E2-PARTIAL_EXTRACT,
OEB040dcecc,phi4_classify,0,1,E2-PARTIAL_EXTRACT,
OEB040dcedb,phi4_classify,0,1,E2-PARTIAL_EXTRACT,
OEB040dcedc,phi4_classify,0,1,E2-PARTIAL_EXTRACT,
OEB040dcfbc,phi4_classify,1,0,,E2-UNSPECIFIED
OEB040ddaba,phi4_classify,1,0,,E2-UNSPECIFIED
OEB040ddbba,phi4_classify,1,0,,E2-UNSPECIFIED
OEB040ddbbc,phi4_classify,1,0,,E2-UNSPECIFIED
OEB040ddcba,phi4_classify,1,0,,E2-UNSPECIFIED
OEB040dddba,phi4_classify,1,0,,E2-UNSPECIFIED
OEB040dddbb,phi4_classify,1,0,,E2-UNSPECIFIED
OEB040dddbc,phi4_classify,1,0,,E2-UNSPECIFIED
OEB040ddeaa,phi4_classify,0,1,E2-PARTIAL_EXTRACT,
OEB040ddeab,phi4_classify,0,1,E2-PARTIAL_EXTRACT,
OEB040ddfba,phi4_classify,1,0,,E2-UNSPECIFIED
OEB040ddfbc,phi4_classify,1,0,,E2-UNSPECIFIED
OEB040deaba,phi4_classify,1,0,,E2-UNSPECIFIED
OEB040deabc,phi4_classify,1,0,,E2-UNSPECIFIED
OEB040debba,phi4_classify,1,0,,E2-UNSPECIFIED
OEB040debbb,phi4_classify,1,0,,E2-UNSPECIFIED
OEB040debbc,phi4_classify,1,0,,E2-UNSPECIFIED
OEB040decba,phi4_classify,1,0,,E2-UNSPECIFIED
OEB040dedbc,phi4_classify,1,0,,E2-UNSPECIFIED
OEB040deeca,phi4_classify,0,1,E2-PARTIAL_EXTRACT,
OEB040deecb,phi4_classify,0,1,E2-PARTIAL_EXTRACT,
OEB040deecc,phi4_classify,0,1,E2-PARTIAL_EXTRACT,
OEB040deeda,phi4_classify,0,1,E2-PARTIAL_EXTRACT,
OEB040defba,phi4_classify,1,0,,E2-UNSPECIFIED
OEB040dfaba,phi4_classify,1,0,,E2-UNSPECIFIED
OEB040dfbbb,phi4_classify,1,0,,E2-UNSPECIFIED
OEB040dfcba,phi4_classify,1,0,,E2-UNSPECIFIED
OEB040dfdba,phi4_classify,1,0,,E2-UNSPECIFIED
OEB040dfeaa,phi4_classify,0,1,E2-PARTIAL_EXTRACT,
OEB040dfeab,phi4_classify,0,1,E2-PARTIAL_EXTRACT,
OEB040dfeca,phi4_classify,0,1,E2-PARTIAL_EXTRACT,
OEB040dfedb,phi4_classify,0,1,E2-PARTIAL_EXTRACT,
OEB040dffbb,phi4_classify,1,0,,E2-UNSPECIFIED
OEB040dgaba,phi4_classify,1,0,,E2-UNSPECIFIED
OEB040dgabb,phi4_classify,1,0,,E2-UNSPECIFIED
OEB040dgbbc,phi4_classify,1,0,,E2-UNSPECIFIED
OEB040dgcbb,phi4_classify,1,0,,E2-UNSPECIFIED
OEB040dgcbc,phi4_classify,1,0,,E2-UNSPECIFIED
OEB040dgeac,phi4_classify,0,1,E2-PARTIAL_EXTRACT,
OEB040dgecb,phi4_classify,0,1,E2-PARTIAL_EXTRACT,
OEB040dgeda,phi4_classify,0,1,E2-PARTIAL_EXTRACT,
OEB040dhaba,phi4_classify,1,0,,E2-UNSPECIFIED
OEB040dhabb,phi4_classify,1,0,,E2-UNSPECIFIED
OEB040dheaa,phi4_classify,0,1,E2-PARTIAL_EXTRACT,
OEB040dhecb,phi4_classify,0,1,E2-PARTIAL_EXTRACT,
OEB040dhecc,phi4_classify,0,1,E2-PARTIAL_EXTRACT,
OEB040dhedb,phi4_classify,0,1,E2-PARTIAL_EXTRACT,
OEB040dhedc,phi4_classify,0,1,E2-PARTIAL_EXTRACT,
OEB040dhfbc,phi4_classify,1,0,,E2-UNSPECIFIED
OEB040eaabb,phi4_classify,1,0,,E2-UNSPECIFIED
OEB040eabbb,phi4_classify,1,0,,E2-UNSPECIFIED
OEB040eacba,phi4_classify,1,0,,E2-UNSPECIFIED
OEB040eacbb,phi4_classify,1,0,,E2-UNSPECIFIED
OEB040eacbc,phi4_classify,1,0,,E2-UNSPECIFIED
OEB040eadbc,phi4_classify,1,0,,E2-UNSPECIFIED
OEB040eaeaa,phi4_classify,0,1,E2-PARTIAL_EXTRACT,
OEB040eaeab,phi4_classify,0,1,E2-PARTIAL_EXTRACT,
OEB040eaeac,phi4_classify,0,1,E2-PARTIAL_EXTRACT,
OEB040eaecb,phi4_classify,0,1,E2-PARTIAL_EXTRACT,
OEB040eaedc,phi4_classify,0,1,E2-PARTIAL_EXTRACT,
OEB040ebbba,phi4_classify,1,0,,E2-UNSPECIFIED
OEB040ebcba,phi4_classify,1,0,,E2-UNSPECIFIED
OEB040ebcbc,phi4_classify,1,0,,E2-UNSPECIFIED
OEB040ebdba,phi4_classify,1,0,,E2-UNSPECIFIED
OEB040ebedb,phi4_classify,0,1,E2-PARTIAL_EXTRACT,
OEB040ecaba,phi4_classify,1,0,,E2-UNSPECIFIED
OEB040ecbbb,phi4_classify,1,0,,E2-UNSPECIFIED
OEB040eccbb,phi4_classify,1,0,,E2-UNSPECIFIED
OEB040ecdbc,phi4_classify,1,0,,E2-UNSPECIFIED
OEB040eceaa,phi4_classify,0,1,E2-PARTIAL_EXTRACT,
OEB040eceab,phi4_classify,0,1,E2-PARTIAL_EXTRACT,
OEB040ececa,phi4_classify,0,1,E2-PARTIAL_EXTRACT,
OEB040ececc,phi4_classify,0,1,E2-PARTIAL_EXTRACT,
OEB040ecedb,phi4_classify,0,1,E2-PARTIAL_EXTRACT,
OEB040ecedc,phi4_classify,0,1,E2-PARTIAL_EXTRACT,
OEB040ecfba,phi4_classify,1,0,,E2-UNSPECIFIED
OEB040ecfbb,phi4_classify,1,0,,E2-UNSPECIFIED
OEB040ecfbc,phi4_classify,1,0,,E2-UNSPECIFIED
OEB040edabb,phi4_classify,1,0,,E2-UNSPECIFIED
OEB040edbba,phi4_classify,1,0,,E2-UNSPECIFIED
OEB040edcbc,phi4_classify,1,0,,E2-UNSPECIFIED
OEB040eddbb,phi4_classify,1,0,,E2-UNSPECIFIED
OEB040edecc,phi4_classify,0,1,E2-PARTIAL_EXTRACT,
OEB040ededa,phi4_classify,0,1,E2-PARTIAL_EXTRACT,
OEB040eeaba,phi4_classify,1,0,,E2-UNSPECIFIED
OEB040eeabb,phi4_classify,1,0,,E2-UNSPECIFIED
OEB040eeabc,phi4_classify,1,0,,E2-UNSPECIFIED
OEB040eebbc,phi4_classify,1,0,,E2-UNSPECIFIED
OEB040eecba,phi4_classify,1,0,,E2-UNSPECIFIED
OEB040eedbc,phi4_classify,1,0,,E2-UNSPECIFIED
OEB040eeeaa,phi4_classify,0,1,E2-PARTIAL_EXTRACT,
OEB040eeeac,phi4_classify,0,1,E2-PARTIAL_EXTRACT,
OEB040eeeca,phi4_classify,0,1,E2-PARTIAL_EXTRACT,
OEB040eeecb,phi4_classify,0,1,E2-PARTIAL_EXTRACT,
OEB040eeecc,phi4_classify,0,1,E2-PARTIAL_EXTRACT,
OEB040eeeda,phi4_classify,0,1,E2-PARTIAL_EXTRACT,
OEB040eefbb,phi4_classify,1,0,,E2-UNSPECIFIED
OEB040efabc,phi4_classify,1,0,,E2-UNSPECIFIED
OEB040efbba,phi4_classify,1,0,,E2-UNSPECIFIED
OEB040efbbb,phi4_classify,1,0,,E2-UNSPECIFIED
OEB040efbbc,phi4_classify,1,0,,E2-UNSPECIFIED
OEB040efcba,phi4_classify,1,0,,E2-UNSPECIFIED
OEB040efcbc,phi4_classify,1,0,,E2-UNSPECIFIED
OEB040efeaa,phi4_classify,0,1,E2-PARTIAL_EXTRACT,
OEB040efeac,phi4_classify,0,1,E2-PARTIAL_EXTRACT,
OEB040efecb,phi4_classify,0,1,E2-PARTIAL_EXTRACT,
OEB040efeda,phi4_classify,0,1,E2-PARTIAL_EXTRACT,
OEB040efedc,phi4_classify,0,1,E2-PARTIAL_EXTRACT,
OEB040egaba,phi4_classify,1,0,,E2-UNSPECIFIED
OEB040egabb,phi4_classify,1,0,,E2-UNSPECIFIED
OEB040egbba,phi4_classify,1,0,,E2-UNSPECIFIED
OEB040egcbb,phi4_classify,1,0,,E2-UNSPECIFIED
OEB040egdbb,phi4_classify,1,0,,E2-UNSPECIFIED
OEB040egeac,phi4_classify,0,1,E2-PARTIAL_EXTRACT,
OEB040egeca,phi4_classify,0,1,E2-PARTIAL_EXTRACT,
OEB040egedc,phi4_classify,0,1,E2-PARTIAL_EXTRACT,
OEB040egfbb,phi4_classify,1,0,,E2-UNSPECIFIED
OEB040ehabb,phi4_classify,1,0,,E2-UNSPECIFIED
OEB040ehbbc,phi4_classify,1,0,,E2-UNSPECIFIED
OEB040ehcba,phi4_classify,1,0,,E2-UNSPECIFIED
OEB040ehdbb,phi4_classify,1,0,,E2-UNSPECIFIED
OEB040eheab,phi4_classify,0,1,E2-PARTIAL_EXTRACT,
OEB040ehecb,phi4_classify,0,1,E2-PARTIAL_EXTRACT,
OEB040ehecc,phi4_classify,0,1,E2-PARTIAL_EXTRACT,
OEB040eheda,phi4_classify,0,1,E2-PARTIAL_EXTRACT,
OEB040ehfbc,phi4_classify,1,0,,E2-UNSPECIFIED
OEB040faabc,phi4_classify,1,0,,E2-UNSPECIFIED
OEB040fabba,phi4_classify,1,0,,E2-UNSPECIFIED
OEB040fabbb,phi4_classify,1,0,,E2-UNSPECIFIED
OEB040facbb,phi4_classify,1,0,,E2-UNSPECIFIED
OEB040facbc,phi4_classify,1,0,,E2-UNSPECIFIED
OEB040fadbc,phi4_classify,1,0,,E2-UNSPECIFIED
OEB040faecb,phi4_classify,0,1,E2-PARTIAL_EXTRACT,
OEB040fafba,phi4_classify,1,0,,E2-UNSPECIFIED
OEB040fafbb,phi4_classify,1,0,,E2-UNSPECIFIED
OEB040fbbbc,phi4_classify,1,0,,E2-UNSPECIFIED
OEB040fbcba,phi4_classify,1,0,,E2-UNSPECIFIED
OEB040fbcbc,phi4_classify,1,0,,E2-UNSPECIFIED
OEB040fbdbb,phi4_classify,1,0,,E2-UNSPECIFIED
OEB040fbeaa,phi4_classify,0,1,E2-PARTIAL_EXTRACT,
OEB040fbeab,phi4_classify,0,1,E2-PARTIAL_EXTRACT,
OEB040fbeac,phi4_classify,0,1,E2-PARTIAL_EXTRACT,
OEB040fbecb,phi4_classify,0,1,E2-PARTIAL_EXTRACT,
OEB040fbecc,phi4_classify,0,1,E2-PARTIAL_EXTRACT,
OEB040fbedb,phi4_classify,0,1,E2-PARTIAL_EXTRACT,
OEB040fcaba,phi4_classify,1,0,,E2-UNSPECIFIED
OEB040fcabc,phi4_classify,1,0,,E2-UNSPECIFIED
OEB040fcbba,phi4_classify,1,0,,E2-UNSPECIFIED
OEB040fccba,phi4_classify,1,0,,E2-UNSPECIFIED
OEB040fccbb,phi4_classify,1,0,,E2-UNSPECIFIED
OEB040fceac,phi4_classify,0,1,E2-PARTIAL_EXTRACT,
OEB040fcedb,phi4_classify,0,1,E2-PARTIAL_EXTRACT,
OEB040fcedc,phi4_classify,0,1,E2-PARTIAL_EXTRACT,
OEB040fcfba,phi4_classify,1,0,,E2-UNSPECIFIED
OEB040fcfbb,phi4_classify,1,0,,E2-UNSPECIFIED
OEB040fdaba,phi4_classify,1,0,,E2-UNSPECIFIED
OEB040fdbba,phi4_classify,1,0,,E2-UNSPECIFIED
OEB040fdbbb,phi4_classify,1,0,,E2-UNSPECIFIED
OEB040fdcba,phi4_classify,1,0,,E2-UNSPECIFIED
OEB040fdeda,phi4_classify,0,1,E2-PARTIAL_EXTRACT,
OEB040fdfba,phi4_classify,1,0,,E2-UNSPECIFIED
OEB040feabb,phi4_classify,1,0,,E2-UNSPECIFIED
OEB040febba,phi4_classify,1,0,,E2-UNSPECIFIED
OEB040febbb,phi4_classify,1,0,,E2-UNSPECIFIED
OEB040fecbb,phi4_classify,1,0,,E2-UNSPECIFIED
OEB040fecbc,phi4_classify,1,0,,E2-UNSPECIFIED
OEB040fedba,phi4_classify,1,0,,E2-UNSPECIFIED
OEB040fedbb,phi4_classify,1,0,,E2-UNSPECIFIED
OEB040feeac,phi4_classify,0,1,E2-PARTIAL_EXTRACT,
OEB040feedb,phi4_classify,0,1,E2-PARTIAL_EXTRACT,
OEB040feedc,phi4_classify,0,1,E2-PARTIAL_EXTRACT,
OEB040fefbb,phi4_classify,1,0,,E2-UNSPECIFIED
OEB040ffabb,phi4_classify,1,0,,E2-UNSPECIFIED
OEB040ffabc,phi4_classify,1,0,,E2-UNSPECIFIED
OEB040ffbba,phi4_classify,1,0,,E2-UNSPECIFIED
OEB040ffbbb,phi4_classify,1,0,,E2-UNSPECIFIED
OEB040ffcba,phi4_classify,1,0,,E2-UNSPECIFIED
OEB040ffeaa,phi4_classify,0,1,E2-PARTIAL_EXTRACT,
OEB040ffedc,phi4_classify,0,1,E2-PARTIAL_EXTRACT,
OEB040fgaba,phi4_classify,1,0,,E2-UNSPECIFIED
OEB040fgabb,phi4_classify,1,0,,E2-UNSPECIFIED
OEB040fgabc,phi4_classify,1,0,,E2-UNSPECIFIED
OEB040fgbbb,phi4_classify,1,0,,E2-UNSPECIFIED
OEB040fgcbb,phi4_classify,1,0,,E2-UNSPECIFIED
OEB040fgcbc,phi4_classify,1,0,,E2-UNSPECIFIED
OEB040fgdba,phi4_classify,1,0,,E2-UNSPECIFIED
OEB040fgdbb,phi4_classify,1,0,,E2-UNSPECIFIED
OEB040fgfba,phi4_classify,1,0,,E2-UNSPECIFIED
OEB040fgfbc,phi4_classify,1,0,,E2-UNSPECIFIED
OEB040fhabb,phi4_classify,1,0,,E2-UNSPECIFIED
OEB040fhbba,phi4_classify,1,0,,E2-UNSPECIFIED
OEB040fhbbc,phi4_classify,1,0,,E2-UNSPECIFIED
OEB040fheca,phi4_classify,0,1,E2-PARTIAL_EXTRACT,
OEB040fhecb,phi4_classify,0,1,E2-PARTIAL_EXTRACT,
OEB040fhecc,phi4_classify,0,1,E2-PARTIAL_EXTRACT,
OEB040fheda,phi4_classify,0,1,E2-PARTIAL_EXTRACT,
OEB040gaaba,phi4_classify,1,0,,E2-UNSPECIFIED
OEB040gacbb,phi4_classify,1,0,,E2-UNSPECIFIED
OEB040gacbc,phi4_classify,1,0,,E2-UNSPECIFIED
OEB040gadbb,phi4_classify,1,0,,E2-UNSPECIFIED
OEB040gadbc,phi4_classify,1,0,,E2-UNSPECIFIED
OEB040gaeab,phi4_classify,0,1,E2-PARTIAL_EXTRACT,
OEB040gaecb,phi4_classify,0,1,E2-PARTIAL_EXTRACT,
OEB040gaecc,phi4_classify,0,1,E2-PARTIAL_EXTRACT,
OEB040gaeda,phi4_classify,0,1,E2-PARTIAL_EXTRACT,
OEB040gbaba,phi4_classify,1,0,,E2-UNSPECIFIED
OEB040gbabb,phi4_classify,1,0,,E2-UNSPECIFIED
OEB040gbabc,phi4_classify,1,0,,E2-UNSPECIFIED
OEB040gbbba,phi4_classify,1,0,,E2-UNSPECIFIED
OEB040gbcbb,phi4_classify,1,0,,E2-UNSPECIFIED
OEB040gbeab,phi4_classify,0,1,E2-PARTIAL_EXTRACT,
OEB040gbeac,phi4_classify,0,1,E2-PARTIAL_EXTRACT,
OEB040gbecb,phi4_classify,0,1,E2-PARTIAL_EXTRACT,
OEB040gbfbc,phi4_classify,1,0,,E2-UNSPECIFIED
OEB040gcaba,phi4_classify,1,0,,E2-UNSPECIFIED
OEB040gcbba,phi4_classify,1,0,,E2-UNSPECIFIED
OEB040gcbbc,phi4_classify,1,0,,E2-UNSPECIFIED
OEB040gccba,phi4_classify,1,0,,E2-UNSPECIFIED
OEB040gcdbc,phi4_classify,1,0,,E2-UNSPECIFIED
OEB040gceab,phi4_classify,0,1,E2-PARTIAL_EXTRACT,
OEB040gcecb,phi4_classify,0,1,E2-PARTIAL_EXTRACT,
OEB040gcfba,phi4_classify,1,0,,E2-UNSPECIFIED
OEB040gdbba,phi4_classify,1,0,,E2-UNSPECIFIED
OEB040gdbbc,phi4_classify,1,0,,E2-UNSPECIFIED
OEB040gddba,phi4_classify,1,0,,E2-UNSPECIFIED
OEB040gdeaa,phi4_classify,0,1,E2-PARTIAL_EXTRACT,
OEB040gdfba,phi4_classify,1,0,,E2-UNSPECIFIED
OEB040geaba,phi4_classify,1,0,,E2-UNSPECIFIED
OEB040geabb,phi4_classify,1,0,,E2-UNSPECIFIED
OEB040geabc,phi4_classify,1,0,,E2-UNSPECIFIED
OEB040gebbb,phi4_classify,1,0,,E2-UNSPECIFIED
OEB040gecbb,phi4_classify,1,0,,E2-UNSPECIFIED
OEB040gedbc,phi4_classify,1,0,,E2-UNSPECIFIED
OEB040geeaa,phi4_classify,0,1,E2-PARTIAL_EXTRACT,
OEB040geeac,phi4_classify,0,1,E2-PARTIAL_EXTRACT,
OEB040geecb,phi4_classify,0,1,E2-PARTIAL_EXTRACT,
OEB040geeda,phi4_classify,0,1,E2-PARTIAL_EXTRACT,
OEB040geedb,phi4_classify,0,1,E2-PARTIAL_EXTRACT,
OEB040geedc,phi4_classify,0,1,E2-PARTIAL_EXTRACT,
OEB040gefba,phi4_classify,1,0,,E2-UNSPECIFIED
OEB040gefbc,phi4_classify,1,0,,E2-UNSPECIFIED
OEB040gfabb,phi4_classify,1,0,,E2-UNSPECIFIED
OEB040gfbbb,phi4_classify,1,0,,E2-UNSPECIFIED
OEB040gfcbb,phi4_classify,1,0,,E2-UNSPECIFIED
OEB040gfeab,phi4_classify,0,1,E2-PARTIAL_EXTRACT,
OEB040gfeac,phi4_classify,0,1,E2-PARTIAL_EXTRACT,
OEB040gfeca,phi4_classify,0,1,E2-PARTIAL_EXTRACT,
OEB040gfeda,phi4_classify,0,1,E2-PARTIAL_EXTRACT,
OEB040gfedb,phi4_classify,0,1,E2-PARTIAL_EXTRACT,
OEB040ggabb,phi4_classify,1,0,,E2-UNSPECIFIED
OEB040ggbba,phi4_classify,1,0,,E2-UNSPECIFIED
OEB040ggdba,phi4_classify,1,0,,E2-UNSPECIFIED
OEB040ggeaa,phi4_classify,0,1,E2-PARTIAL_EXTRACT,
OEB040ggeda,phi4_classify,0,1,E2-PARTIAL_EXTRACT,
OEB040ggfba,phi4_classify,1,0,,E2-UNSPECIFIED
OEB040ggfbb,phi4_classify,1,0,,E2-UNSPECIFIED
OEB040ghabb,phi4_classify,1,0,,E2-UNSPECIFIED
OEB040ghbbb,phi4_classify,1,0,,E2-UNSPECIFIED
OEB040gheab,phi4_classify,0,1,E2-PARTIAL_EXTRACT,
OEB040gheac,phi4_classify,0,1,E2-PARTIAL_EXTRACT,
OEB040gheca,phi4_classify,0,1,E2-PARTIAL_EXTRACT,
OEB040ghecb,phi4_classify,0,1,E2-PARTIAL_EXTRACT,
OEB040ghedc,phi4_classify,0,1,E2-PARTIAL_EXTRACT,
OEB040haabb,phi4_classify,1,0,,E2-UNSPECIFIED
OEB040habbb,phi4_classify,1,0,,E2-UNSPECIFIED
OEB040hacbb,phi4_classify,1,0,,E2-UNSPECIFIED
OEB040hadba,phi4_classify,1,0,,E2-UNSPECIFIED
OEB040hadbc,phi4_classify,1,0,,E2-UNSPECIFIED
OEB040haeac,phi4_classify,0,1,E2-PARTIAL_EXTRACT,
OEB040hafba,phi4_classify,1,0,,E2-UNSPECIFIED
OEB040hbaba,phi4_classify,1,0,,E2-UNSPECIFIED
OEB040hbabc,phi4_classify,1,0,,E2-UNSPECIFIED
OEB040hbbba,phi4_classify,1,0,,E2-UNSPECIFIED
OEB040hbbbc,phi4_classify,1,0,,E2-UNSPECIFIED
OEB040hbdbc,phi4_classify,1,0,,E2-UNSPECIFIED
OEB040hbecb,phi4_classify,0,1,E2-PARTIAL_EXTRACT,
OEB040hbecc,phi4_classify,0,1,E2-PARTIAL_EXTRACT,
OEB040hbedb,phi4_classify,0,1,E2-PARTIAL_EXTRACT,
OEB040hbedc,phi4_classify,0,1,E2-PARTIAL_EXTRACT,
OEB040hbfba,phi4_classify,1,0,,E2-UNSPECIFIED
OEB040hbfbb,phi4_classify,1,0,,E2-UNSPECIFIED
OEB040hcabb,phi4_classify,1,0,,E2-UNSPECIFIED
OEB040hcabc,phi4_classify,1,0,,E2-UNSPECIFIED
OEB040hcbba,phi4_classify,1,0,,E2-UNSPECIFIED
OEB040hccba,phi4_classify,1,0,,E2-UNSPECIFIED
OEB040hcdba,phi4_classify,1,0,,E2-UNSPECIFIED
OEB040hcdbb,phi4_classify,1,0,,E2-UNSPECIFIED
OEB040hceac,phi4_classify,0,1,E2-PARTIAL_EXTRACT,
OEB040hceca,phi4_classify,0,1,E2-PARTIAL_EXTRACT,
OEB040hdabb,phi4_classify,1,0,,E2-UNSPECIFIED
OEB040hdabc,phi4_classify,1,0,,E2-UNSPECIFIED
OEB040hdbbb,phi4_classify,1,0,,E2-UNSPECIFIED
OEB040hdcbc,phi4_classify,1,0,,E2-UNSPECIFIED
OEB040hdeaa,phi4_classify,0,1,E2-PARTIAL_EXTRACT,
OEB040hdeab,phi4_classify,0,1,E2-PARTIAL_EXTRACT,
OEB040hdeda,phi4_classify,0,1,E2-PARTIAL_EXTRACT,
OEB040hdedc,phi4_classify,0,1,E2-PARTIAL_EXTRACT,
OEB040hdfba,phi4_classify,1,0,,E2-UNSPECIFIED
OEB040hdfbb,phi4_classify,1,0,,E2-UNSPECIFIED
OEB040heabb,phi4_classify,1,0,,E2-UNSPECIFIED
OEB040hebba,phi4_classify,1,0,,E2-UNSPECIFIED
OEB040hebbb,phi4_classify,1,0,,E2-UNSPECIFIED
OEB040hecbc,phi4_classify,1,0,,E2-UNSPECIFIED
OEB040heeab,phi4_classify,0,1,E2-PARTIAL_EXTRACT,
OEB040heedc,phi4_classify,0,1,E2-PARTIAL_EXTRACT,
OEB040hefbc,phi4_classify,1,0,,E2-UNSPECIFIED
OEB040hfabc,phi4_classify,1,0,,E2-UNSPECIFIED
OEB040hfcba,phi4_classify,1,0,,E2-UNSPECIFIED
OEB040hfcbb,phi4_classify,1,0,,E2-UNSPECIFIED
OEB040hfdba,phi4_classify,1,0,,E2-UNSPECIFIED
OEB040hfdbb,phi4_classify,1,0,,E2-UNSPECIFIED
OEB040hfeab,phi4_classify,0,1,E2-PARTIAL_EXTRACT,
OEB040hfeac,phi4_classify,0,1,E2-PARTIAL_EXTRACT,
OEB040hfeda,phi4_classify,0,1,E2-PARTIAL_EXTRACT,
OEB040hffbb,phi4_classify,1,0,,E2-UNSPECIFIED
OEB040hgaba,phi4_classify,1,0,,E2-UNSPECIFIED
OEB040hgabc,phi4_classify,1,0,,E2-UNSPECIFIED
OEB040hgbbc,phi4_classify,1,0,,E2-UNSPECIFIED
OEB040hgdbb,phi4_classify,1,0,,E2-UNSPECIFIED
OEB040hgeca,phi4_classify,0,1,E2-PARTIAL_EXTRACT,
OEB040hgecb,phi4_classify,0,1,E2-PARTIAL_EXTRACT,
OEB040hgecc,phi4_classify,0,1,E2-PARTIAL_EXTRACT,
OEB040hgeda,phi4_classify,0,1,E2-PARTIAL_EXTRACT,
OEB040hgedb,phi4_classify,0,1,E2-PARTIAL_EXTRACT,
OEB040hhaba,phi4_classify,1,0,,E2-UNSPECIFIED
OEB040hhcbb,phi4_classify,1,0,,E2-UNSPECIFIED
OEB040hhdba,phi4_classify,1,0,,E2-UNSPECIFIED
OEB040hhdbb,phi4_classify,1,0,,E2-UNSPECIFIED
OEB040hhdbc,phi4_classify,1,0,,E2-UNSPECIFIED
OEB040hhecb,phi4_classify,0,1,E2-PARTIAL_EXTRACT,
OEB040hheda,phi4_classify,0,1,E2-PARTIAL_EXTRACT,
OEB040hhedc,phi4_classify,0,1,E2-PARTIAL_EXTRACT,
OEB040hhfba,phi4_classify,1,0,,E2-UNSPECIFIED
OEB040iacba,phi4_classify,1,0,,E2-UNSPECIFIED
OEB040iacbc,phi4_classify,1,0,,E2-UNSPECIFIED
OEB040iadbb,phi4_classify,1,0,,E2-UNSPECIFIED
OEB040iaeaa,phi4_classify,0,1,E2-PARTIAL_EXTRACT,
OEB040iaecb,phi4_classify,0,1,E2-PARTIAL_EXTRACT,
OEB040iafba,phi4_classify,1,0,,E2-UNSPECIFIED
OEB040ibabc,phi4_classify,1,0,,E2-UNSPECIFIED
OEB040ibcbb,phi4_classify,1,0,,E2-UNSPECIFIED
OEB040ibcbc,phi4_classify,1,0,,E2-UNSPECIFIED
OEB040ibdba,phi4_classify,1,0,,E2-UNSPECIFIED
OEB040ibeda,phi4_classify,0,1,E2-PARTIAL_EXTRACT,
OEB040ibfbb,phi4_classify,1,0,,E2-UNSPECIFIED
OEB040icabc,phi4_classify,1,0,,E2-UNSPECIFIED
OEB040icbbc,phi4_classify,1,0,,E2-UNSPECIFIED
OEB040iccbb,phi4_classify,1,0,,E2-UNSPECIFIED
OEB040iccbc,phi4_classify,1,0,,E2-UNSPECIFIED
OEB040icecb,phi4_classify,0,1,E2-PARTIAL_EXTRACT,
OEB040iceda,phi4_classify,0,1,E2-PARTIAL_EXTRACT,
OEB040idaba,phi4_classify,1,0,,E2-UNSPECIFIED
OEB040idbba,phi4_classify,1,0,,E2-UNSPECIFIED
OEB040idcba,phi4_classify,1,0,,E2-UNSPECIFIED
OEB040idcbb,phi4_classify,1,0,,E2-UNSPECIFIED
OEB040idcbc,phi4_classify,1,0,,E2-UNSPECIFIED
OEB040iddba,phi4_classify,1,0,,E2-UNSPECIFIED
OEB040idecc,phi4_classify,0,1,E2-PARTIAL_EXTRACT,
OEB040idfba,phi4_classify,1,0,,E2-UNSPECIFIED
OEB040idfbc,phi4_classify,1,0,,E2-UNSPECIFIED
OEB040iecba,phi4_classify,1,0,,E2-UNSPECIFIED
OEB040iedba,phi4_classify,1,0,,E2-UNSPECIFIED
OEB040ieeac,phi4_classify,0,1,E2-PARTIAL_EXTRACT,
OEB040ieecc,phi4_classify,0,1,E2-PARTIAL_EXTRACT,
OEB040ieedc,phi4_classify,0,1,E2-PARTIAL_EXTRACT,
OEB040iefbb,phi4_classify,1,0,,E2-UNSPECIFIED
OEB040ifbbb,phi4_classify,1,0,,E2-UNSPECIFIED
OEB040ifcbc,phi4_classify,1,0,,E2-UNSPECIFIED
OEB040ifdbb,phi4_classify,1,0,,E2-UNSPECIFIED
OEB040ifdbc,phi4_classify,1,0,,E2-UNSPECIFIED
OEB040ifeaa,phi4_classify,0,1,E2-PARTIAL_EXTRACT,
OEB040ifeac,phi4_classify,0,1,E2-PARTIAL_EXTRACT,
OEB040ifeca,phi4_classify,0,1,E2-PARTIAL_EXTRACT,
OEB040ifecb,phi4_classify,0,1,E2-PARTIAL_EXTRACT,
OEB040igbbc,phi4_classify,1,0,,E2-UNSPECIFIED
OEB040igcbb,phi4_classify,1,0,,E2-UNSPECIFIED
OEB040igcbc,phi4_classify,1,0,,E2-UNSPECIFIED
OEB040igdba,phi4_classify,1,0,,E2-UNSPECIFIED
OEB040igeaa,phi4_classify,0,1,E2-PARTIAL_EXTRACT,
OEB040igeab,phi4_classify,0,1,E2-PARTIAL_EXTRACT,
OEB040ihaba,phi4_classify,1,0,,E2-UNSPECIFIED
OEB040ihabc,phi4_classify,1,0,,E2-UNSPECIFIED
OEB040ihbba,phi4_classify,1,0,,E2-UNSPECIFIED
OEB040ihdba,phi4_classify,1,0,,E2-UNSPECIFIED
OEB040ihdbb,phi4_classify,1,0,,E2-UNSPECIFIED
OEB040ihdbc,phi4_classify,1,0,,E2-UNSPECIFIED
OEB040iheab,phi4_classify,0,1,E2-PARTIAL_EXTRACT,
OEB040iheac,phi4_classify,0,1,E2-PARTIAL_EXTRACT,
OEB040ihedb,phi4_classify,0,1,E2-PARTIAL_EXTRACT,
OEB040ihedc,phi4_classify,0,1,E2-PARTIAL_EXTRACT,
OEB040jabbb,phi4_classify,1,0,,E2-UNSPECIFIED
OEB040jacbb,phi4_classify,1,0,,E2-UNSPECIFIED
OEB040jadba,phi4_classify,1,0,,E2-UNSPECIFIED
OEB040jaeac,phi4_classify,0,1,E2-PARTIAL_EXTRACT,
OEB040jaecb,phi4_classify,0,1,E2-PARTIAL_EXTRACT,
OEB040jbbba,phi4_classify,1,0,,E2-UNSPECIFIED
OEB040jbbbc,phi4_classify,1,0,,E2-UNSPECIFIED
OEB040jbcbc,phi4_classify,1,0,,E2-UNSPECIFIED
OEB040jbeaa,phi4_classify,0,1,E2-PARTIAL_EXTRACT,
OEB040jbeac,phi4_classify,0,1,E2-PARTIAL_EXTRACT,
OEB040jbecc,phi4_classify,0,1,E2-PARTIAL_EXTRACT,
OEB040jbeda,phi4_classify,0,1,E2-PARTIAL_EXTRACT,
OEB040jbedb,phi4_classify,0,1,E2-PARTIAL_EXTRACT,
OEB040jbfba,phi4_classify,1,0,,E2-UNSPECIFIED
OEB040jcaba,phi4_classify,1,0,,E2-UNSPECIFIED
OEB040jcabb,phi4_classify,1,0,,E2-UNSPECIFIED
OEB040jcabc,phi4_classify,1,0,,E2-UNSPECIFIED
OEB040jcbba,phi4_classify,1,0,,E2-UNSPECIFIED
OEB040jcbbc,phi4_classify,1,0,,E2-UNSPECIFIED
OEB040jcdba,phi4_classify,1,0,,E2-UNSPECIFIED
OEB040jcdbb,phi4_classify,1,0,,E2-UNSPECIFIED
OEB040jceaa,phi4_classify,0,1,E2-PARTIAL_EXTRACT,
OEB040jceab,phi4_classify,0,1,E2-PARTIAL_EXTRACT,
OEB040jceca,phi4_classify,0,1,E2-PARTIAL_EXTRACT,
OEB040jcecb,phi4_classify,0,1,E2-PARTIAL_EXTRACT,
OEB040jcedb,phi4_classify,0,1,E2-PARTIAL_EXTRACT,
OEB040jcfbc,phi4_classify,1,0,,E2-UNSPECIFIED
OEB040jdabb,phi4_classify,1,0,,E2-UNSPECIFIED
OEB040jdbba,phi4_classify,1,0,,E2-UNSPECIFIED
OEB040jdbbc,phi4_classify,1,0,,E2-UNSPECIFIED
OEB040jdcbc,phi4_classify,1,0,,E2-UNSPECIFIED
OEB040jddbc,phi4_classify,1,0,,E2-UNSPECIFIED
OEB040jdeca,phi4_classify,0,1,E2-PARTIAL_EXTRACT,
OEB040jdecc,phi4_classify,0,1,E2-PARTIAL_EXTRACT,
OEB040jdeda,phi4_classify,0,1,E2-PARTIAL_EXTRACT,
OEB040jdedb,phi4_classify,0,1,E2-PARTIAL_EXTRACT,
OEB040jdedc,phi4_classify,0,1,E2-PARTIAL_EXTRACT,
OEB040jdfba,phi4_classify,1,0,,E2-UNSPECIFIED
OEB040jdfbb,phi4_classify,1,0,,E2-UNSPECIFIED
OEB040jeaba,phi4_classify,1,0,,E2-UNSPECIFIED
OEB040jebbc,phi4_classify,1,0,,E2-UNSPECIFIED
OEB040jecbc,phi4_classify,1,0,,E2-UNSPECIFIED
OEB040jeeab,phi4_classify,0,1,E2-PARTIAL_EXTRACT,
OEB040jeedb,phi4_classify,0,1,E2-PARTIAL_EXTRACT,
OEB040jefba,phi4_classify,1,0,,E2-UNSPECIFIED
OEB040jfabb,phi4_classify,1,0,,E2-UNSPECIFIED
OEB040jfabc,phi4_classify,1,0,,E2-UNSPECIFIED
OEB040jfbbb,phi4_classify,1,0,,E2-UNSPECIFIED
OEB040jfdba,phi4_classify,1,0,,E2-UNSPECIFIED
OEB040jfeda,phi4_classify,0,1,E2-PARTIAL_EXTRACT,
OEB040jffbb,phi4_classify,1,0,,E2-UNSPECIFIED
OEB040jgaba,phi4_classify,1,0,,E2-UNSPECIFIED
OEB040jgbbb,phi4_classify,1,0,,E2-UNSPECIFIED
OEB040jgdba,phi4_classify,1,0,,E2-UNSPECIFIED
OEB040jgdbb,phi4_classify,1,0,,E2-UNSPECIFIED
OEB040jgeda,phi4_classify,0,1,E2-PARTIAL_EXTRACT,
OEB040jhabc,phi4_classify,1,0,,E2-UNSPECIFIED
OEB040jhbbb,phi4_classify,1,0,,E2-UNSPECIFIED
OEB040jhdbb,phi4_classify,1,0,,E2-UNSPECIFIED
OEB040jheda,phi4_classify,0,1,E2-PARTIAL_EXTRACT,
OEB040jhfbb,phi4_classify,1,0,,E2-UNSPECIFIED
OEB040kaabb,phi4_classify,1,0,,E2-UNSPECIFIED
OEB040kabbc,phi4_classify,1,0,,E2-UNSPECIFIED
OEB040kacba,phi4_classify,1,0,,E2-UNSPECIFIED
OEB040kacbb,phi4_classify,1,0,,E2-UNSPECIFIED
OEB040kacbc,phi4_classify,1,0,,E2-UNSPECIFIED
OEB040kaeca,phi4_classify,0,1,E2-PARTIAL_EXTRACT,
OEB040kaedb,phi4_classify,0,1,E2-PARTIAL_EXTRACT,
OEB040kaedc,phi4_classify,0,1,E2-PARTIAL_EXTRACT,
OEB040kafba,phi4_classify,1,0,,E2-UNSPECIFIED
OEB040kbaba,phi4_classify,1,0,,E2-UNSPECIFIED
OEB040kbabb,phi4_classify,1,0,,E2-UNSPECIFIED
OEB040kbbbb,phi4_classify,1,0,,E2-UNSPECIFIED
OEB040kbbbc,phi4_classify,1,0,,E2-UNSPECIFIED
OEB040kbcbb,phi4_classify,1,0,,E2-UNSPECIFIED
OEB040kbcbc,phi4_classify,1,0,,E2-UNSPECIFIED
OEB040kbeaa,phi4_classify,0,1,E2-PARTIAL_EXTRACT,
OEB040kbecb,phi4_classify,0,1,E2-PARTIAL_EXTRACT,
OEB040kbedb,phi4_classify,0,1,E2-PARTIAL_EXTRACT,
OEB040kcabb,phi4_classify,1,0,,E2-UNSPECIFIED
OEB040kcabc,phi4_classify,1,0,,E2-UNSPECIFIED
OEB040kcbbc,phi4_classify,1,0,,E2-UNSPECIFIED
OEB040kceaa,phi4_classify,0,1,E2-PARTIAL_EXTRACT,
OEB040kceac,phi4_classify,0,1,E2-PARTIAL_EXTRACT,
OEB040kcecb,phi4_classify,0,1,E2-PARTIAL_EXTRACT,
OEB040kcecc,phi4_classify,0,1,E2-PARTIAL_EXTRACT,
OEB040kcfba,phi4_classify,1,0,,E2-UNSPECIFIED
OEB040kcfbb,phi4_classify,1,0,,E2-UNSPECIFIED
OEB040kdaba,phi4_classify,1,0,,E2-UNSPECIFIED
OEB040kdbba,phi4_classify,1,0,,E2-UNSPECIFIED
OEB040kdbbb,phi4_classify,1,0,,E2-UNSPECIFIED
OEB040kdcbb,phi4_classify,1,0,,E2-UNSPECIFIED
OEB040kdeab,phi4_classify,0,1,E2-PARTIAL_EXTRACT,
OEB040kdecb,phi4_classify,0,1,E2-PARTIAL_EXTRACT,
OEB040kdedb,phi4_classify,0,1,E2-PARTIAL_EXTRACT,
OEB040kdfbb,phi4_classify,1,0,,E2-UNSPECIFIED
OEB040kdfbc,phi4_classify,1,0,,E2-UNSPECIFIED
OEB040kebbb,phi4_classify,1,0,,E2-UNSPECIFIED
OEB040kecba,phi4_classify,1,0,,E2-UNSPECIFIED
OEB040kecbc,phi4_classify,1,0,,E2-UNSPECIFIED
OEB040kedba,phi4_classify,1,0,,E2-UNSPECIFIED
OEB040kedbb,phi4_classify,1,0,,E2-UNSPECIFIED
OEB040kedbc,phi4_classify,1,0,,E2-UNSPECIFIED
OEB040keecc,phi4_classify,0,1,E2-PARTIAL_EXTRACT,
OEB040kefbc,phi4_classify,1,0,,E2-UNSPECIFIED
OEB040kfabb,phi4_classify,1,0,,E2-UNSPECIFIED
OEB040kfbbc,phi4_classify,1,0,,E2-UNSPECIFIED
OEB040kfcba,phi4_classify,1,0,,E2-UNSPECIFIED
OEB040kfdba,phi4_classify,1,0,,E2-UNSPECIFIED
OEB040kfdbb,phi4_classify,1,0,,E2-UNSPECIFIED
OEB040kfeac,phi4_classify,0,1,E2-PARTIAL_EXTRACT,
OEB040kfeca,phi4_classify,0,1,E2-PARTIAL_EXTRACT,
OEB040kfedc,phi4_classify,0,1,E2-PARTIAL_EXTRACT,
OEB040kgcbc,phi4_classify,1,0,,E2-UNSPECIFIED
OEB040kgdba,phi4_classify,1,0,,E2-UNSPECIFIED
OEB040kgeaa,phi4_classify,0,1,E2-PARTIAL_EXTRACT,
OEB040kgeab,phi4_classify,0,1,E2-PARTIAL_EXTRACT,
OEB040kgeac,phi4_classify,0,1,E2-PARTIAL_EXTRACT,
OEB040kgeca,phi4_classify,0,1,E2-PARTIAL_EXTRACT,
OEB040kgecc,phi4_classify,0,1,E2-PARTIAL_EXTRACT,
OEB040kgedb,phi4_classify,0,1,E2-PARTIAL_EXTRACT,
OEB040khbbb,phi4_classify,1,0,,E2-UNSPECIFIED
OEB040khdbc,phi4_classify,1,0,,E2-UNSPECIFIED
OEB040kheca,phi4_classify,0,1,E2-PARTIAL_EXTRACT,
OEB040khecb,phi4_classify,0,1,E2-PARTIAL_EXTRACT,
OEB040khfba,phi4_classify,1,0,,E2-UNSPECIFIED
OEB040khfbc,phi4_classify,1,0,,E2-UNSPECIFIED
OEB070acbb,phi4_classify,1,0,,E2-UNSPECIFIED
OEB070adba,phi4_classify,1,0,,E2-UNSPECIFIED
OEB070aeab,phi4_classify,0,1,E2-PARTIAL_EXTRACT,
OEB070aecb,phi4_classify,0,1,E2-PARTIAL_EXTRACT,
OEB070afbb,phi4_classify,1,0,,E2-UNSPECIFIED
OEB070babc,phi4_classify,1,0,,E2-UNSPECIFIED
OEB070bbbc,phi4_classify,1,0,,E2-UNSPECIFIED
OEB070bcba,phi4_classify,1,0,,E2-UNSPECIFIED
OEB070bcbb,phi4_classify,1,0,,E2-UNSPECIFIED
OEB070bcbc,phi4_classify,1,0,,E2-UNSPECIFIED
OEB070beaa,phi4_classify,0,1,E2-PARTIAL_EXTRACT,
OEB070beac,phi4_classify,0,1,E2-PARTIAL_EXTRACT,
OEB070becb,phi4_classify,0,1,E2-PARTIAL_EXTRACT,
OEB070beda,phi4_classify,0,1,E2-PARTIAL_EXTRACT,
OEB070bedb,phi4_classify,0,1,E2-PARTIAL_EXTRACT,
OEB070bfba,phi4_classify,1,0,,E2-UNSPECIFIED
OEB100bca,phi4_classify,1,0,,E2-UNSPECIFIED
OEB100bcb,phi4_classify,1,0,,E2-UNSPECIFIED
OEB100bda,phi4_classify,1,0,,E2-UNSPECIFIED
OEB130ada,phi4_classify,1,0,,E2-UNSPECIFIED
OEB180eab,phi4_classify,1,0,,E2-UNSPECIFIED
OEB250aaacb,phi4_classify,0,1,E2-PARTIAL_EXTRACT,
OEB250aaadb,phi4_classify,0,1,E2-PARTIAL_EXTRACT,
OEB250aabab,phi4_classify,0,1,E2-PARTIAL_EXTRACT,
OEB250aabbb,phi4_classify,0,1,E2-PARTIAL_EXTRACT,
OEB250aabec,phi4_classify,0,1,E2-PARTIAL_EXTRACT,
OEB250aacbb,phi4_classify,0,1,E2-PARTIAL_EXTRACT,
OEB250aacca,phi4_classify,0,1,E2-PARTIAL_EXTRACT,
OEB250aaccc,phi4_classify,0,1,E2-PARTIAL_EXTRACT,
OEB250ababb,phi4_classify,0,1,E2-PARTIAL_EXTRACT,
OEB250abacb,phi4_classify,0,1,E2-PARTIAL_EXTRACT,
OEB250abaec,phi4_classify,1,0,,E2-UNSPECIFIED
OEB250abbbb,phi4_classify,0,1,E2-PARTIAL_EXTRACT,
OEB250abbcb,phi4_classify,0,1,E2-PARTIAL_EXTRACT,
OEB250abbdb,phi4_classify,0,1,E2-PARTIAL_EXTRACT,
OEB250abbeb,phi4_classify,0,1,E2-PARTIAL_EXTRACT,
OEB250abcab,phi4_classify,0,1,E2-PARTIAL_EXTRACT,
OEB250abcbc,phi4_classify,0,1,E2-PARTIAL_EXTRACT,
OEB250abcdb,phi4_classify,0,1,E2-PARTIAL_EXTRACT,
OEB250abcdc,phi4_classify,0,1,E2-PARTIAL_EXTRACT,
OEB250abceb,phi4_classify,0,1,E2-PARTIAL_EXTRACT,
OEB250acaea,phi4_classify,1,0,,E2-UNSPECIFIED
OEB250acbab,phi4_classify,0,1,E2-PARTIAL_EXTRACT,
OEB250acbcb,phi4_classify,0,1,E2-PARTIAL_EXTRACT,
OEB250acbdb,phi4_classify,0,1,E2-PARTIAL_EXTRACT,
OEB250accba,phi4_classify,0,1,E2-PARTIAL_EXTRACT,
OEB250accbc,phi4_classify,0,1,E2-PARTIAL_EXTRACT,
OEB250accca,phi4_classify,0,1,E2-PARTIAL_EXTRACT,
OEB250acccb,phi4_classify,0,1,E2-PARTIAL_EXTRACT,
OEB250acccc,phi4_classify,0,1,E2-PARTIAL_EXTRACT,
OEB250baabb,phi4_classify,0,1,E2-PARTIAL_EXTRACT,
OEB250baaec,phi4_classify,1,0,,E2-UNSPECIFIED
OEB250babab,phi4_classify,0,1,E2-PARTIAL_EXTRACT,
OEB250babeb,phi4_classify,0,1,E2-PARTIAL_EXTRACT,
OEB250babec,phi4_classify,0,1,E2-PARTIAL_EXTRACT,
OEB250bacbc,phi4_classify,0,1,E2-PARTIAL_EXTRACT,
OEB250baccb,phi4_classify,0,1,E2-PARTIAL_EXTRACT,
OEB250baccc,phi4_classify,0,1,E2-PARTIAL_EXTRACT,
OEB250bacdc,phi4_classify,0,1,E2-PARTIAL_EXTRACT,
OEB250bbaab,phi4_classify,0,1,E2-PARTIAL_EXTRACT,
OEB250bbabb,phi4_classify,0,1,E2-PARTIAL_EXTRACT,
OEB250bbacb,phi4_classify,0,1,E2-PARTIAL_EXTRACT,
OEB250bbaea,phi4_classify,1,0,,E2-UNSPECIFIED
OEB250bbbcb,phi4_classify,0,1,E2-PARTIAL_EXTRACT,
OEB250bbcba,phi4_classify,0,1,E2-PARTIAL_EXTRACT,
OEB250bbcbb,phi4_classify,0,1,E2-PARTIAL_EXTRACT,
OEB250bbcda,phi4_classify,0,1,E2-PARTIAL_EXTRACT,
OEB250bcaab,phi4_classify,0,1,E2-PARTIAL_EXTRACT,
OEB250bcabb,phi4_classify,0,1,E2-PARTIAL_EXTRACT,
OEB250bcadb,phi4_classify,0,1,E2-PARTIAL_EXTRACT,
OEB250bcaec,phi4_classify,1,0,,E2-UNSPECIFIED
OEB250bcbea,phi4_classify,0,1,E2-PARTIAL_EXTRACT,
OEB250bcbeb,phi4_classify,0,1,E2-PARTIAL_EXTRACT,
OEB250bccba,phi4_classify,0,1,E2-PARTIAL_EXTRACT,
OEB250bccbc,phi4_classify,0,1,E2-PARTIAL_EXTRACT,
OEB250bccca,phi4_classify,0,1,E2-PARTIAL_EXTRACT,
OEB250bcccc,phi4_classify,0,1,E2-PARTIAL_EXTRACT,
OEB250bcceb,phi4_classify,0,1,E2-PARTIAL_EXTRACT,
